Month,MSKU,Product Name,Category,units_sold,revenue,returns_units,returns_amount,net_revenue,avg_price
2024-01,10653,RAKK Matik USB Gaming Headset LED Illuminated,AUDIO,3.0,945.0,0.0,0.0,945.0,315.0
2024-01,10952,EPOS Sennheiser Impact SC 260 ED Headset,AUDIO,1.0,1320.0,0.0,0.0,1320.0,1320.0
2024-01,10991,Logitech G PRO X Wired 7.1 Gaming Headset,AUDIO,1.0,4550.0,0.0,0.0,4550.0,4550.0
2024-01,10993,Logitech G PRO X Wired 7.1 Gaming Headset (League of Legends Edition),AUDIO,4.0,18200.0,0.0,0.0,18200.0,4550.0
2024-01,11507,Accutone UB210 Noise Cancelling Headset Black,AUDIO,2.0,3100.0,0.0,0.0,3100.0,1550.0
2024-01,11508,Accutone Sonar 280 Wireless & Wired Noise Cancelling Headset Black,AUDIO,3.0,6180.0,0.0,0.0,6180.0,2060.0
2024-01,11509,Accutone Converse 95 Noise Cancelling Headset Black,AUDIO,5.0,11600.0,0.0,0.0,11600.0,2320.0
2024-01,11510,Accutone Nexus 2000 MagSafe Speaker Blue,AUDIO,2.0,2500.0,0.0,0.0,2500.0,1250.0
2024-01,11512,Accutone Nexus 2000 MagSafe Speaker Pink,AUDIO,4.0,5000.0,0.0,0.0,5000.0,1250.0
2024-01,11612,Accutone UB101 Stereo USB Headset Black,AUDIO,3.0,1035.0,0.0,0.0,1035.0,345.0
2024-01,7652,RAKK SONIDO 7.1 Virtual Surround RGB Gaming Headset USB Black,AUDIO,4.0,3980.0,0.0,0.0,3980.0,995.0
2024-01,8581,Edifier W820NB Plus Active Noice Cancellation Bluetooth Stereo Wireless Headset Ivory,AUDIO,2.0,3700.0,0.0,0.0,3700.0,1850.0
2024-01,7824,Hikvision E-HWID 2.8MM Eco-HiWatch 2.mm IR Dome E-HWID,CAMERA,8.0,11600.0,0.0,0.0,11600.0,1450.0
2024-01,78,A4Tech KRS-8572 Usb Keyboard and Mouse Black,COMBO,52.0,26520.0,0.0,0.0,26520.0,510.0
2024-01,9301,RAKK APTAS ILLUMINATED / Membrane Keyboard and Mouse / No software / Rainbow lighting / Black,COMBO,37.0,10545.0,0.0,0.0,10545.0,285.0
2024-01,10370,DarkFlash Infinity 34 3in1 ARGB Chassis Fan Black,COOLING,9.0,10350.0,0.0,0.0,10350.0,1150.0
2024-01,10373,DarkFlash Infinity 34 Single ARGB Chassis Fan White,COOLING,4.0,1680.0,0.0,0.0,1680.0,420.0
2024-01,10386,MSI MAG COREFROZR AA13 ARGB CPU Air Cooler black,COOLING,8.0,9560.0,0.0,0.0,9560.0,1195.0
2024-01,10590,YGT Cyber-120IFB 3in1 ARGB Chassis Fan Black,COOLING,11.0,6050.0,0.0,0.0,6050.0,550.0
2024-01,10743,NZXT F120 RGB Duo Triple Pack (RF-D12TF-W1) with RGB Controller Chassis Fan White,COOLING,11.0,16500.0,0.0,0.0,16500.0,1500.0
2024-01,10839,CoolerMaster Hyper 212 3DHP ARGB CPU Air Cooler Black,COOLING,10.0,13950.0,0.0,0.0,13950.0,1395.0
2024-01,10858,DarkFlash E400 Plus Matrix Display CPU Air Cooler White,COOLING,12.0,19800.0,0.0,0.0,19800.0,1650.0
2024-01,10930,CoolerMaster MasterLiquid 240L Core Liquid Cooling Black,COOLING,11.0,40700.0,0.0,0.0,40700.0,3700.0
2024-01,10966,CoolerMaster V4 Alpha 3DHP CPU Air Cooler Black,COOLING,7.0,13265.0,0.0,0.0,13265.0,1895.0
2024-01,10990,BeQuiet Silent Wings 4 (BL094) 120mm PWM High Speed Single Chassis Fan Black,COOLING,15.0,18000.0,0.0,0.0,18000.0,1200.0
2024-01,11005,Asus AR120 ARGB PWM Single Chassis Fan Black,COOLING,5.0,750.0,0.0,0.0,750.0,150.0
2024-01,11159,Jungle Leopard Chill Arc 360mm ARGB Liquid Cooling Black,COOLING,10.0,109500.0,0.0,0.0,109500.0,10950.0
2024-01,11160,Jungle Leopard Chill Arc 360mm ARGB Liquid Cooling White,COOLING,12.0,135540.0,0.0,0.0,135540.0,11295.0
2024-01,11216,CoolerMaster MasterLiquid Core Nex 360 ARGB CPU Liquid Cooler Black,COOLING,13.0,57850.0,0.0,0.0,57850.0,4450.0
2024-01,6174,Deepcool TW-003 CPU Air Cooler,COOLING,5.0,2000.0,0.0,0.0,2000.0,400.0
2024-01,7,AMD Stock Heatsink Fan,COOLING,10.0,1400.0,0.0,0.0,1400.0,140.0
2024-01,7501,DarkFlash DM12 F Single ARGB Chassis Fan Black,COOLING,5.0,1175.0,0.0,0.0,1175.0,235.0
2024-01,7502,DarkFlash DM12 F Single ARGB Chassis Fan White,COOLING,10.0,2850.0,0.0,0.0,2850.0,285.0
2024-01,7505,DarkFlash Infinity24 Single ARGB Chassis Fan Black,COOLING,16.0,4560.0,0.0,0.0,4560.0,285.0
2024-01,9737,MSI MAG Coreliquid A13 240 CPU Liquid Cooler Black,COOLING,6.0,21900.0,0.0,0.0,21900.0,3650.0
2024-01,9835,MSI MAG Coreliquid A13 360 CPU Liquid Cooler Black,COOLING,21.0,89880.0,0.0,0.0,89880.0,4280.0
2024-01,9836,MSI MAG Coreliquid A13 360 CPU Liquid Cooler White,COOLING,14.0,57960.0,0.0,0.0,57960.0,4140.0
2024-01,10425,"ViewSonic VA24G1-H 24"" FHD 144Hz IPS Monitor",DISPLAY,6.0,24900.0,0.0,0.0,24900.0,4150.0
2024-01,10540,"ASUS ROG Strix XG27ACMES 27"" QHD 255Hz-OC Fast IPS Monitor",DISPLAY,7.0,111965.0,0.0,0.0,111965.0,15995.0
2024-01,10711,"ASUS TUF Gaming Series 5 VG259QMR5A 24.5"" FHD 310Hz(OC) Fast-IPS Monitor",DISPLAY,5.0,47475.0,0.0,0.0,47475.0,9495.0
2024-01,10836,"AOC 24G11ZE 23.8"" 240Hz OC FHD Fast IPS Monitor",DISPLAY,5.0,32975.0,0.0,0.0,32975.0,6595.0
2024-01,10918,"Philips 24E2G2200 23.8"" 144Hz IPS FHD Monitor",DISPLAY,13.0,54535.0,0.0,0.0,54535.0,4195.0
2024-01,10919,"Philips 27E2G2200 27"" 144Hz IPS FHD Monitor",DISPLAY,12.0,71940.0,0.0,0.0,71940.0,5995.0
2024-01,10940,"MSI MAG 245F X24 23.8"" 240Hz FHD Rapid IPS Monitor",DISPLAY,16.0,103200.0,0.0,0.0,103200.0,6450.0
2024-01,10941,"MSI MAG 272F X24 27"" 240Hz FHD Rapid IPS Monitor",DISPLAY,8.0,71600.0,0.0,0.0,71600.0,8950.0
2024-01,11074,"AOC 24B36XE 23.8"" FHD 144Hz IPS Monitor",DISPLAY,6.0,25500.0,0.0,0.0,25500.0,4250.0
2024-01,11127,"Nvision N2455GT-B 23.8"" FHD 144Hz IPS Monitor",DISPLAY,10.0,39500.0,0.0,0.0,39500.0,3950.0
2024-01,11151,"MSI MAG 275QF E20 27"" WQHD 200Hz Rapid IPS Monitor",DISPLAY,11.0,126500.0,0.0,0.0,126500.0,11500.0
2024-01,11208,"Gamdias Atlas HD24IF IV 23.8"" 240Hz FHD Fast IPS Monitor Black",DISPLAY,13.0,76310.0,0.0,0.0,76310.0,5870.0
2024-01,11258,"AOC Q27G4SL/WS 27"" QHD 320Hz Fast IPS HDR 400 Monitor",DISPLAY,10.0,138000.0,0.0,0.0,138000.0,13800.0
2024-01,11472,"MSI PRO MP251 E14L 24.5"" 144HZ FHD IPS Monitor",DISPLAY,4.0,17300.0,0.0,0.0,17300.0,4325.0
2024-01,11473,"Asus TUF Gaming VG259QM5A 24.5"" 240Hz IPS Gaming Monitor",DISPLAY,6.0,47370.0,0.0,0.0,47370.0,7895.0
2024-01,11528,"LG 24U411A-B 23.8"" 120Hz FHD IPS Monitor",DISPLAY,13.0,47450.0,0.0,0.0,47450.0,3650.0
2024-01,7785,Nvision N190V8 19' LED Monitor,DISPLAY,7.0,11900.0,0.0,0.0,11900.0,1700.0
2024-01,7786,"Nvision N200V8 20"" LED Monitor",DISPLAY,7.0,12005.0,0.0,0.0,12005.0,1715.0
2024-01,8060,"Nvision H22V8 21.5"" LED Monitor",DISPLAY,6.0,13440.0,0.0,0.0,13440.0,2240.0
2024-01,9904,"Viewsonic VX2479A-HD-PRO 24"" 240Hz FHD 1MS MPRT IPS HDR10 Gaming Monitor",DISPLAY,13.0,82290.0,0.0,0.0,82290.0,6330.0
2024-01,11003,RAKK SUKOG LITE 800x400x3mm Mousepad Black,GAMING SURFACE,25.0,4750.0,0.0,0.0,4750.0,190.0
2024-01,10053,ASUS Dual Nvidia Geforce RTX 3050 OC Edition (DUAL-RTX3050-O6G) 6GB 96-bit GDRR6 Videocard,GRAPHIC CARD,13.0,187850.0,0.0,0.0,187850.0,14450.0
2024-01,10072,MSI Nvidia GeForce RTX 5060 VENTUS 2X OC (G5060-8V2C) 8GB 128-bit GDDR7 Videocard,GRAPHIC CARD,12.0,294000.0,0.0,0.0,294000.0,24500.0
2024-01,10080,Gigabyte Nvidia GeForce RTX 5060 AERO OC (GV-N5060AERO-OC-8GD) 8GB 128-bit GDDR7 Videocard,GRAPHIC CARD,8.0,206000.0,0.0,0.0,206000.0,25750.0
2024-01,10152,MSI GeForce RTX 5070 Ti VENTUS 3X OC (G507T-16V3C) 16GB 256-bit GDDR7 Videocard,GRAPHIC CARD,12.0,791400.0,0.0,0.0,791400.0,65950.0
2024-01,10155,ASUS DUAL GeForce RTX 5060 (DUAL-RTX5060-8G) 8GB 128-bit GDDR7 Videocard,GRAPHIC CARD,23.0,573850.0,0.0,0.0,573850.0,24950.0
2024-01,10206,ASUS Dual RX 7600 EVO OC Edition DUAL-RX7600-O8G-EVO 8GB 128-bit GDDR6 Videocard,GRAPHIC CARD,9.0,206550.0,0.0,0.0,206550.0,22950.0
2024-01,10207,ASUS Prime AMD Radeon RX 9060 XT OC (PRIME-RX9060XT-O16G) 16GB 128-Bit GDDR6 Videocard,GRAPHIC CARD,6.0,209700.0,0.0,0.0,209700.0,34950.0
2024-01,10225,MSI Nvidia GeForce RTX 5060 SHADOW 2X OC (G5060-8S2C) 8GB 128-bit GDDR7 Videocard,GRAPHIC CARD,12.0,299400.0,0.0,0.0,299400.0,24950.0
2024-01,10660,MSI Nvidia GeForce RTX 5050 VENTUS 2X OC (G5050-8V2C) 128-bit GDDR6 Videocard,GRAPHIC CARD,5.0,99750.0,0.0,0.0,99750.0,19950.0
2024-01,11557,ASUS DUAL Nvidia GeForce RTX 5060 Ti OC Edition (DUAL-RTX5060TI-O8G) 8GB 128-bit GDDR7 Videocard,GRAPHIC CARD,14.0,405300.0,0.0,0.0,405300.0,28950.0
2024-01,11591,MSI GeForce RTX 5060 Ventus 2X OC v1 (G5060-8V2CV1) 8GB 128-bit GDDR7 Videocard,GRAPHIC CARD,11.0,282150.0,0.0,0.0,282150.0,25650.0
2024-01,11636,Colorful Nvidia GeForce RTX 3050 6GB V4-V 96-bit GDDR6 Videocard,GRAPHIC CARD,6.0,73500.0,0.0,0.0,73500.0,12250.0
2024-01,8396,MSI GEFORCE RTX 3050 VENTUS 2X OC 6GB 96-bit DDR6 Videocard,GRAPHIC CARD,7.0,99400.0,0.0,0.0,99400.0,14200.0
2024-01,9396,Biostar Rx 580 VA5815RQ82 Dual Cooling Fan 8gb 256bit GDdr5 Gaming Videocard,GRAPHIC CARD,6.0,47700.0,0.0,0.0,47700.0,7950.0
2024-01,9883,Asus Prime AMD Radeon RX 9070 OC (PRIME-RX9070-O16G) 16GB 256-Bit GDDR6 Videocard,GRAPHIC CARD,5.0,239750.0,0.0,0.0,239750.0,47950.0
2024-01,9967,MSI Nvidia GeForce RTX 5070 VENTUS 2X OC 12GB 192-bit GDDR7 Videocard,GRAPHIC CARD,5.0,234750.0,0.0,0.0,234750.0,46950.0
2024-01,11573,Aula S75 Pro RGB Gaming Mechanical Wireless Tri-Mode Keyboard Gradient Pink,KEYBOARD,29.0,71050.0,0.0,0.0,71050.0,2450.0
2024-01,4285,Fantech MAXPOWER MK853 Mechanical Gaming Keyboard White - BLUE Switch,KEYBOARD,18.0,26640.0,0.0,0.0,26640.0,1480.0
2024-01,11464,"MSI Cyborg 15 A13VE-2453PHNN 15.6"" FHD IPS 144Hz Intel Core i5-13420H/8GB DDR5-5200/512GB NVMe SSD PCIe Gen4/RTX 4050 6GD6/Win11 Laptop",LAPTOP GA2,1.0,58995.0,0.0,0.0,58995.0,58995.0
2024-01,9998,"Gigabyte Gaming A16 CMHH2PH893SH 16.0"" WUXGA 165Hz Intel Core i5-13420H/16GB DDR5/512GB 2x M.2 SSD/ RTX 4050 6GB/Win11Laptop",LAPTOP GA2,2.0,125990.0,0.0,0.0,125990.0,62995.0
2024-01,10304,"Gigabyte Gaming A16 3THK3PH893SH 16.0"" WUXGA 165Hz Ryzen7-260/16GB DDR5/512GB 2x M.2 SSD/ RTX 5050 8GD7/Win11 Laptop",LAPTOP GA3,1.0,68995.0,0.0,0.0,68995.0,68995.0
2024-01,11552,"Asus Vivobook Go 15 E1504FA-BQ5585WSM 15.6""FHD IPS Ryzen 5-40/8GB LPDDR5/512GB M.2 NVMe PCIe 3.0 SSD/Win11 Laptop + HS M365",LAPTOP PR2,1.0,39995.0,0.0,0.0,39995.0,39995.0
2024-01,11583,"MSI Modern 14 F3HMG-039PHNN 14.0""FHD IPS Ryzen™ AI 5 330/8GB DDR5-5600/512GB*1 NVMe SSD PCIe Gen4/Win11 Laptop + OFC + Laptop Bag",LAPTOP PR2,1.0,47795.0,0.0,0.0,47795.0,47795.0
2024-01,11461,"MSI Modern 14 F1MG-887PHNN 14.0""FHD IPS Intel Core 7 150U/8GB+8GB DDR4-3200/512GB*1 NVMe SSD PCIe Gen4/Win11 Laptop + OFC + Laptop Bag",LAPTOP PR3,5.0,269975.0,0.0,0.0,269975.0,53995.0
2024-01,11527,"Lenovo V15 G4 ABP 15.6"" FHD Ryzen 7-7730U/8GB DDR4/512GB NVMe SSD/Win11 Pro Laptop SE",LAPTOP PR3,8.0,319960.0,0.0,0.0,319960.0,39995.0
2024-01,11550,"Lenovo V15 G5 IRL 15.6"" Intel Core i5-13420H/16GB DDR5/512GB SSD Laptop/Win11 Laptop SE + Laptop Bag",LAPTOP PR3,1.0,44995.0,0.0,0.0,44995.0,44995.0
2024-01,10286,Lexar LD5S16G56C46ST-BGS 16GB 5600Mhz DDR5 Sodimm Memory,MEMORY,15.0,234000.0,0.0,0.0,234000.0,15600.0
2024-01,10789,Teamgroup Vulcan 16GB 8GBx2 6000Mhz CL38 DDR5 Memory,MEMORY,11.0,159500.0,0.0,0.0,159500.0,14500.0
2024-01,10905,Lexar Ares 8GB LD4U08G32C16LA-RGS 3200Mhz DDR4 RGB Memory Black,MEMORY,17.0,72250.0,0.0,0.0,72250.0,4250.0
2024-01,11052,Biostar Storming V 8GB 3200Mhz DDR4 Memory,MEMORY,8.0,33200.0,0.0,0.0,33200.0,4150.0
2024-01,11185,Crucial 16GB CT16G4SFRA32A 3200Mhz DDR4 Sodimm,MEMORY,16.0,132000.0,0.0,0.0,132000.0,8250.0
2024-01,11327,HKC PC 16gb 3200mhz DDR4 with Heatsink Memory Black,MEMORY,13.0,80535.0,0.0,0.0,80535.0,6195.0
2024-01,11444,FASPEED 8GB 3200Mhz DDR4 with Heatsink Memory,MEMORY,20.0,63000.0,0.0,0.0,63000.0,3150.0
2024-01,11450,HKC PC 8gb 3200mhz DDR4 with Heatsink Memory Black,MEMORY,8.0,27600.0,0.0,0.0,27600.0,3450.0
2024-01,11548,Hiksemi Future 16GB (16x1) HSC516U56C2 5600Mhz CL38 DDR5 Memory Black,MEMORY,20.0,299900.0,0.0,0.0,299900.0,14995.0
2024-01,1372,Ramsta 4gb 1x4 2666mhz Ddr4 Memory,MEMORY,16.0,8000.0,0.0,0.0,8000.0,500.0
2024-01,2489,Ramsta 4gb 1x4 2666mhz Ddr4 Sodimm Memory,MEMORY,16.0,6400.0,0.0,0.0,6400.0,400.0
2024-01,3150,Team Elite TForce Delta 16gb 2x8 3600mhz Ddr4 RGB Memory Black,MEMORY,18.0,164700.0,0.0,0.0,164700.0,9150.0
2024-01,3151,Team Elite TForce Delta 16gb 2x8 3600mhz Ddr4 RGB Memory White,MEMORY,21.0,192150.0,0.0,0.0,192150.0,9150.0
2024-01,4055,Team Elite Plus 8gb 1x8 3200Mhz Ddr4 Memory Black Gold,MEMORY,17.0,80750.0,0.0,0.0,80750.0,4750.0
2024-01,9324,KINGBANK 16GB 1x16 3200mhz DDR4 with Heatsink Memory Silver,MEMORY,11.0,81950.0,0.0,0.0,81950.0,7450.0
2024-01,11579,Y5Plus Intel Core i7 4650U / 8GB DDr3 / 128GB SSD / WIFI 5 DUAL / 4* USB 3.0 / 2* HDMI 2.0 / 1* RJ45 1000Mbps / 1* Type-C / Windows 11 Pro Mini PC,MINI PC,1.0,9950.0,0.0,0.0,9950.0,9950.0
2024-01,9794,"Nvision A24K6-S-i704-1625 Intel i7-4700M 16GB 256GB SSD 23.8"" FHD IPS All in One PC",MINI PC,2.0,33900.0,0.0,0.0,33900.0,16950.0
2024-01,10295,Asus B650M-AYW Wifi DDR5 AMD Motherboard,MOTHERBOARD,14.0,102130.0,0.0,0.0,102130.0,7295.0
2024-01,10296,Asus Prime A520M-K/CSM AM4 AMD Motherboard,MOTHERBOARD,9.0,29655.0,0.0,0.0,29655.0,3295.0
2024-01,10647,ASUS PRIME B850M-A WIFI-CSM Socket AM5 DDR5 Motherboard,MOTHERBOARD,6.0,68970.0,0.0,0.0,68970.0,11495.0
2024-01,10675,MSI B650M GAMING WIFI AM5 DDR5 Motherboard,MOTHERBOARD,19.0,140505.0,0.0,0.0,140505.0,7395.0
2024-01,11556,Gigabyte B550M-K Socket Am4 Ddr4 Motherboard,MOTHERBOARD,21.0,103950.0,0.0,0.0,103950.0,4950.0
2024-01,11558,Asus B760M-AYW WIFI Socket LGA 1700 Ddr4 Motherboard,MOTHERBOARD,15.0,140250.0,0.0,0.0,140250.0,9350.0
2024-01,11593,Gigabyte B860M GAMING X WIFI6E LGA1851 Socket Ddr5 Motherboard,MOTHERBOARD,14.0,169330.0,0.0,0.0,169330.0,12095.0
2024-01,2756,MSI B550M Pro VDH Wifi Socket Am4 Ddr4 Motherboard,MOTHERBOARD,14.0,88900.0,0.0,0.0,88900.0,6350.0
2024-01,3367,MSI A520m-A Pro Socket Am4 Ddr4 Motherboard,MOTHERBOARD,11.0,35750.0,0.0,0.0,35750.0,3250.0
2024-01,4492,Asus Prime B550M-A Wifi II Socket Am4 Ddr4 Gaming Motherboard,MOTHERBOARD,16.0,103200.0,0.0,0.0,103200.0,6450.0
2024-01,7615,MSI B650M Project zero socket LGA AM5 DDR5 Motherboard,MOTHERBOARD,14.0,179900.0,0.0,0.0,179900.0,12850.0
2024-01,8617,Asrock A520M-HVS Socket Am4 DDR4 Motherboard,MOTHERBOARD,16.0,50400.0,0.0,0.0,50400.0,3150.0
2024-01,9385,Biostar A520MHP Socket Am4 DDR4 Motherboard,MOTHERBOARD,12.0,34740.0,0.0,0.0,34740.0,2895.0
2024-01,9759,MSI PRO X870-P WIFI Ddr5 AM5 Motherboard,MOTHERBOARD,13.0,233350.0,0.0,0.0,233350.0,17950.0
2024-01,9879,MSI B550M-A PRO Socket Am4 Ddr4 Motherboard,MOTHERBOARD,10.0,46500.0,0.0,0.0,46500.0,4650.0
2024-01,9970,Asus Prime B550M-K ARGB Socket Am4 Ddr4 Motherboard,MOTHERBOARD,10.0,48500.0,0.0,0.0,48500.0,4850.0
2024-01,10488,RAKK DASIG X3 Ambidextrous Hotswap Trimode PAW3311 Huano 80M RGB Gaming Mouse Black,MOUSE,14.0,13930.0,0.0,0.0,13930.0,995.0
2024-01,10489,RAKK DASIG X3 Ambidextrous Hotswap Trimode PAW3311 Huano 80M RGB Gaming Mouse White,MOUSE,11.0,10945.0,0.0,0.0,10945.0,995.0
2024-01,10776,RAKK TALAN AERO X PAW3395 8K Polling Omron Optical Trimode Lightweight 55g Gaming Mouse Black,MOUSE,12.0,26340.0,0.0,0.0,26340.0,2195.0
2024-01,10994,Logitech G 502X Wired Gaming Mouse White,MOUSE,6.0,18570.0,0.0,0.0,18570.0,3095.0
2024-01,3513,Logitech G102 Lightsync Gaming Mouse Black,MOUSE,9.0,8370.0,0.0,0.0,8370.0,930.0
2024-01,3700,Logitech G102 Lightsync Gaming Mouse White,MOUSE,8.0,7440.0,0.0,0.0,7440.0,930.0
2024-01,9299,RAKK DASIG LITE Huano Switch RGB Gaming Mouse,MOUSE,12.0,3360.0,0.0,0.0,3360.0,280.0
2024-01,11172,DITO Home WoWFi Lite 4G WiFi Router,NETWORK DEVICE,5.0,4900.0,0.0,0.0,4900.0,980.0
2024-01,11173,DITO Home WoWFi Pro 5G WiFi Router,NETWORK DEVICE,2.0,2980.0,0.0,0.0,2980.0,1490.0
2024-01,11356,TP-Link Archer BE220 Dual Band Wi-Fi 7 Router,NETWORK DEVICE,3.0,6750.0,0.0,0.0,6750.0,2250.0
2024-01,11460,ASUS RT-BE50 BE3600 Dual Band WiFi 7 Router,NETWORK DEVICE,4.0,11980.0,0.0,0.0,11980.0,2995.0
2024-01,130,Tp-Link TL-WA901ND Wireless N Access Point,NETWORK DEVICE,1.0,1894.0,0.0,0.0,1894.0,1894.0
2024-01,1693,TP-Link TL-WR820N 300Mbps Multimode Wi-Fi Router,NETWORK DEVICE,1.0,490.0,0.0,0.0,490.0,490.0
2024-01,10146,MSI PANO 110R PZ Mid Tower Gaming PC Case Black,PC CASE,7.0,29400.0,0.0,0.0,29400.0,4200.0
2024-01,10518,NZXT H6 Flow CC-H61FW-01 Tempered Glass ATX PC Case White,PC CASE,16.0,69600.0,0.0,0.0,69600.0,4350.0
2024-01,10519,NZXT H7 Flow (2024) CM-H72FW-01 ATX PC Case White,PC CASE,8.0,37200.0,0.0,0.0,37200.0,4650.0
2024-01,10520,NZXT H7 Flow RGB (2024) CM-H72FB-R1 ATX PC Case Black,PC CASE,7.0,30450.0,0.0,0.0,30450.0,4350.0
2024-01,10668,CoolerMaster Elite 302 ARGB Micro ATX PC Case Black,PC CASE,6.0,17970.0,0.0,0.0,17970.0,2995.0
2024-01,10808,MSI PAG PANO M110A ARGB Micro ATX PC Case Black,PC CASE,12.0,29400.0,0.0,0.0,29400.0,2450.0
2024-01,10828,DarkFlash Floatron F1 Micro ATX PC Case Black & White,PC CASE,18.0,71910.0,0.0,0.0,71910.0,3995.0
2024-01,10928,CoolerMaster Qube 540 Moonstone ATX PC Case,PC CASE,5.0,19975.0,0.0,0.0,19975.0,3995.0
2024-01,10963,CoolerMaster Elite 600 ARGB ATX Mid Tower PC Case Black,PC CASE,10.0,53500.0,0.0,0.0,53500.0,5350.0
2024-01,10972,Asus A31 Tempered Glass Mid Tower ATX PC Case White,PC CASE,9.0,30600.0,0.0,0.0,30600.0,3400.0
2024-01,11002,RAKK TANAN MATX Tempered Glass with PSU and Fans,PC CASE,8.0,10360.0,0.0,0.0,10360.0,1295.0
2024-01,11068,DarkFlash M305 with 3 RGB Fan Micro ATX Tempered Glass Gaming PC Case Black,PC CASE,6.0,8370.0,0.0,0.0,8370.0,1395.0
2024-01,11102,YGT Mars 9 Micro ATX PC Case with PSU Black,PC CASE,10.0,7950.0,0.0,0.0,7950.0,795.0
2024-01,11131,Asus A21 Tempered Glass Micro ATX PC Case Black,PC CASE,3.0,8985.0,0.0,0.0,8985.0,2995.0
2024-01,11306,Gamdias Aura GC10 v2 ARGB Dual Chamber Micro ATX PC Case Black,PC CASE,6.0,14970.0,0.0,0.0,14970.0,2495.0
2024-01,11406,Cougar MX110 RGB Mid Tower Tempered Glass ATX PC Case Black,PC CASE,8.0,18800.0,0.0,0.0,18800.0,2350.0
2024-01,11546,YGT 420B Micro ATX PC Case Black,PC CASE,10.0,12500.0,0.0,0.0,12500.0,1250.0
2024-01,6579,InPlay Wind 01 Acrylic Side Panel Micro ATX PC Case,PC CASE,10.0,0.0,0.0,0.0,0.0,0.0
2024-01,7367,MSI MAG Forge M100A Auto RGB Micro ATX PC Case Black,PC CASE,7.0,15330.0,0.0,0.0,15330.0,2190.0
2024-01,9897,YGT V100 Micro ATX PC Case with PSU White,PC CASE,9.0,8010.0,0.0,0.0,8010.0,890.0
2024-01,9973,MSI MAG PANO 100R Project Zero Micro ATX PC Case Black,PC CASE,15.0,99750.0,0.0,0.0,99750.0,6650.0
2024-01,10052,Asus Prime 650W 80+ Bronze Power Supply,POWER SUPPLY,12.0,43800.0,0.0,0.0,43800.0,3650.0
2024-01,10208,Asus Prime AP-850W 80+ Gold Full Modular Power Supply,POWER SUPPLY,8.0,59960.0,0.0,0.0,59960.0,7495.0
2024-01,10376,ASRock Pro-650B 650W 80+ Bronze Non-Modular ATX 3.1 Power Supply,POWER SUPPLY,6.0,15900.0,0.0,0.0,15900.0,2650.0
2024-01,10679,ASRock Steel Legend SL-1000G 1000W 80+ Gold Cybenetics Gold ATX 3.1 Full Modular Power Supply,POWER SUPPLY,16.0,151200.0,0.0,0.0,151200.0,9450.0
2024-01,11266,Acer AC-500 500W Non-Modular 80+ Bronze Power Supply Black,POWER SUPPLY,17.0,21250.0,0.0,0.0,21250.0,1250.0
2024-01,11267,Acer AC-650 650W Non-Modular 80+ Bronze Power Supply Black,POWER SUPPLY,14.0,25046.0,0.0,0.0,25046.0,1789.0
2024-01,11332,Acer AC-750 750W Non-Modular 80+ Bronze Power Supply Black,POWER SUPPLY,6.0,12600.0,0.0,0.0,12600.0,2100.0
2024-01,176,Intelligent 700 watts Power Supply,POWER SUPPLY,9.0,4050.0,0.0,0.0,4050.0,450.0
2024-01,4079,MSI MAG A650BN 650Watts 80+ Non-Modular Power Supply Bronze,POWER SUPPLY,12.0,39540.0,0.0,0.0,39540.0,3295.0
2024-01,4080,MSI MAG A550BN 550Watts 80+ Non-Modular Power Supply Bronze,POWER SUPPLY,23.0,65665.0,0.0,0.0,65665.0,2855.0
2024-01,6242,MSI MAG A600DN 600W 80+ Power Supply,POWER SUPPLY,15.0,41475.0,0.0,0.0,41475.0,2765.0
2024-01,7838,MSI MAG A850GL 850Watts PCIE5 80+ Full Modular Power Supply Gold Black,POWER SUPPLY,5.0,36150.0,0.0,0.0,36150.0,7230.0
2024-01,8542,Acer AC-550 550w Full Modular 80plus Bronze Power Supply,POWER SUPPLY,14.0,20090.0,0.0,0.0,20090.0,1435.0
2024-01,8543,Acer AC-650 650w Full Modular  80plus Bronze Power Supply,POWER SUPPLY,14.0,28770.0,0.0,0.0,28770.0,2055.0
2024-01,9703,CoolerMaster MWE 650W V3 (MPE-6501-ACABW-3BUS) 80+ Bronze ATX 3.1 Power Supply,POWER SUPPLY,13.0,49530.0,0.0,0.0,49530.0,3810.0
2024-01,9938,CoolerMaster MWE 750W V3 (MPE-7501-ACABW-3BUS) 80+ Bronze ATX 3.1 Power Supply,POWER SUPPLY,7.0,30226.0,0.0,0.0,30226.0,4318.0
2024-01,11598,Epson L3310 Multi Functional Integrated Ink Tank Printer,PRINTER AND SCANNER,2.0,18100.0,0.0,0.0,18100.0,9050.0
2024-01,3940,Epson L121 Ink Tank Printer,PRINTER AND SCANNER,2.0,10900.0,0.0,0.0,10900.0,5450.0
2024-01,10057,AMD Ryzen 9 9900X 4.4GHz AM5 Socket DDR5 Processor TTP,PROCESSOR,9.0,224550.0,0.0,0.0,224550.0,24950.0
2024-01,10102,AMD Ryzen 7 7700 Socket AM5 3.8GHz Processor MPK,PROCESSOR,8.0,95600.0,0.0,0.0,95600.0,11950.0
2024-01,10110,AMD Ryzen 5 5500GT 3.6GHz AM4 Socket DDR4 Processor MPK,PROCESSOR,10.0,80950.0,0.0,0.0,80950.0,8095.0
2024-01,10911,Intel Core i9-14900K Raptor Lake Socket LGA 1700 3.20GHz Processor MPK,PROCESSOR,10.0,319500.0,0.0,0.0,319500.0,31950.0
2024-01,10938,AMD Ryzen 5 8400F 4.2GHz AM5 Socket DDR5 Processor MPK,PROCESSOR,7.0,62650.0,0.0,0.0,62650.0,8950.0
2024-01,11064,AMD Ryzen 5 3400g 3.7ghz AM4 Socket DDR4 Processor MPK,PROCESSOR,15.0,56925.0,0.0,0.0,56925.0,3795.0
2024-01,11065,AMD Ryzen 7 8700F 4.1ghz AM5 Socket DDR5 Processor MPK,PROCESSOR,10.0,94500.0,0.0,0.0,94500.0,9450.0
2024-01,11592,Intel Core Ultra 7 processor 270K Plus LGA 1851 5.5Ghz Processor,PROCESSOR,11.0,230450.0,0.0,0.0,230450.0,20950.0
2024-01,4513,AMD Ryzen 5 5600X Socket AM4 3.7GHz Processor with Wraith Stealth Cooler MPK,PROCESSOR,8.0,71600.0,0.0,0.0,71600.0,8950.0
2024-01,5640,AMD Ryzen 5 5500 Socket Am4 3.6GHz Processor with AMD wraith cooler MPK,PROCESSOR,16.0,83200.0,0.0,0.0,83200.0,5200.0
2024-01,5663,AMD Ryzen 5 5600 Socket Am4 3.5GHz Processor with Wraith stealth cooler MPK,PROCESSOR,9.0,64800.0,0.0,0.0,64800.0,7200.0
2024-01,7098,AMD Ryzen 7 5700G Socket Am4 3.8GHz with Radeon Vega 8 wraith stealth cooler Processor MPK,PROCESSOR,10.0,122500.0,0.0,0.0,122500.0,12250.0
2024-01,7929,AMD Ryzen 7 5700X Socket AM4 3.4GHz Processor with AMD Wraith Stealth cooler MPK,PROCESSOR,10.0,99500.0,0.0,0.0,99500.0,9950.0
2024-01,8432,AMD Ryzen 3 3200g PRO Socket Am4 3.6ghz with Radeon Vega 8 Processor MPK,PROCESSOR,10.0,33950.0,0.0,0.0,33950.0,3395.0
2024-01,9608,AMD RYZEN 7 7800X3D Socket AM5 D5 5.0ghz with Radeon Graphics processor TTP,PROCESSOR,11.0,202950.0,0.0,0.0,202950.0,18450.0
2024-01,9614,AMD RYZEN 7 9800X3D Socket AM5 D5 5.2ghz with Radeon Graphics processor,PROCESSOR,13.0,363350.0,0.0,0.0,363350.0,27950.0
2024-01,9776,AMD Ryzen 5 5600GT 3.6GHz AM4 Socket DDR4 Processor MPK,PROCESSOR,9.0,82755.0,0.0,0.0,82755.0,9195.0
2024-01,9841,Intel Core i5-14400 4.7GHz LGA 1700 Processor MPK,PROCESSOR,15.0,179250.0,0.0,0.0,179250.0,11950.0
2024-01,10697,Lexar NQ100 256GB Solid State Drive SATA 2.5,SOLID STATE DRIVE,29.0,115855.0,0.0,0.0,115855.0,3995.0
2024-01,10797,Lexar NM620 1TB M.2 NVME Solid State Drive,SOLID STATE DRIVE,23.0,186300.0,0.0,0.0,186300.0,8100.0
2024-01,10804,Team Group MP33 512GB M.2 PCIe Gen3.0 x4 NVME 1.3 Solid State Drive,SOLID STATE DRIVE,19.0,118750.0,0.0,0.0,118750.0,6250.0
2024-01,11148,Teamgroup T-Force GA Pro 1TB NVMe M.2 Gen 5 Solid State Drive,SOLID STATE DRIVE,22.0,238700.0,0.0,0.0,238700.0,10850.0
2024-01,11152,Hiksemi Wave S 256B SATA 2.5 Solid State Drive,SOLID STATE DRIVE,12.0,40200.0,0.0,0.0,40200.0,3350.0
2024-01,11269,Hiksemi Wave P 256GB PCIE Gen3 M.2 Solid State Drive,SOLID STATE DRIVE,27.0,94365.0,0.0,0.0,94365.0,3495.0
2024-01,11323,ESGaming 512GB SATA 2.5 Solid State Drive,SOLID STATE DRIVE,18.0,79110.0,0.0,0.0,79110.0,4395.0
2024-01,11577,Apacer AS2280P4 512GB PCIe Gen 3x4 M.2 NVMe Solid State Drive,SOLID STATE DRIVE,31.0,164145.0,0.0,0.0,164145.0,5295.0
2024-01,1681,Team Group GX2 Solid State Drive 256gb SATA 2.5,SOLID STATE DRIVE,20.0,69000.0,0.0,0.0,69000.0,3450.0
2024-01,1909,Lexar NS10 Lite Solid State Drive 120gb SATA 2.5,SOLID STATE DRIVE,27.0,39150.0,0.0,0.0,39150.0,1450.0
2024-01,6856,Team Group MP33 256GB M.2 PCIe NVME Solid State Drive,SOLID STATE DRIVE,26.0,87100.0,0.0,0.0,87100.0,3350.0
2024-01,6936,Adata SU650 Solid State Drive 512GB SATA 2.5,SOLID STATE DRIVE,17.0,84915.0,0.0,0.0,84915.0,4995.0
2024-01,10856,Edifier ES20 Portable Bluetooth Speaker Ivory,SPEAKER,2.0,3370.0,0.0,0.0,3370.0,1685.0
2024-01,10870,InPlay MS002 Mini Speaker Black,SPEAKER,1.0,210.0,0.0,0.0,210.0,210.0
2024-01,503,Edifier R12U Usb Powered Speaker Black,SPEAKER,1.0,950.0,0.0,0.0,950.0,950.0
2024-01,2991,APC Back-Ups BVX650I-PH 360 Watts 650va with Avr Universal Sockets Ups,UPS & AVR,7.0,15400.0,0.0,0.0,15400.0,2200.0
2024-01,36,Secure 220v Avr,UPS & AVR,14.0,3500.0,0.0,0.0,3500.0,250.0
2024-01,454,Secure 650va Ups,UPS & AVR,8.0,11600.0,0.0,0.0,11600.0,1450.0
2024-02,7374,RAKK PRIYO Cushion Foam Pair,ACCESSORIES,1.0,1.0,0.0,0.0,1.0,1.0
2024-02,10653,RAKK Matik USB Gaming Headset LED Illuminated,AUDIO,2.0,630.0,0.0,0.0,630.0,315.0
2024-02,10952,EPOS Sennheiser Impact SC 260 ED Headset,AUDIO,1.0,1320.0,0.0,0.0,1320.0,1320.0
2024-02,10991,Logitech G PRO X Wired 7.1 Gaming Headset,AUDIO,2.0,9100.0,0.0,0.0,9100.0,4550.0
2024-02,10993,Logitech G PRO X Wired 7.1 Gaming Headset (League of Legends Edition),AUDIO,5.0,22750.0,0.0,0.0,22750.0,4550.0
2024-02,11507,Accutone UB210 Noise Cancelling Headset Black,AUDIO,7.0,10850.0,0.0,0.0,10850.0,1550.0
2024-02,11508,Accutone Sonar 280 Wireless & Wired Noise Cancelling Headset Black,AUDIO,2.0,4120.0,0.0,0.0,4120.0,2060.0
2024-02,11509,Accutone Converse 95 Noise Cancelling Headset Black,AUDIO,1.0,2320.0,0.0,0.0,2320.0,2320.0
2024-02,11510,Accutone Nexus 2000 MagSafe Speaker Blue,AUDIO,1.0,1250.0,0.0,0.0,1250.0,1250.0
2024-02,11511,Accutone Nexus 2000 MagSafe Speaker Gray,AUDIO,6.0,7500.0,0.0,0.0,7500.0,1250.0
2024-02,11512,Accutone Nexus 2000 MagSafe Speaker Pink,AUDIO,6.0,7500.0,0.0,0.0,7500.0,1250.0
2024-02,11612,Accutone UB101 Stereo USB Headset Black,AUDIO,1.0,345.0,0.0,0.0,345.0,345.0
2024-02,7652,RAKK SONIDO 7.1 Virtual Surround RGB Gaming Headset USB Black,AUDIO,3.0,2985.0,0.0,0.0,2985.0,995.0
2024-02,8581,Edifier W820NB Plus Active Noice Cancellation Bluetooth Stereo Wireless Headset Ivory,AUDIO,3.0,5550.0,0.0,0.0,5550.0,1850.0
2024-02,7824,Hikvision E-HWID 2.8MM Eco-HiWatch 2.mm IR Dome E-HWID,CAMERA,5.0,7250.0,0.0,0.0,7250.0,1450.0
2024-02,78,A4Tech KRS-8572 Usb Keyboard and Mouse Black,COMBO,48.0,24480.0,0.0,0.0,24480.0,510.0
2024-02,9301,RAKK APTAS ILLUMINATED / Membrane Keyboard and Mouse / No software / Rainbow lighting / Black,COMBO,32.0,9120.0,0.0,0.0,9120.0,285.0
2024-02,10370,DarkFlash Infinity 34 3in1 ARGB Chassis Fan Black,COOLING,2.0,2300.0,0.0,0.0,2300.0,1150.0
2024-02,10373,DarkFlash Infinity 34 Single ARGB Chassis Fan White,COOLING,16.0,6720.0,0.0,0.0,6720.0,420.0
2024-02,10386,MSI MAG COREFROZR AA13 ARGB CPU Air Cooler black,COOLING,11.0,13145.0,0.0,0.0,13145.0,1195.0
2024-02,10590,YGT Cyber-120IFB 3in1 ARGB Chassis Fan Black,COOLING,9.0,4950.0,0.0,0.0,4950.0,550.0
2024-02,10743,NZXT F120 RGB Duo Triple Pack (RF-D12TF-W1) with RGB Controller Chassis Fan White,COOLING,8.0,12000.0,0.0,0.0,12000.0,1500.0
2024-02,10839,CoolerMaster Hyper 212 3DHP ARGB CPU Air Cooler Black,COOLING,5.0,6975.0,0.0,0.0,6975.0,1395.0
2024-02,10858,DarkFlash E400 Plus Matrix Display CPU Air Cooler White,COOLING,9.0,14850.0,0.0,0.0,14850.0,1650.0
2024-02,10930,CoolerMaster MasterLiquid 240L Core Liquid Cooling Black,COOLING,16.0,59200.0,0.0,0.0,59200.0,3700.0
2024-02,10966,CoolerMaster V4 Alpha 3DHP CPU Air Cooler Black,COOLING,11.0,20845.0,0.0,0.0,20845.0,1895.0
2024-02,10990,BeQuiet Silent Wings 4 (BL094) 120mm PWM High Speed Single Chassis Fan Black,COOLING,3.0,3600.0,0.0,0.0,3600.0,1200.0
2024-02,11005,Asus AR120 ARGB PWM Single Chassis Fan Black,COOLING,4.0,600.0,0.0,0.0,600.0,150.0
2024-02,11159,Jungle Leopard Chill Arc 360mm ARGB Liquid Cooling Black,COOLING,10.0,109500.0,0.0,0.0,109500.0,10950.0
2024-02,11160,Jungle Leopard Chill Arc 360mm ARGB Liquid Cooling White,COOLING,4.0,45180.0,0.0,0.0,45180.0,11295.0
2024-02,11216,CoolerMaster MasterLiquid Core Nex 360 ARGB CPU Liquid Cooler Black,COOLING,4.0,17800.0,0.0,0.0,17800.0,4450.0
2024-02,6174,Deepcool TW-003 CPU Air Cooler,COOLING,9.0,3600.0,0.0,0.0,3600.0,400.0
2024-02,7,AMD Stock Heatsink Fan,COOLING,9.0,1260.0,0.0,0.0,1260.0,140.0
2024-02,7501,DarkFlash DM12 F Single ARGB Chassis Fan Black,COOLING,13.0,3055.0,0.0,0.0,3055.0,235.0
2024-02,7502,DarkFlash DM12 F Single ARGB Chassis Fan White,COOLING,13.0,3705.0,0.0,0.0,3705.0,285.0
2024-02,7505,DarkFlash Infinity24 Single ARGB Chassis Fan Black,COOLING,11.0,3135.0,0.0,0.0,3135.0,285.0
2024-02,9737,MSI MAG Coreliquid A13 240 CPU Liquid Cooler Black,COOLING,6.0,21900.0,0.0,0.0,21900.0,3650.0
2024-02,9835,MSI MAG Coreliquid A13 360 CPU Liquid Cooler Black,COOLING,6.0,25680.0,0.0,0.0,25680.0,4280.0
2024-02,9836,MSI MAG Coreliquid A13 360 CPU Liquid Cooler White,COOLING,16.0,66240.0,0.0,0.0,66240.0,4140.0
2024-02,10425,"ViewSonic VA24G1-H 24"" FHD 144Hz IPS Monitor",DISPLAY,16.0,66400.0,0.0,0.0,66400.0,4150.0
2024-02,10540,"ASUS ROG Strix XG27ACMES 27"" QHD 255Hz-OC Fast IPS Monitor",DISPLAY,13.0,207935.0,0.0,0.0,207935.0,15995.0
2024-02,10711,"ASUS TUF Gaming Series 5 VG259QMR5A 24.5"" FHD 310Hz(OC) Fast-IPS Monitor",DISPLAY,9.0,85455.0,0.0,0.0,85455.0,9495.0
2024-02,10836,"AOC 24G11ZE 23.8"" 240Hz OC FHD Fast IPS Monitor",DISPLAY,16.0,105520.0,0.0,0.0,105520.0,6595.0
2024-02,10918,"Philips 24E2G2200 23.8"" 144Hz IPS FHD Monitor",DISPLAY,4.0,16780.0,0.0,0.0,16780.0,4195.0
2024-02,10919,"Philips 27E2G2200 27"" 144Hz IPS FHD Monitor",DISPLAY,12.0,71940.0,0.0,0.0,71940.0,5995.0
2024-02,10940,"MSI MAG 245F X24 23.8"" 240Hz FHD Rapid IPS Monitor",DISPLAY,13.0,83850.0,0.0,0.0,83850.0,6450.0
2024-02,10941,"MSI MAG 272F X24 27"" 240Hz FHD Rapid IPS Monitor",DISPLAY,9.0,80550.0,0.0,0.0,80550.0,8950.0
2024-02,11074,"AOC 24B36XE 23.8"" FHD 144Hz IPS Monitor",DISPLAY,10.0,42500.0,0.0,0.0,42500.0,4250.0
2024-02,11127,"Nvision N2455GT-B 23.8"" FHD 144Hz IPS Monitor",DISPLAY,4.0,15800.0,0.0,0.0,15800.0,3950.0
2024-02,11151,"MSI MAG 275QF E20 27"" WQHD 200Hz Rapid IPS Monitor",DISPLAY,4.0,46000.0,0.0,0.0,46000.0,11500.0
2024-02,11208,"Gamdias Atlas HD24IF IV 23.8"" 240Hz FHD Fast IPS Monitor Black",DISPLAY,7.0,41090.0,0.0,0.0,41090.0,5870.0
2024-02,11258,"AOC Q27G4SL/WS 27"" QHD 320Hz Fast IPS HDR 400 Monitor",DISPLAY,3.0,41400.0,0.0,0.0,41400.0,13800.0
2024-02,11472,"MSI PRO MP251 E14L 24.5"" 144HZ FHD IPS Monitor",DISPLAY,5.0,21625.0,0.0,0.0,21625.0,4325.0
2024-02,11473,"Asus TUF Gaming VG259QM5A 24.5"" 240Hz IPS Gaming Monitor",DISPLAY,7.0,55265.0,0.0,0.0,55265.0,7895.0
2024-02,11528,"LG 24U411A-B 23.8"" 120Hz FHD IPS Monitor",DISPLAY,9.0,32850.0,0.0,0.0,32850.0,3650.0
2024-02,7785,Nvision N190V8 19' LED Monitor,DISPLAY,7.0,11900.0,0.0,0.0,11900.0,1700.0
2024-02,7786,"Nvision N200V8 20"" LED Monitor",DISPLAY,9.0,15435.0,0.0,0.0,15435.0,1715.0
2024-02,8060,"Nvision H22V8 21.5"" LED Monitor",DISPLAY,9.0,20160.0,0.0,0.0,20160.0,2240.0
2024-02,9904,"Viewsonic VX2479A-HD-PRO 24"" 240Hz FHD 1MS MPRT IPS HDR10 Gaming Monitor",DISPLAY,8.0,50640.0,0.0,0.0,50640.0,6330.0
2024-02,11003,RAKK SUKOG LITE 800x400x3mm Mousepad Black,GAMING SURFACE,12.0,2280.0,0.0,0.0,2280.0,190.0
2024-02,10053,ASUS Dual Nvidia Geforce RTX 3050 OC Edition (DUAL-RTX3050-O6G) 6GB 96-bit GDRR6 Videocard,GRAPHIC CARD,11.0,158950.0,0.0,0.0,158950.0,14450.0
2024-02,10072,MSI Nvidia GeForce RTX 5060 VENTUS 2X OC (G5060-8V2C) 8GB 128-bit GDDR7 Videocard,GRAPHIC CARD,5.0,122500.0,0.0,0.0,122500.0,24500.0
2024-02,10080,Gigabyte Nvidia GeForce RTX 5060 AERO OC (GV-N5060AERO-OC-8GD) 8GB 128-bit GDDR7 Videocard,GRAPHIC CARD,10.0,257500.0,0.0,0.0,257500.0,25750.0
2024-02,10152,MSI GeForce RTX 5070 Ti VENTUS 3X OC (G507T-16V3C) 16GB 256-bit GDDR7 Videocard,GRAPHIC CARD,12.0,791400.0,0.0,0.0,791400.0,65950.0
2024-02,10155,ASUS DUAL GeForce RTX 5060 (DUAL-RTX5060-8G) 8GB 128-bit GDDR7 Videocard,GRAPHIC CARD,9.0,224550.0,0.0,0.0,224550.0,24950.0
2024-02,10206,ASUS Dual RX 7600 EVO OC Edition DUAL-RX7600-O8G-EVO 8GB 128-bit GDDR6 Videocard,GRAPHIC CARD,7.0,160650.0,0.0,0.0,160650.0,22950.0
2024-02,10207,ASUS Prime AMD Radeon RX 9060 XT OC (PRIME-RX9060XT-O16G) 16GB 128-Bit GDDR6 Videocard,GRAPHIC CARD,2.0,69900.0,0.0,0.0,69900.0,34950.0
2024-02,10225,MSI Nvidia GeForce RTX 5060 SHADOW 2X OC (G5060-8S2C) 8GB 128-bit GDDR7 Videocard,GRAPHIC CARD,10.0,249500.0,0.0,0.0,249500.0,24950.0
2024-02,10660,MSI Nvidia GeForce RTX 5050 VENTUS 2X OC (G5050-8V2C) 128-bit GDDR6 Videocard,GRAPHIC CARD,6.0,119700.0,0.0,0.0,119700.0,19950.0
2024-02,11557,ASUS DUAL Nvidia GeForce RTX 5060 Ti OC Edition (DUAL-RTX5060TI-O8G) 8GB 128-bit GDDR7 Videocard,GRAPHIC CARD,4.0,115800.0,0.0,0.0,115800.0,28950.0
2024-02,11591,MSI GeForce RTX 5060 Ventus 2X OC v1 (G5060-8V2CV1) 8GB 128-bit GDDR7 Videocard,GRAPHIC CARD,4.0,102600.0,0.0,0.0,102600.0,25650.0
2024-02,11636,Colorful Nvidia GeForce RTX 3050 6GB V4-V 96-bit GDDR6 Videocard,GRAPHIC CARD,8.0,98000.0,0.0,0.0,98000.0,12250.0
2024-02,8396,MSI GEFORCE RTX 3050 VENTUS 2X OC 6GB 96-bit DDR6 Videocard,GRAPHIC CARD,2.0,28400.0,0.0,0.0,28400.0,14200.0
2024-02,9396,Biostar Rx 580 VA5815RQ82 Dual Cooling Fan 8gb 256bit GDdr5 Gaming Videocard,GRAPHIC CARD,7.0,55650.0,0.0,0.0,55650.0,7950.0
2024-02,9883,Asus Prime AMD Radeon RX 9070 OC (PRIME-RX9070-O16G) 16GB 256-Bit GDDR6 Videocard,GRAPHIC CARD,8.0,383600.0,0.0,0.0,383600.0,47950.0
2024-02,9967,MSI Nvidia GeForce RTX 5070 VENTUS 2X OC 12GB 192-bit GDDR7 Videocard,GRAPHIC CARD,8.0,375600.0,0.0,0.0,375600.0,46950.0
2024-02,160,Seagate 1tb ST1000DM010 Harddisk Drive,HARD DISK,2.0,6900.0,0.0,0.0,6900.0,3450.0
2024-02,11573,Aula S75 Pro RGB Gaming Mechanical Wireless Tri-Mode Keyboard Gradient Pink,KEYBOARD,18.0,44100.0,0.0,0.0,44100.0,2450.0
2024-02,4285,Fantech MAXPOWER MK853 Mechanical Gaming Keyboard White - BLUE Switch,KEYBOARD,12.0,17760.0,0.0,0.0,17760.0,1480.0
2024-02,11464,"MSI Cyborg 15 A13VE-2453PHNN 15.6"" FHD IPS 144Hz Intel Core i5-13420H/8GB DDR5-5200/512GB NVMe SSD PCIe Gen4/RTX 4050 6GD6/Win11 Laptop",LAPTOP GA2,2.0,117990.0,0.0,0.0,117990.0,58995.0
2024-02,11552,"Asus Vivobook Go 15 E1504FA-BQ5585WSM 15.6""FHD IPS Ryzen 5-40/8GB LPDDR5/512GB M.2 NVMe PCIe 3.0 SSD/Win11 Laptop + HS M365",LAPTOP PR2,1.0,39995.0,0.0,0.0,39995.0,39995.0
2024-02,11564,"Asus Vivobook 14 X1404VA-EB2200WSM 14.0"" FHD Intel Core 5 120U/8GB DDR5/512GB SSD/Win11 Laptop H&S+M365 + Laptop Bag",LAPTOP PR2,1.0,43995.0,0.0,0.0,43995.0,43995.0
2024-02,11583,"MSI Modern 14 F3HMG-039PHNN 14.0""FHD IPS Ryzen™ AI 5 330/8GB DDR5-5600/512GB*1 NVMe SSD PCIe Gen4/Win11 Laptop + OFC + Laptop Bag",LAPTOP PR2,1.0,47795.0,0.0,0.0,47795.0,47795.0
2024-02,11527,"Lenovo V15 G4 ABP 15.6"" FHD Ryzen 7-7730U/8GB DDR4/512GB NVMe SSD/Win11 Pro Laptop SE",LAPTOP PR3,1.0,39995.0,0.0,0.0,39995.0,39995.0
2024-02,11550,"Lenovo V15 G5 IRL 15.6"" Intel Core i5-13420H/16GB DDR5/512GB SSD Laptop/Win11 Laptop SE + Laptop Bag",LAPTOP PR3,2.0,89990.0,0.0,0.0,89990.0,44995.0
2024-02,10286,Lexar LD5S16G56C46ST-BGS 16GB 5600Mhz DDR5 Sodimm Memory,MEMORY,18.0,280800.0,0.0,0.0,280800.0,15600.0
2024-02,10789,Teamgroup Vulcan 16GB 8GBx2 6000Mhz CL38 DDR5 Memory,MEMORY,18.0,261000.0,0.0,0.0,261000.0,14500.0
2024-02,10905,Lexar Ares 8GB LD4U08G32C16LA-RGS 3200Mhz DDR4 RGB Memory Black,MEMORY,10.0,42500.0,0.0,0.0,42500.0,4250.0
2024-02,11052,Biostar Storming V 8GB 3200Mhz DDR4 Memory,MEMORY,7.0,29050.0,0.0,0.0,29050.0,4150.0
2024-02,11185,Crucial 16GB CT16G4SFRA32A 3200Mhz DDR4 Sodimm,MEMORY,16.0,132000.0,0.0,0.0,132000.0,8250.0
2024-02,11327,HKC PC 16gb 3200mhz DDR4 with Heatsink Memory Black,MEMORY,5.0,30975.0,0.0,0.0,30975.0,6195.0
2024-02,11444,FASPEED 8GB 3200Mhz DDR4 with Heatsink Memory,MEMORY,12.0,37800.0,0.0,0.0,37800.0,3150.0
2024-02,11450,HKC PC 8gb 3200mhz DDR4 with Heatsink Memory Black,MEMORY,17.0,58650.0,0.0,0.0,58650.0,3450.0
2024-02,11548,Hiksemi Future 16GB (16x1) HSC516U56C2 5600Mhz CL38 DDR5 Memory Black,MEMORY,15.0,224925.0,0.0,0.0,224925.0,14995.0
2024-02,1372,Ramsta 4gb 1x4 2666mhz Ddr4 Memory,MEMORY,12.0,6000.0,0.0,0.0,6000.0,500.0
2024-02,2489,Ramsta 4gb 1x4 2666mhz Ddr4 Sodimm Memory,MEMORY,16.0,6400.0,0.0,0.0,6400.0,400.0
2024-02,3150,Team Elite TForce Delta 16gb 2x8 3600mhz Ddr4 RGB Memory Black,MEMORY,19.0,173850.0,0.0,0.0,173850.0,9150.0
2024-02,3151,Team Elite TForce Delta 16gb 2x8 3600mhz Ddr4 RGB Memory White,MEMORY,18.0,164700.0,0.0,0.0,164700.0,9150.0
2024-02,4055,Team Elite Plus 8gb 1x8 3200Mhz Ddr4 Memory Black Gold,MEMORY,16.0,76000.0,0.0,0.0,76000.0,4750.0
2024-02,9324,KINGBANK 16GB 1x16 3200mhz DDR4 with Heatsink Memory Silver,MEMORY,16.0,119200.0,0.0,0.0,119200.0,7450.0
2024-02,11448,Y5Pro Intel Core i5 8250U / 16GB DDr4 / 512GB SSD / WIFI 5 DUAL / 4* USB 3.0 / 2* HDMI 2.0 / 1* RJ45 1000Mbps / 1* Type-C / Windows 11 Pro Mini PC,MINI PC,1.0,20950.0,0.0,0.0,20950.0,20950.0
2024-02,11579,Y5Plus Intel Core i7 4650U / 8GB DDr3 / 128GB SSD / WIFI 5 DUAL / 4* USB 3.0 / 2* HDMI 2.0 / 1* RJ45 1000Mbps / 1* Type-C / Windows 11 Pro Mini PC,MINI PC,1.0,9950.0,0.0,0.0,9950.0,9950.0
2024-02,9794,"Nvision A24K6-S-i704-1625 Intel i7-4700M 16GB 256GB SSD 23.8"" FHD IPS All in One PC",MINI PC,1.0,16950.0,0.0,0.0,16950.0,16950.0
2024-02,10295,Asus B650M-AYW Wifi DDR5 AMD Motherboard,MOTHERBOARD,15.0,109425.0,0.0,0.0,109425.0,7295.0
2024-02,10296,Asus Prime A520M-K/CSM AM4 AMD Motherboard,MOTHERBOARD,12.0,39540.0,0.0,0.0,39540.0,3295.0
2024-02,10647,ASUS PRIME B850M-A WIFI-CSM Socket AM5 DDR5 Motherboard,MOTHERBOARD,12.0,137940.0,0.0,0.0,137940.0,11495.0
2024-02,10675,MSI B650M GAMING WIFI AM5 DDR5 Motherboard,MOTHERBOARD,8.0,59160.0,0.0,0.0,59160.0,7395.0
2024-02,11556,Gigabyte B550M-K Socket Am4 Ddr4 Motherboard,MOTHERBOARD,10.0,49500.0,0.0,0.0,49500.0,4950.0
2024-02,11558,Asus B760M-AYW WIFI Socket LGA 1700 Ddr4 Motherboard,MOTHERBOARD,7.0,65450.0,0.0,0.0,65450.0,9350.0
2024-02,11593,Gigabyte B860M GAMING X WIFI6E LGA1851 Socket Ddr5 Motherboard,MOTHERBOARD,8.0,96760.0,0.0,0.0,96760.0,12095.0
2024-02,2756,MSI B550M Pro VDH Wifi Socket Am4 Ddr4 Motherboard,MOTHERBOARD,10.0,63500.0,0.0,0.0,63500.0,6350.0
2024-02,3367,MSI A520m-A Pro Socket Am4 Ddr4 Motherboard,MOTHERBOARD,16.0,52000.0,0.0,0.0,52000.0,3250.0
2024-02,4492,Asus Prime B550M-A Wifi II Socket Am4 Ddr4 Gaming Motherboard,MOTHERBOARD,14.0,90300.0,0.0,0.0,90300.0,6450.0
2024-02,7615,MSI B650M Project zero socket LGA AM5 DDR5 Motherboard,MOTHERBOARD,14.0,179900.0,0.0,0.0,179900.0,12850.0
2024-02,8617,Asrock A520M-HVS Socket Am4 DDR4 Motherboard,MOTHERBOARD,15.0,47250.0,0.0,0.0,47250.0,3150.0
2024-02,9385,Biostar A520MHP Socket Am4 DDR4 Motherboard,MOTHERBOARD,11.0,31845.0,0.0,0.0,31845.0,2895.0
2024-02,9759,MSI PRO X870-P WIFI Ddr5 AM5 Motherboard,MOTHERBOARD,11.0,197450.0,0.0,0.0,197450.0,17950.0
2024-02,9879,MSI B550M-A PRO Socket Am4 Ddr4 Motherboard,MOTHERBOARD,5.0,23250.0,0.0,0.0,23250.0,4650.0
2024-02,9970,Asus Prime B550M-K ARGB Socket Am4 Ddr4 Motherboard,MOTHERBOARD,6.0,29100.0,0.0,0.0,29100.0,4850.0
2024-02,10488,RAKK DASIG X3 Ambidextrous Hotswap Trimode PAW3311 Huano 80M RGB Gaming Mouse Black,MOUSE,5.0,4975.0,0.0,0.0,4975.0,995.0
2024-02,10489,RAKK DASIG X3 Ambidextrous Hotswap Trimode PAW3311 Huano 80M RGB Gaming Mouse White,MOUSE,5.0,4975.0,0.0,0.0,4975.0,995.0
2024-02,10776,RAKK TALAN AERO X PAW3395 8K Polling Omron Optical Trimode Lightweight 55g Gaming Mouse Black,MOUSE,5.0,10975.0,0.0,0.0,10975.0,2195.0
2024-02,10994,Logitech G 502X Wired Gaming Mouse White,MOUSE,6.0,18570.0,0.0,0.0,18570.0,3095.0
2024-02,3513,Logitech G102 Lightsync Gaming Mouse Black,MOUSE,8.0,7440.0,0.0,0.0,7440.0,930.0
2024-02,3700,Logitech G102 Lightsync Gaming Mouse White,MOUSE,8.0,7440.0,0.0,0.0,7440.0,930.0
2024-02,9299,RAKK DASIG LITE Huano Switch RGB Gaming Mouse,MOUSE,7.0,1960.0,0.0,0.0,1960.0,280.0
2024-02,11172,DITO Home WoWFi Lite 4G WiFi Router,NETWORK DEVICE,2.0,1960.0,0.0,0.0,1960.0,980.0
2024-02,11173,DITO Home WoWFi Pro 5G WiFi Router,NETWORK DEVICE,1.0,1490.0,0.0,0.0,1490.0,1490.0
2024-02,11356,TP-Link Archer BE220 Dual Band Wi-Fi 7 Router,NETWORK DEVICE,2.0,4500.0,0.0,0.0,4500.0,2250.0
2024-02,11460,ASUS RT-BE50 BE3600 Dual Band WiFi 7 Router,NETWORK DEVICE,3.0,8985.0,0.0,0.0,8985.0,2995.0
2024-02,130,Tp-Link TL-WA901ND Wireless N Access Point,NETWORK DEVICE,3.0,5682.0,0.0,0.0,5682.0,1894.0
2024-02,1693,TP-Link TL-WR820N 300Mbps Multimode Wi-Fi Router,NETWORK DEVICE,6.0,2940.0,0.0,0.0,2940.0,490.0
2024-02,10146,MSI PANO 110R PZ Mid Tower Gaming PC Case Black,PC CASE,4.0,16800.0,0.0,0.0,16800.0,4200.0
2024-02,10518,NZXT H6 Flow CC-H61FW-01 Tempered Glass ATX PC Case White,PC CASE,7.0,30450.0,0.0,0.0,30450.0,4350.0
2024-02,10519,NZXT H7 Flow (2024) CM-H72FW-01 ATX PC Case White,PC CASE,8.0,37200.0,0.0,0.0,37200.0,4650.0
2024-02,10520,NZXT H7 Flow RGB (2024) CM-H72FB-R1 ATX PC Case Black,PC CASE,8.0,34800.0,0.0,0.0,34800.0,4350.0
2024-02,10668,CoolerMaster Elite 302 ARGB Micro ATX PC Case Black,PC CASE,8.0,23960.0,0.0,0.0,23960.0,2995.0
2024-02,10808,MSI PAG PANO M110A ARGB Micro ATX PC Case Black,PC CASE,23.0,56350.0,0.0,0.0,56350.0,2450.0
2024-02,10828,DarkFlash Floatron F1 Micro ATX PC Case Black & White,PC CASE,3.0,11985.0,0.0,0.0,11985.0,3995.0
2024-02,10928,CoolerMaster Qube 540 Moonstone ATX PC Case,PC CASE,8.0,31960.0,0.0,0.0,31960.0,3995.0
2024-02,10963,CoolerMaster Elite 600 ARGB ATX Mid Tower PC Case Black,PC CASE,6.0,32100.0,0.0,0.0,32100.0,5350.0
2024-02,10972,Asus A31 Tempered Glass Mid Tower ATX PC Case White,PC CASE,3.0,10200.0,0.0,0.0,10200.0,3400.0
2024-02,11002,RAKK TANAN MATX Tempered Glass with PSU and Fans,PC CASE,5.0,6475.0,0.0,0.0,6475.0,1295.0
2024-02,11068,DarkFlash M305 with 3 RGB Fan Micro ATX Tempered Glass Gaming PC Case Black,PC CASE,4.0,5580.0,0.0,0.0,5580.0,1395.0
2024-02,11102,YGT Mars 9 Micro ATX PC Case with PSU Black,PC CASE,10.0,7950.0,0.0,0.0,7950.0,795.0
2024-02,11131,Asus A21 Tempered Glass Micro ATX PC Case Black,PC CASE,5.0,14975.0,0.0,0.0,14975.0,2995.0
2024-02,11306,Gamdias Aura GC10 v2 ARGB Dual Chamber Micro ATX PC Case Black,PC CASE,15.0,37425.0,0.0,0.0,37425.0,2495.0
2024-02,11406,Cougar MX110 RGB Mid Tower Tempered Glass ATX PC Case Black,PC CASE,12.0,28200.0,0.0,0.0,28200.0,2350.0
2024-02,11546,YGT 420B Micro ATX PC Case Black,PC CASE,5.0,6250.0,0.0,0.0,6250.0,1250.0
2024-02,6579,InPlay Wind 01 Acrylic Side Panel Micro ATX PC Case,PC CASE,7.0,0.0,0.0,0.0,0.0,0.0
2024-02,7367,MSI MAG Forge M100A Auto RGB Micro ATX PC Case Black,PC CASE,10.0,21900.0,0.0,0.0,21900.0,2190.0
2024-02,9897,YGT V100 Micro ATX PC Case with PSU White,PC CASE,5.0,4450.0,0.0,0.0,4450.0,890.0
2024-02,9973,MSI MAG PANO 100R Project Zero Micro ATX PC Case Black,PC CASE,10.0,66500.0,0.0,0.0,66500.0,6650.0
2024-02,10052,Asus Prime 650W 80+ Bronze Power Supply,POWER SUPPLY,14.0,51100.0,0.0,0.0,51100.0,3650.0
2024-02,10208,Asus Prime AP-850W 80+ Gold Full Modular Power Supply,POWER SUPPLY,6.0,44970.0,0.0,0.0,44970.0,7495.0
2024-02,10376,ASRock Pro-650B 650W 80+ Bronze Non-Modular ATX 3.1 Power Supply,POWER SUPPLY,14.0,37100.0,0.0,0.0,37100.0,2650.0
2024-02,10679,ASRock Steel Legend SL-1000G 1000W 80+ Gold Cybenetics Gold ATX 3.1 Full Modular Power Supply,POWER SUPPLY,9.0,85050.0,0.0,0.0,85050.0,9450.0
2024-02,11266,Acer AC-500 500W Non-Modular 80+ Bronze Power Supply Black,POWER SUPPLY,9.0,11250.0,0.0,0.0,11250.0,1250.0
2024-02,11267,Acer AC-650 650W Non-Modular 80+ Bronze Power Supply Black,POWER SUPPLY,10.0,17890.0,0.0,0.0,17890.0,1789.0
2024-02,11332,Acer AC-750 750W Non-Modular 80+ Bronze Power Supply Black,POWER SUPPLY,11.0,23100.0,0.0,0.0,23100.0,2100.0
2024-02,176,Intelligent 700 watts Power Supply,POWER SUPPLY,16.0,7200.0,0.0,0.0,7200.0,450.0
2024-02,4079,MSI MAG A650BN 650Watts 80+ Non-Modular Power Supply Bronze,POWER SUPPLY,10.0,32950.0,0.0,0.0,32950.0,3295.0
2024-02,4080,MSI MAG A550BN 550Watts 80+ Non-Modular Power Supply Bronze,POWER SUPPLY,3.0,8565.0,0.0,0.0,8565.0,2855.0
2024-02,6242,MSI MAG A600DN 600W 80+ Power Supply,POWER SUPPLY,8.0,22120.0,0.0,0.0,22120.0,2765.0
2024-02,7838,MSI MAG A850GL 850Watts PCIE5 80+ Full Modular Power Supply Gold Black,POWER SUPPLY,21.0,151830.0,0.0,0.0,151830.0,7230.0
2024-02,8542,Acer AC-550 550w Full Modular 80plus Bronze Power Supply,POWER SUPPLY,20.0,28700.0,0.0,0.0,28700.0,1435.0
2024-02,8543,Acer AC-650 650w Full Modular  80plus Bronze Power Supply,POWER SUPPLY,9.0,18495.0,0.0,0.0,18495.0,2055.0
2024-02,9703,CoolerMaster MWE 650W V3 (MPE-6501-ACABW-3BUS) 80+ Bronze ATX 3.1 Power Supply,POWER SUPPLY,21.0,80010.0,0.0,0.0,80010.0,3810.0
2024-02,9938,CoolerMaster MWE 750W V3 (MPE-7501-ACABW-3BUS) 80+ Bronze ATX 3.1 Power Supply,POWER SUPPLY,6.0,25908.0,0.0,0.0,25908.0,4318.0
2024-02,11599,Epson L3350 Wi-Fi Multi Functional Integrated Ink Tank Printer,PRINTER AND SCANNER,1.0,10530.0,0.0,0.0,10530.0,10530.0
2024-02,2008,Canon Pixma TS207 Printer Inkjet,PRINTER AND SCANNER,2.0,4460.0,0.0,0.0,4460.0,2230.0
2024-02,4804,Canon Pixma MG3070S Compact Wireless All-In-One Printer,PRINTER AND SCANNER,1.0,3425.0,0.0,0.0,3425.0,3425.0
2024-02,10057,AMD Ryzen 9 9900X 4.4GHz AM5 Socket DDR5 Processor TTP,PROCESSOR,10.0,249500.0,0.0,0.0,249500.0,24950.0
2024-02,10102,AMD Ryzen 7 7700 Socket AM5 3.8GHz Processor MPK,PROCESSOR,7.0,83650.0,0.0,0.0,83650.0,11950.0
2024-02,10110,AMD Ryzen 5 5500GT 3.6GHz AM4 Socket DDR4 Processor MPK,PROCESSOR,10.0,80950.0,0.0,0.0,80950.0,8095.0
2024-02,10911,Intel Core i9-14900K Raptor Lake Socket LGA 1700 3.20GHz Processor MPK,PROCESSOR,6.0,191700.0,0.0,0.0,191700.0,31950.0
2024-02,10938,AMD Ryzen 5 8400F 4.2GHz AM5 Socket DDR5 Processor MPK,PROCESSOR,15.0,134250.0,0.0,0.0,134250.0,8950.0
2024-02,11064,AMD Ryzen 5 3400g 3.7ghz AM4 Socket DDR4 Processor MPK,PROCESSOR,10.0,37950.0,0.0,0.0,37950.0,3795.0
2024-02,11065,AMD Ryzen 7 8700F 4.1ghz AM5 Socket DDR5 Processor MPK,PROCESSOR,18.0,170100.0,0.0,0.0,170100.0,9450.0
2024-02,11592,Intel Core Ultra 7 processor 270K Plus LGA 1851 5.5Ghz Processor,PROCESSOR,6.0,125700.0,0.0,0.0,125700.0,20950.0
2024-02,4513,AMD Ryzen 5 5600X Socket AM4 3.7GHz Processor with Wraith Stealth Cooler MPK,PROCESSOR,4.0,35800.0,0.0,0.0,35800.0,8950.0
2024-02,5640,AMD Ryzen 5 5500 Socket Am4 3.6GHz Processor with AMD wraith cooler MPK,PROCESSOR,9.0,46800.0,0.0,0.0,46800.0,5200.0
2024-02,5663,AMD Ryzen 5 5600 Socket Am4 3.5GHz Processor with Wraith stealth cooler MPK,PROCESSOR,11.0,79200.0,0.0,0.0,79200.0,7200.0
2024-02,7098,AMD Ryzen 7 5700G Socket Am4 3.8GHz with Radeon Vega 8 wraith stealth cooler Processor MPK,PROCESSOR,5.0,61250.0,0.0,0.0,61250.0,12250.0
2024-02,7929,AMD Ryzen 7 5700X Socket AM4 3.4GHz Processor with AMD Wraith Stealth cooler MPK,PROCESSOR,17.0,169150.0,0.0,0.0,169150.0,9950.0
2024-02,8432,AMD Ryzen 3 3200g PRO Socket Am4 3.6ghz with Radeon Vega 8 Processor MPK,PROCESSOR,8.0,27160.0,0.0,0.0,27160.0,3395.0
2024-02,9608,AMD RYZEN 7 7800X3D Socket AM5 D5 5.0ghz with Radeon Graphics processor TTP,PROCESSOR,13.0,239850.0,0.0,0.0,239850.0,18450.0
2024-02,9614,AMD RYZEN 7 9800X3D Socket AM5 D5 5.2ghz with Radeon Graphics processor,PROCESSOR,9.0,251550.0,0.0,0.0,251550.0,27950.0
2024-02,9776,AMD Ryzen 5 5600GT 3.6GHz AM4 Socket DDR4 Processor MPK,PROCESSOR,7.0,64365.0,0.0,0.0,64365.0,9195.0
2024-02,9841,Intel Core i5-14400 4.7GHz LGA 1700 Processor MPK,PROCESSOR,11.0,131450.0,0.0,0.0,131450.0,11950.0
2024-02,10697,Lexar NQ100 256GB Solid State Drive SATA 2.5,SOLID STATE DRIVE,19.0,75905.0,0.0,0.0,75905.0,3995.0
2024-02,10797,Lexar NM620 1TB M.2 NVME Solid State Drive,SOLID STATE DRIVE,20.0,162000.0,0.0,0.0,162000.0,8100.0
2024-02,10804,Team Group MP33 512GB M.2 PCIe Gen3.0 x4 NVME 1.3 Solid State Drive,SOLID STATE DRIVE,18.0,112500.0,0.0,0.0,112500.0,6250.0
2024-02,11148,Teamgroup T-Force GA Pro 1TB NVMe M.2 Gen 5 Solid State Drive,SOLID STATE DRIVE,19.0,206150.0,0.0,0.0,206150.0,10850.0
2024-02,11152,Hiksemi Wave S 256B SATA 2.5 Solid State Drive,SOLID STATE DRIVE,15.0,50250.0,0.0,0.0,50250.0,3350.0
2024-02,11269,Hiksemi Wave P 256GB PCIE Gen3 M.2 Solid State Drive,SOLID STATE DRIVE,28.0,97860.0,0.0,0.0,97860.0,3495.0
2024-02,11323,ESGaming 512GB SATA 2.5 Solid State Drive,SOLID STATE DRIVE,24.0,105480.0,0.0,0.0,105480.0,4395.0
2024-02,11577,Apacer AS2280P4 512GB PCIe Gen 3x4 M.2 NVMe Solid State Drive,SOLID STATE DRIVE,8.0,42360.0,0.0,0.0,42360.0,5295.0
2024-02,1681,Team Group GX2 Solid State Drive 256gb SATA 2.5,SOLID STATE DRIVE,21.0,72450.0,0.0,0.0,72450.0,3450.0
2024-02,1909,Lexar NS10 Lite Solid State Drive 120gb SATA 2.5,SOLID STATE DRIVE,18.0,26100.0,0.0,0.0,26100.0,1450.0
2024-02,6856,Team Group MP33 256GB M.2 PCIe NVME Solid State Drive,SOLID STATE DRIVE,14.0,46900.0,0.0,0.0,46900.0,3350.0
2024-02,6936,Adata SU650 Solid State Drive 512GB SATA 2.5,SOLID STATE DRIVE,14.0,69930.0,0.0,0.0,69930.0,4995.0
2024-02,10832,"ORTIZAN C7 Dual-Mode 2.0 Studio Monitors, Active Monitor Speakers, Black",SPEAKER,1.0,3195.0,0.0,0.0,3195.0,3195.0
2024-02,10856,Edifier ES20 Portable Bluetooth Speaker Ivory,SPEAKER,1.0,1685.0,0.0,0.0,1685.0,1685.0
2024-02,10870,InPlay MS002 Mini Speaker Black,SPEAKER,1.0,210.0,0.0,0.0,210.0,210.0
2024-02,503,Edifier R12U Usb Powered Speaker Black,SPEAKER,1.0,950.0,0.0,0.0,950.0,950.0
2024-02,2991,APC Back-Ups BVX650I-PH 360 Watts 650va with Avr Universal Sockets Ups,UPS & AVR,4.0,8800.0,0.0,0.0,8800.0,2200.0
2024-02,36,Secure 220v Avr,UPS & AVR,6.0,1500.0,0.0,0.0,1500.0,250.0
2024-02,454,Secure 650va Ups,UPS & AVR,11.0,15950.0,0.0,0.0,15950.0,1450.0
2024-03,10653,RAKK Matik USB Gaming Headset LED Illuminated,AUDIO,3.0,945.0,0.0,0.0,945.0,315.0
2024-03,10952,EPOS Sennheiser Impact SC 260 ED Headset,AUDIO,2.0,2640.0,0.0,0.0,2640.0,1320.0
2024-03,10991,Logitech G PRO X Wired 7.1 Gaming Headset,AUDIO,5.0,22750.0,0.0,0.0,22750.0,4550.0
2024-03,10993,Logitech G PRO X Wired 7.1 Gaming Headset (League of Legends Edition),AUDIO,1.0,4550.0,0.0,0.0,4550.0,4550.0
2024-03,11507,Accutone UB210 Noise Cancelling Headset Black,AUDIO,2.0,3100.0,0.0,0.0,3100.0,1550.0
2024-03,11508,Accutone Sonar 280 Wireless & Wired Noise Cancelling Headset Black,AUDIO,3.0,6180.0,0.0,0.0,6180.0,2060.0
2024-03,11509,Accutone Converse 95 Noise Cancelling Headset Black,AUDIO,4.0,9280.0,0.0,0.0,9280.0,2320.0
2024-03,11510,Accutone Nexus 2000 MagSafe Speaker Blue,AUDIO,1.0,1250.0,0.0,0.0,1250.0,1250.0
2024-03,11511,Accutone Nexus 2000 MagSafe Speaker Gray,AUDIO,3.0,3750.0,0.0,0.0,3750.0,1250.0
2024-03,11512,Accutone Nexus 2000 MagSafe Speaker Pink,AUDIO,6.0,7500.0,0.0,0.0,7500.0,1250.0
2024-03,11612,Accutone UB101 Stereo USB Headset Black,AUDIO,3.0,1035.0,0.0,0.0,1035.0,345.0
2024-03,7652,RAKK SONIDO 7.1 Virtual Surround RGB Gaming Headset USB Black,AUDIO,6.0,5970.0,0.0,0.0,5970.0,995.0
2024-03,7824,Hikvision E-HWID 2.8MM Eco-HiWatch 2.mm IR Dome E-HWID,CAMERA,4.0,5800.0,0.0,0.0,5800.0,1450.0
2024-03,78,A4Tech KRS-8572 Usb Keyboard and Mouse Black,COMBO,47.0,23970.0,0.0,0.0,23970.0,510.0
2024-03,9301,RAKK APTAS ILLUMINATED / Membrane Keyboard and Mouse / No software / Rainbow lighting / Black,COMBO,44.0,12540.0,0.0,0.0,12540.0,285.0
2024-03,10370,DarkFlash Infinity 34 3in1 ARGB Chassis Fan Black,COOLING,10.0,11500.0,0.0,0.0,11500.0,1150.0
2024-03,10373,DarkFlash Infinity 34 Single ARGB Chassis Fan White,COOLING,10.0,4200.0,0.0,0.0,4200.0,420.0
2024-03,10386,MSI MAG COREFROZR AA13 ARGB CPU Air Cooler black,COOLING,12.0,14340.0,0.0,0.0,14340.0,1195.0
2024-03,10590,YGT Cyber-120IFB 3in1 ARGB Chassis Fan Black,COOLING,11.0,6050.0,0.0,0.0,6050.0,550.0
2024-03,10743,NZXT F120 RGB Duo Triple Pack (RF-D12TF-W1) with RGB Controller Chassis Fan White,COOLING,9.0,13500.0,0.0,0.0,13500.0,1500.0
2024-03,10839,CoolerMaster Hyper 212 3DHP ARGB CPU Air Cooler Black,COOLING,13.0,18135.0,0.0,0.0,18135.0,1395.0
2024-03,10858,DarkFlash E400 Plus Matrix Display CPU Air Cooler White,COOLING,15.0,24750.0,0.0,0.0,24750.0,1650.0
2024-03,10930,CoolerMaster MasterLiquid 240L Core Liquid Cooling Black,COOLING,12.0,44400.0,0.0,0.0,44400.0,3700.0
2024-03,10966,CoolerMaster V4 Alpha 3DHP CPU Air Cooler Black,COOLING,10.0,18950.0,0.0,0.0,18950.0,1895.0
2024-03,10990,BeQuiet Silent Wings 4 (BL094) 120mm PWM High Speed Single Chassis Fan Black,COOLING,10.0,12000.0,0.0,0.0,12000.0,1200.0
2024-03,11005,Asus AR120 ARGB PWM Single Chassis Fan Black,COOLING,6.0,900.0,0.0,0.0,900.0,150.0
2024-03,11159,Jungle Leopard Chill Arc 360mm ARGB Liquid Cooling Black,COOLING,8.0,87600.0,0.0,0.0,87600.0,10950.0
2024-03,11160,Jungle Leopard Chill Arc 360mm ARGB Liquid Cooling White,COOLING,10.0,112950.0,0.0,0.0,112950.0,11295.0
2024-03,11216,CoolerMaster MasterLiquid Core Nex 360 ARGB CPU Liquid Cooler Black,COOLING,9.0,40050.0,0.0,0.0,40050.0,4450.0
2024-03,6174,Deepcool TW-003 CPU Air Cooler,COOLING,13.0,5200.0,0.0,0.0,5200.0,400.0
2024-03,7,AMD Stock Heatsink Fan,COOLING,16.0,2240.0,0.0,0.0,2240.0,140.0
2024-03,7501,DarkFlash DM12 F Single ARGB Chassis Fan Black,COOLING,10.0,2350.0,0.0,0.0,2350.0,235.0
2024-03,7502,DarkFlash DM12 F Single ARGB Chassis Fan White,COOLING,16.0,4560.0,0.0,0.0,4560.0,285.0
2024-03,7505,DarkFlash Infinity24 Single ARGB Chassis Fan Black,COOLING,10.0,2850.0,0.0,0.0,2850.0,285.0
2024-03,9737,MSI MAG Coreliquid A13 240 CPU Liquid Cooler Black,COOLING,3.0,10950.0,0.0,0.0,10950.0,3650.0
2024-03,9835,MSI MAG Coreliquid A13 360 CPU Liquid Cooler Black,COOLING,11.0,47080.0,0.0,0.0,47080.0,4280.0
2024-03,9836,MSI MAG Coreliquid A13 360 CPU Liquid Cooler White,COOLING,6.0,24840.0,0.0,0.0,24840.0,4140.0
2024-03,10425,"ViewSonic VA24G1-H 24"" FHD 144Hz IPS Monitor",DISPLAY,7.0,29050.0,0.0,0.0,29050.0,4150.0
2024-03,10540,"ASUS ROG Strix XG27ACMES 27"" QHD 255Hz-OC Fast IPS Monitor",DISPLAY,3.0,47985.0,0.0,0.0,47985.0,15995.0
2024-03,10711,"ASUS TUF Gaming Series 5 VG259QMR5A 24.5"" FHD 310Hz(OC) Fast-IPS Monitor",DISPLAY,5.0,47475.0,0.0,0.0,47475.0,9495.0
2024-03,10836,"AOC 24G11ZE 23.8"" 240Hz OC FHD Fast IPS Monitor",DISPLAY,7.0,46165.0,0.0,0.0,46165.0,6595.0
2024-03,10918,"Philips 24E2G2200 23.8"" 144Hz IPS FHD Monitor",DISPLAY,11.0,46145.0,0.0,0.0,46145.0,4195.0
2024-03,10919,"Philips 27E2G2200 27"" 144Hz IPS FHD Monitor",DISPLAY,7.0,41965.0,0.0,0.0,41965.0,5995.0
2024-03,10940,"MSI MAG 245F X24 23.8"" 240Hz FHD Rapid IPS Monitor",DISPLAY,14.0,90300.0,0.0,0.0,90300.0,6450.0
2024-03,10941,"MSI MAG 272F X24 27"" 240Hz FHD Rapid IPS Monitor",DISPLAY,13.0,116350.0,0.0,0.0,116350.0,8950.0
2024-03,11074,"AOC 24B36XE 23.8"" FHD 144Hz IPS Monitor",DISPLAY,9.0,38250.0,0.0,0.0,38250.0,4250.0
2024-03,11127,"Nvision N2455GT-B 23.8"" FHD 144Hz IPS Monitor",DISPLAY,9.0,35550.0,0.0,0.0,35550.0,3950.0
2024-03,11151,"MSI MAG 275QF E20 27"" WQHD 200Hz Rapid IPS Monitor",DISPLAY,12.0,138000.0,0.0,0.0,138000.0,11500.0
2024-03,11208,"Gamdias Atlas HD24IF IV 23.8"" 240Hz FHD Fast IPS Monitor Black",DISPLAY,15.0,88050.0,0.0,0.0,88050.0,5870.0
2024-03,11258,"AOC Q27G4SL/WS 27"" QHD 320Hz Fast IPS HDR 400 Monitor",DISPLAY,7.0,96600.0,0.0,0.0,96600.0,13800.0
2024-03,11472,"MSI PRO MP251 E14L 24.5"" 144HZ FHD IPS Monitor",DISPLAY,7.0,30275.0,0.0,0.0,30275.0,4325.0
2024-03,11473,"Asus TUF Gaming VG259QM5A 24.5"" 240Hz IPS Gaming Monitor",DISPLAY,17.0,134215.0,0.0,0.0,134215.0,7895.0
2024-03,11528,"LG 24U411A-B 23.8"" 120Hz FHD IPS Monitor",DISPLAY,6.0,21900.0,0.0,0.0,21900.0,3650.0
2024-03,7785,Nvision N190V8 19' LED Monitor,DISPLAY,10.0,17000.0,0.0,0.0,17000.0,1700.0
2024-03,7786,"Nvision N200V8 20"" LED Monitor",DISPLAY,6.0,10290.0,0.0,0.0,10290.0,1715.0
2024-03,8060,"Nvision H22V8 21.5"" LED Monitor",DISPLAY,6.0,13440.0,0.0,0.0,13440.0,2240.0
2024-03,9904,"Viewsonic VX2479A-HD-PRO 24"" 240Hz FHD 1MS MPRT IPS HDR10 Gaming Monitor",DISPLAY,17.0,107610.0,0.0,0.0,107610.0,6330.0
2024-03,11003,RAKK SUKOG LITE 800x400x3mm Mousepad Black,GAMING SURFACE,22.0,4180.0,0.0,0.0,4180.0,190.0
2024-03,10053,ASUS Dual Nvidia Geforce RTX 3050 OC Edition (DUAL-RTX3050-O6G) 6GB 96-bit GDRR6 Videocard,GRAPHIC CARD,7.0,101150.0,0.0,0.0,101150.0,14450.0
2024-03,10072,MSI Nvidia GeForce RTX 5060 VENTUS 2X OC (G5060-8V2C) 8GB 128-bit GDDR7 Videocard,GRAPHIC CARD,9.0,220500.0,0.0,0.0,220500.0,24500.0
2024-03,10080,Gigabyte Nvidia GeForce RTX 5060 AERO OC (GV-N5060AERO-OC-8GD) 8GB 128-bit GDDR7 Videocard,GRAPHIC CARD,4.0,103000.0,0.0,0.0,103000.0,25750.0
2024-03,10152,MSI GeForce RTX 5070 Ti VENTUS 3X OC (G507T-16V3C) 16GB 256-bit GDDR7 Videocard,GRAPHIC CARD,11.0,725450.0,0.0,0.0,725450.0,65950.0
2024-03,10155,ASUS DUAL GeForce RTX 5060 (DUAL-RTX5060-8G) 8GB 128-bit GDDR7 Videocard,GRAPHIC CARD,6.0,149700.0,0.0,0.0,149700.0,24950.0
2024-03,10206,ASUS Dual RX 7600 EVO OC Edition DUAL-RX7600-O8G-EVO 8GB 128-bit GDDR6 Videocard,GRAPHIC CARD,10.0,229500.0,0.0,0.0,229500.0,22950.0
2024-03,10207,ASUS Prime AMD Radeon RX 9060 XT OC (PRIME-RX9060XT-O16G) 16GB 128-Bit GDDR6 Videocard,GRAPHIC CARD,5.0,174750.0,0.0,0.0,174750.0,34950.0
2024-03,10225,MSI Nvidia GeForce RTX 5060 SHADOW 2X OC (G5060-8S2C) 8GB 128-bit GDDR7 Videocard,GRAPHIC CARD,5.0,124750.0,0.0,0.0,124750.0,24950.0
2024-03,10660,MSI Nvidia GeForce RTX 5050 VENTUS 2X OC (G5050-8V2C) 128-bit GDDR6 Videocard,GRAPHIC CARD,10.0,199500.0,0.0,0.0,199500.0,19950.0
2024-03,11557,ASUS DUAL Nvidia GeForce RTX 5060 Ti OC Edition (DUAL-RTX5060TI-O8G) 8GB 128-bit GDDR7 Videocard,GRAPHIC CARD,7.0,202650.0,0.0,0.0,202650.0,28950.0
2024-03,11591,MSI GeForce RTX 5060 Ventus 2X OC v1 (G5060-8V2CV1) 8GB 128-bit GDDR7 Videocard,GRAPHIC CARD,5.0,128250.0,0.0,0.0,128250.0,25650.0
2024-03,11636,Colorful Nvidia GeForce RTX 3050 6GB V4-V 96-bit GDDR6 Videocard,GRAPHIC CARD,12.0,147000.0,0.0,0.0,147000.0,12250.0
2024-03,8396,MSI GEFORCE RTX 3050 VENTUS 2X OC 6GB 96-bit DDR6 Videocard,GRAPHIC CARD,8.0,113600.0,0.0,0.0,113600.0,14200.0
2024-03,9396,Biostar Rx 580 VA5815RQ82 Dual Cooling Fan 8gb 256bit GDdr5 Gaming Videocard,GRAPHIC CARD,9.0,71550.0,0.0,0.0,71550.0,7950.0
2024-03,9883,Asus Prime AMD Radeon RX 9070 OC (PRIME-RX9070-O16G) 16GB 256-Bit GDDR6 Videocard,GRAPHIC CARD,13.0,623350.0,0.0,0.0,623350.0,47950.0
2024-03,9967,MSI Nvidia GeForce RTX 5070 VENTUS 2X OC 12GB 192-bit GDDR7 Videocard,GRAPHIC CARD,11.0,516450.0,0.0,0.0,516450.0,46950.0
2024-03,160,Seagate 1tb ST1000DM010 Harddisk Drive,HARD DISK,3.0,10350.0,0.0,0.0,10350.0,3450.0
2024-03,11573,Aula S75 Pro RGB Gaming Mechanical Wireless Tri-Mode Keyboard Gradient Pink,KEYBOARD,25.0,61250.0,0.0,0.0,61250.0,2450.0
2024-03,4285,Fantech MAXPOWER MK853 Mechanical Gaming Keyboard White - BLUE Switch,KEYBOARD,21.0,31080.0,0.0,0.0,31080.0,1480.0
2024-03,11464,"MSI Cyborg 15 A13VE-2453PHNN 15.6"" FHD IPS 144Hz Intel Core i5-13420H/8GB DDR5-5200/512GB NVMe SSD PCIe Gen4/RTX 4050 6GD6/Win11 Laptop",LAPTOP GA2,1.0,58995.0,0.0,0.0,58995.0,58995.0
2024-03,10304,"Gigabyte Gaming A16 3THK3PH893SH 16.0"" WUXGA 165Hz Ryzen7-260/16GB DDR5/512GB 2x M.2 SSD/ RTX 5050 8GD7/Win11 Laptop",LAPTOP GA3,1.0,68995.0,0.0,0.0,68995.0,68995.0
2024-03,11552,"Asus Vivobook Go 15 E1504FA-BQ5585WSM 15.6""FHD IPS Ryzen 5-40/8GB LPDDR5/512GB M.2 NVMe PCIe 3.0 SSD/Win11 Laptop + HS M365",LAPTOP PR2,1.0,39995.0,0.0,0.0,39995.0,39995.0
2024-03,11461,"MSI Modern 14 F1MG-887PHNN 14.0""FHD IPS Intel Core 7 150U/8GB+8GB DDR4-3200/512GB*1 NVMe SSD PCIe Gen4/Win11 Laptop + OFC + Laptop Bag",LAPTOP PR3,1.0,53995.0,0.0,0.0,53995.0,53995.0
2024-03,11527,"Lenovo V15 G4 ABP 15.6"" FHD Ryzen 7-7730U/8GB DDR4/512GB NVMe SSD/Win11 Pro Laptop SE",LAPTOP PR3,3.0,119985.0,0.0,0.0,119985.0,39995.0
2024-03,11550,"Lenovo V15 G5 IRL 15.6"" Intel Core i5-13420H/16GB DDR5/512GB SSD Laptop/Win11 Laptop SE + Laptop Bag",LAPTOP PR3,2.0,89990.0,0.0,0.0,89990.0,44995.0
2024-03,10286,Lexar LD5S16G56C46ST-BGS 16GB 5600Mhz DDR5 Sodimm Memory,MEMORY,15.0,234000.0,0.0,0.0,234000.0,15600.0
2024-03,10789,Teamgroup Vulcan 16GB 8GBx2 6000Mhz CL38 DDR5 Memory,MEMORY,16.0,232000.0,0.0,0.0,232000.0,14500.0
2024-03,10905,Lexar Ares 8GB LD4U08G32C16LA-RGS 3200Mhz DDR4 RGB Memory Black,MEMORY,19.0,80750.0,0.0,0.0,80750.0,4250.0
2024-03,11052,Biostar Storming V 8GB 3200Mhz DDR4 Memory,MEMORY,14.0,58100.0,0.0,0.0,58100.0,4150.0
2024-03,11185,Crucial 16GB CT16G4SFRA32A 3200Mhz DDR4 Sodimm,MEMORY,14.0,115500.0,0.0,0.0,115500.0,8250.0
2024-03,11327,HKC PC 16gb 3200mhz DDR4 with Heatsink Memory Black,MEMORY,13.0,80535.0,0.0,0.0,80535.0,6195.0
2024-03,11444,FASPEED 8GB 3200Mhz DDR4 with Heatsink Memory,MEMORY,23.0,72450.0,0.0,0.0,72450.0,3150.0
2024-03,11450,HKC PC 8gb 3200mhz DDR4 with Heatsink Memory Black,MEMORY,22.0,75900.0,0.0,0.0,75900.0,3450.0
2024-03,11548,Hiksemi Future 16GB (16x1) HSC516U56C2 5600Mhz CL38 DDR5 Memory Black,MEMORY,15.0,224925.0,0.0,0.0,224925.0,14995.0
2024-03,1372,Ramsta 4gb 1x4 2666mhz Ddr4 Memory,MEMORY,18.0,9000.0,0.0,0.0,9000.0,500.0
2024-03,2489,Ramsta 4gb 1x4 2666mhz Ddr4 Sodimm Memory,MEMORY,18.0,7200.0,0.0,0.0,7200.0,400.0
2024-03,3150,Team Elite TForce Delta 16gb 2x8 3600mhz Ddr4 RGB Memory Black,MEMORY,12.0,109800.0,0.0,0.0,109800.0,9150.0
2024-03,3151,Team Elite TForce Delta 16gb 2x8 3600mhz Ddr4 RGB Memory White,MEMORY,19.0,173850.0,0.0,0.0,173850.0,9150.0
2024-03,4055,Team Elite Plus 8gb 1x8 3200Mhz Ddr4 Memory Black Gold,MEMORY,15.0,71250.0,0.0,0.0,71250.0,4750.0
2024-03,9324,KINGBANK 16GB 1x16 3200mhz DDR4 with Heatsink Memory Silver,MEMORY,11.0,81950.0,0.0,0.0,81950.0,7450.0
2024-03,9794,"Nvision A24K6-S-i704-1625 Intel i7-4700M 16GB 256GB SSD 23.8"" FHD IPS All in One PC",MINI PC,2.0,33900.0,0.0,0.0,33900.0,16950.0
2024-03,10295,Asus B650M-AYW Wifi DDR5 AMD Motherboard,MOTHERBOARD,14.0,102130.0,0.0,0.0,102130.0,7295.0
2024-03,10296,Asus Prime A520M-K/CSM AM4 AMD Motherboard,MOTHERBOARD,14.0,46130.0,0.0,0.0,46130.0,3295.0
2024-03,10647,ASUS PRIME B850M-A WIFI-CSM Socket AM5 DDR5 Motherboard,MOTHERBOARD,17.0,195415.0,0.0,0.0,195415.0,11495.0
2024-03,10675,MSI B650M GAMING WIFI AM5 DDR5 Motherboard,MOTHERBOARD,11.0,81345.0,0.0,0.0,81345.0,7395.0
2024-03,11556,Gigabyte B550M-K Socket Am4 Ddr4 Motherboard,MOTHERBOARD,11.0,54450.0,0.0,0.0,54450.0,4950.0
2024-03,11558,Asus B760M-AYW WIFI Socket LGA 1700 Ddr4 Motherboard,MOTHERBOARD,10.0,93500.0,0.0,0.0,93500.0,9350.0
2024-03,11593,Gigabyte B860M GAMING X WIFI6E LGA1851 Socket Ddr5 Motherboard,MOTHERBOARD,11.0,133045.0,0.0,0.0,133045.0,12095.0
2024-03,2756,MSI B550M Pro VDH Wifi Socket Am4 Ddr4 Motherboard,MOTHERBOARD,15.0,95250.0,0.0,0.0,95250.0,6350.0
2024-03,3367,MSI A520m-A Pro Socket Am4 Ddr4 Motherboard,MOTHERBOARD,12.0,39000.0,0.0,0.0,39000.0,3250.0
2024-03,4492,Asus Prime B550M-A Wifi II Socket Am4 Ddr4 Gaming Motherboard,MOTHERBOARD,14.0,90300.0,0.0,0.0,90300.0,6450.0
2024-03,7615,MSI B650M Project zero socket LGA AM5 DDR5 Motherboard,MOTHERBOARD,9.0,115650.0,0.0,0.0,115650.0,12850.0
2024-03,8617,Asrock A520M-HVS Socket Am4 DDR4 Motherboard,MOTHERBOARD,12.0,37800.0,0.0,0.0,37800.0,3150.0
2024-03,9385,Biostar A520MHP Socket Am4 DDR4 Motherboard,MOTHERBOARD,11.0,31845.0,0.0,0.0,31845.0,2895.0
2024-03,9759,MSI PRO X870-P WIFI Ddr5 AM5 Motherboard,MOTHERBOARD,5.0,89750.0,0.0,0.0,89750.0,17950.0
2024-03,9879,MSI B550M-A PRO Socket Am4 Ddr4 Motherboard,MOTHERBOARD,17.0,79050.0,0.0,0.0,79050.0,4650.0
2024-03,9970,Asus Prime B550M-K ARGB Socket Am4 Ddr4 Motherboard,MOTHERBOARD,10.0,48500.0,0.0,0.0,48500.0,4850.0
2024-03,10488,RAKK DASIG X3 Ambidextrous Hotswap Trimode PAW3311 Huano 80M RGB Gaming Mouse Black,MOUSE,9.0,8955.0,0.0,0.0,8955.0,995.0
2024-03,10489,RAKK DASIG X3 Ambidextrous Hotswap Trimode PAW3311 Huano 80M RGB Gaming Mouse White,MOUSE,20.0,19900.0,0.0,0.0,19900.0,995.0
2024-03,10776,RAKK TALAN AERO X PAW3395 8K Polling Omron Optical Trimode Lightweight 55g Gaming Mouse Black,MOUSE,14.0,30730.0,0.0,0.0,30730.0,2195.0
2024-03,10994,Logitech G 502X Wired Gaming Mouse White,MOUSE,8.0,24760.0,0.0,0.0,24760.0,3095.0
2024-03,3513,Logitech G102 Lightsync Gaming Mouse Black,MOUSE,12.0,11160.0,0.0,0.0,11160.0,930.0
2024-03,3700,Logitech G102 Lightsync Gaming Mouse White,MOUSE,13.0,12090.0,0.0,0.0,12090.0,930.0
2024-03,9299,RAKK DASIG LITE Huano Switch RGB Gaming Mouse,MOUSE,9.0,2520.0,0.0,0.0,2520.0,280.0
2024-03,11172,DITO Home WoWFi Lite 4G WiFi Router,NETWORK DEVICE,5.0,4900.0,0.0,0.0,4900.0,980.0
2024-03,11173,DITO Home WoWFi Pro 5G WiFi Router,NETWORK DEVICE,3.0,4470.0,0.0,0.0,4470.0,1490.0
2024-03,11356,TP-Link Archer BE220 Dual Band Wi-Fi 7 Router,NETWORK DEVICE,3.0,6750.0,0.0,0.0,6750.0,2250.0
2024-03,11460,ASUS RT-BE50 BE3600 Dual Band WiFi 7 Router,NETWORK DEVICE,9.0,26955.0,0.0,0.0,26955.0,2995.0
2024-03,130,Tp-Link TL-WA901ND Wireless N Access Point,NETWORK DEVICE,2.0,3788.0,0.0,0.0,3788.0,1894.0
2024-03,1693,TP-Link TL-WR820N 300Mbps Multimode Wi-Fi Router,NETWORK DEVICE,6.0,2940.0,0.0,0.0,2940.0,490.0
2024-03,10146,MSI PANO 110R PZ Mid Tower Gaming PC Case Black,PC CASE,18.0,75600.0,0.0,0.0,75600.0,4200.0
2024-03,10518,NZXT H6 Flow CC-H61FW-01 Tempered Glass ATX PC Case White,PC CASE,13.0,56550.0,0.0,0.0,56550.0,4350.0
2024-03,10519,NZXT H7 Flow (2024) CM-H72FW-01 ATX PC Case White,PC CASE,9.0,41850.0,0.0,0.0,41850.0,4650.0
2024-03,10520,NZXT H7 Flow RGB (2024) CM-H72FB-R1 ATX PC Case Black,PC CASE,10.0,43500.0,0.0,0.0,43500.0,4350.0
2024-03,10668,CoolerMaster Elite 302 ARGB Micro ATX PC Case Black,PC CASE,5.0,14975.0,0.0,0.0,14975.0,2995.0
2024-03,10808,MSI PAG PANO M110A ARGB Micro ATX PC Case Black,PC CASE,10.0,24500.0,0.0,0.0,24500.0,2450.0
2024-03,10828,DarkFlash Floatron F1 Micro ATX PC Case Black & White,PC CASE,10.0,39950.0,0.0,0.0,39950.0,3995.0
2024-03,10928,CoolerMaster Qube 540 Moonstone ATX PC Case,PC CASE,12.0,47940.0,0.0,0.0,47940.0,3995.0
2024-03,10963,CoolerMaster Elite 600 ARGB ATX Mid Tower PC Case Black,PC CASE,13.0,69550.0,0.0,0.0,69550.0,5350.0
2024-03,10972,Asus A31 Tempered Glass Mid Tower ATX PC Case White,PC CASE,7.0,23800.0,0.0,0.0,23800.0,3400.0
2024-03,11002,RAKK TANAN MATX Tempered Glass with PSU and Fans,PC CASE,10.0,12950.0,0.0,0.0,12950.0,1295.0
2024-03,11068,DarkFlash M305 with 3 RGB Fan Micro ATX Tempered Glass Gaming PC Case Black,PC CASE,20.0,27900.0,0.0,0.0,27900.0,1395.0
2024-03,11102,YGT Mars 9 Micro ATX PC Case with PSU Black,PC CASE,8.0,6360.0,0.0,0.0,6360.0,795.0
2024-03,11131,Asus A21 Tempered Glass Micro ATX PC Case Black,PC CASE,13.0,38935.0,0.0,0.0,38935.0,2995.0
2024-03,11306,Gamdias Aura GC10 v2 ARGB Dual Chamber Micro ATX PC Case Black,PC CASE,8.0,19960.0,0.0,0.0,19960.0,2495.0
2024-03,11406,Cougar MX110 RGB Mid Tower Tempered Glass ATX PC Case Black,PC CASE,8.0,18800.0,0.0,0.0,18800.0,2350.0
2024-03,11546,YGT 420B Micro ATX PC Case Black,PC CASE,5.0,6250.0,0.0,0.0,6250.0,1250.0
2024-03,6579,InPlay Wind 01 Acrylic Side Panel Micro ATX PC Case,PC CASE,10.0,0.0,0.0,0.0,0.0,0.0
2024-03,7367,MSI MAG Forge M100A Auto RGB Micro ATX PC Case Black,PC CASE,5.0,10950.0,0.0,0.0,10950.0,2190.0
2024-03,9897,YGT V100 Micro ATX PC Case with PSU White,PC CASE,11.0,9790.0,0.0,0.0,9790.0,890.0
2024-03,9973,MSI MAG PANO 100R Project Zero Micro ATX PC Case Black,PC CASE,7.0,46550.0,0.0,0.0,46550.0,6650.0
2024-03,10052,Asus Prime 650W 80+ Bronze Power Supply,POWER SUPPLY,15.0,54750.0,0.0,0.0,54750.0,3650.0
2024-03,10208,Asus Prime AP-850W 80+ Gold Full Modular Power Supply,POWER SUPPLY,10.0,74950.0,0.0,0.0,74950.0,7495.0
2024-03,10376,ASRock Pro-650B 650W 80+ Bronze Non-Modular ATX 3.1 Power Supply,POWER SUPPLY,13.0,34450.0,0.0,0.0,34450.0,2650.0
2024-03,10679,ASRock Steel Legend SL-1000G 1000W 80+ Gold Cybenetics Gold ATX 3.1 Full Modular Power Supply,POWER SUPPLY,12.0,113400.0,0.0,0.0,113400.0,9450.0
2024-03,11266,Acer AC-500 500W Non-Modular 80+ Bronze Power Supply Black,POWER SUPPLY,11.0,13750.0,0.0,0.0,13750.0,1250.0
2024-03,11267,Acer AC-650 650W Non-Modular 80+ Bronze Power Supply Black,POWER SUPPLY,15.0,26835.0,0.0,0.0,26835.0,1789.0
2024-03,11332,Acer AC-750 750W Non-Modular 80+ Bronze Power Supply Black,POWER SUPPLY,7.0,14700.0,0.0,0.0,14700.0,2100.0
2024-03,176,Intelligent 700 watts Power Supply,POWER SUPPLY,5.0,2250.0,0.0,0.0,2250.0,450.0
2024-03,4079,MSI MAG A650BN 650Watts 80+ Non-Modular Power Supply Bronze,POWER SUPPLY,15.0,49425.0,0.0,0.0,49425.0,3295.0
2024-03,4080,MSI MAG A550BN 550Watts 80+ Non-Modular Power Supply Bronze,POWER SUPPLY,12.0,34260.0,0.0,0.0,34260.0,2855.0
2024-03,6242,MSI MAG A600DN 600W 80+ Power Supply,POWER SUPPLY,11.0,30415.0,0.0,0.0,30415.0,2765.0
2024-03,7838,MSI MAG A850GL 850Watts PCIE5 80+ Full Modular Power Supply Gold Black,POWER SUPPLY,15.0,108450.0,0.0,0.0,108450.0,7230.0
2024-03,8542,Acer AC-550 550w Full Modular 80plus Bronze Power Supply,POWER SUPPLY,14.0,20090.0,0.0,0.0,20090.0,1435.0
2024-03,8543,Acer AC-650 650w Full Modular  80plus Bronze Power Supply,POWER SUPPLY,6.0,12330.0,0.0,0.0,12330.0,2055.0
2024-03,9703,CoolerMaster MWE 650W V3 (MPE-6501-ACABW-3BUS) 80+ Bronze ATX 3.1 Power Supply,POWER SUPPLY,13.0,49530.0,0.0,0.0,49530.0,3810.0
2024-03,9938,CoolerMaster MWE 750W V3 (MPE-7501-ACABW-3BUS) 80+ Bronze ATX 3.1 Power Supply,POWER SUPPLY,13.0,56134.0,0.0,0.0,56134.0,4318.0
2024-03,11599,Epson L3350 Wi-Fi Multi Functional Integrated Ink Tank Printer,PRINTER AND SCANNER,1.0,10530.0,0.0,0.0,10530.0,10530.0
2024-03,2008,Canon Pixma TS207 Printer Inkjet,PRINTER AND SCANNER,5.0,11150.0,0.0,0.0,11150.0,2230.0
2024-03,3940,Epson L121 Ink Tank Printer,PRINTER AND SCANNER,3.0,16350.0,0.0,0.0,16350.0,5450.0
2024-03,10057,AMD Ryzen 9 9900X 4.4GHz AM5 Socket DDR5 Processor TTP,PROCESSOR,9.0,224550.0,0.0,0.0,224550.0,24950.0
2024-03,10102,AMD Ryzen 7 7700 Socket AM5 3.8GHz Processor MPK,PROCESSOR,10.0,119500.0,0.0,0.0,119500.0,11950.0
2024-03,10110,AMD Ryzen 5 5500GT 3.6GHz AM4 Socket DDR4 Processor MPK,PROCESSOR,7.0,56665.0,0.0,0.0,56665.0,8095.0
2024-03,10911,Intel Core i9-14900K Raptor Lake Socket LGA 1700 3.20GHz Processor MPK,PROCESSOR,10.0,319500.0,0.0,0.0,319500.0,31950.0
2024-03,10938,AMD Ryzen 5 8400F 4.2GHz AM5 Socket DDR5 Processor MPK,PROCESSOR,18.0,161100.0,0.0,0.0,161100.0,8950.0
2024-03,11064,AMD Ryzen 5 3400g 3.7ghz AM4 Socket DDR4 Processor MPK,PROCESSOR,15.0,56925.0,0.0,0.0,56925.0,3795.0
2024-03,11065,AMD Ryzen 7 8700F 4.1ghz AM5 Socket DDR5 Processor MPK,PROCESSOR,16.0,151200.0,0.0,0.0,151200.0,9450.0
2024-03,11592,Intel Core Ultra 7 processor 270K Plus LGA 1851 5.5Ghz Processor,PROCESSOR,7.0,146650.0,0.0,0.0,146650.0,20950.0
2024-03,4513,AMD Ryzen 5 5600X Socket AM4 3.7GHz Processor with Wraith Stealth Cooler MPK,PROCESSOR,18.0,161100.0,0.0,0.0,161100.0,8950.0
2024-03,5640,AMD Ryzen 5 5500 Socket Am4 3.6GHz Processor with AMD wraith cooler MPK,PROCESSOR,11.0,57200.0,0.0,0.0,57200.0,5200.0
2024-03,5663,AMD Ryzen 5 5600 Socket Am4 3.5GHz Processor with Wraith stealth cooler MPK,PROCESSOR,15.0,108000.0,0.0,0.0,108000.0,7200.0
2024-03,7098,AMD Ryzen 7 5700G Socket Am4 3.8GHz with Radeon Vega 8 wraith stealth cooler Processor MPK,PROCESSOR,14.0,171500.0,0.0,0.0,171500.0,12250.0
2024-03,7929,AMD Ryzen 7 5700X Socket AM4 3.4GHz Processor with AMD Wraith Stealth cooler MPK,PROCESSOR,11.0,109450.0,0.0,0.0,109450.0,9950.0
2024-03,8432,AMD Ryzen 3 3200g PRO Socket Am4 3.6ghz with Radeon Vega 8 Processor MPK,PROCESSOR,14.0,47530.0,0.0,0.0,47530.0,3395.0
2024-03,9608,AMD RYZEN 7 7800X3D Socket AM5 D5 5.0ghz with Radeon Graphics processor TTP,PROCESSOR,21.0,387450.0,0.0,0.0,387450.0,18450.0
2024-03,9614,AMD RYZEN 7 9800X3D Socket AM5 D5 5.2ghz with Radeon Graphics processor,PROCESSOR,15.0,419250.0,0.0,0.0,419250.0,27950.0
2024-03,9776,AMD Ryzen 5 5600GT 3.6GHz AM4 Socket DDR4 Processor MPK,PROCESSOR,12.0,110340.0,0.0,0.0,110340.0,9195.0
2024-03,9841,Intel Core i5-14400 4.7GHz LGA 1700 Processor MPK,PROCESSOR,11.0,131450.0,0.0,0.0,131450.0,11950.0
2024-03,10697,Lexar NQ100 256GB Solid State Drive SATA 2.5,SOLID STATE DRIVE,16.0,63920.0,0.0,0.0,63920.0,3995.0
2024-03,10797,Lexar NM620 1TB M.2 NVME Solid State Drive,SOLID STATE DRIVE,20.0,162000.0,0.0,0.0,162000.0,8100.0
2024-03,10804,Team Group MP33 512GB M.2 PCIe Gen3.0 x4 NVME 1.3 Solid State Drive,SOLID STATE DRIVE,24.0,150000.0,0.0,0.0,150000.0,6250.0
2024-03,11148,Teamgroup T-Force GA Pro 1TB NVMe M.2 Gen 5 Solid State Drive,SOLID STATE DRIVE,17.0,184450.0,0.0,0.0,184450.0,10850.0
2024-03,11152,Hiksemi Wave S 256B SATA 2.5 Solid State Drive,SOLID STATE DRIVE,20.0,67000.0,0.0,0.0,67000.0,3350.0
2024-03,11269,Hiksemi Wave P 256GB PCIE Gen3 M.2 Solid State Drive,SOLID STATE DRIVE,29.0,101355.0,0.0,0.0,101355.0,3495.0
2024-03,11323,ESGaming 512GB SATA 2.5 Solid State Drive,SOLID STATE DRIVE,26.0,114270.0,0.0,0.0,114270.0,4395.0
2024-03,11577,Apacer AS2280P4 512GB PCIe Gen 3x4 M.2 NVMe Solid State Drive,SOLID STATE DRIVE,21.0,111195.0,0.0,0.0,111195.0,5295.0
2024-03,1681,Team Group GX2 Solid State Drive 256gb SATA 2.5,SOLID STATE DRIVE,28.0,96600.0,0.0,0.0,96600.0,3450.0
2024-03,1909,Lexar NS10 Lite Solid State Drive 120gb SATA 2.5,SOLID STATE DRIVE,30.0,43500.0,0.0,0.0,43500.0,1450.0
2024-03,6856,Team Group MP33 256GB M.2 PCIe NVME Solid State Drive,SOLID STATE DRIVE,18.0,60300.0,0.0,0.0,60300.0,3350.0
2024-03,6936,Adata SU650 Solid State Drive 512GB SATA 2.5,SOLID STATE DRIVE,9.0,44955.0,0.0,0.0,44955.0,4995.0
2024-03,2991,APC Back-Ups BVX650I-PH 360 Watts 650va with Avr Universal Sockets Ups,UPS & AVR,13.0,28600.0,0.0,0.0,28600.0,2200.0
2024-03,36,Secure 220v Avr,UPS & AVR,6.0,1500.0,0.0,0.0,1500.0,250.0
2024-03,454,Secure 650va Ups,UPS & AVR,14.0,20300.0,0.0,0.0,20300.0,1450.0
2024-04,10952,EPOS Sennheiser Impact SC 260 ED Headset,AUDIO,6.0,7920.0,0.0,0.0,7920.0,1320.0
2024-04,10991,Logitech G PRO X Wired 7.1 Gaming Headset,AUDIO,1.0,4550.0,0.0,0.0,4550.0,4550.0
2024-04,10993,Logitech G PRO X Wired 7.1 Gaming Headset (League of Legends Edition),AUDIO,1.0,4550.0,0.0,0.0,4550.0,4550.0
2024-04,11507,Accutone UB210 Noise Cancelling Headset Black,AUDIO,3.0,4650.0,0.0,0.0,4650.0,1550.0
2024-04,11508,Accutone Sonar 280 Wireless & Wired Noise Cancelling Headset Black,AUDIO,3.0,6180.0,0.0,0.0,6180.0,2060.0
2024-04,11509,Accutone Converse 95 Noise Cancelling Headset Black,AUDIO,2.0,4640.0,0.0,0.0,4640.0,2320.0
2024-04,11510,Accutone Nexus 2000 MagSafe Speaker Blue,AUDIO,9.0,11250.0,0.0,0.0,11250.0,1250.0
2024-04,11511,Accutone Nexus 2000 MagSafe Speaker Gray,AUDIO,3.0,3750.0,0.0,0.0,3750.0,1250.0
2024-04,11512,Accutone Nexus 2000 MagSafe Speaker Pink,AUDIO,1.0,1250.0,0.0,0.0,1250.0,1250.0
2024-04,11612,Accutone UB101 Stereo USB Headset Black,AUDIO,3.0,1035.0,0.0,0.0,1035.0,345.0
2024-04,7652,RAKK SONIDO 7.1 Virtual Surround RGB Gaming Headset USB Black,AUDIO,2.0,1990.0,0.0,0.0,1990.0,995.0
2024-04,8581,Edifier W820NB Plus Active Noice Cancellation Bluetooth Stereo Wireless Headset Ivory,AUDIO,3.0,5550.0,0.0,0.0,5550.0,1850.0
2024-04,7824,Hikvision E-HWID 2.8MM Eco-HiWatch 2.mm IR Dome E-HWID,CAMERA,6.0,8700.0,0.0,0.0,8700.0,1450.0
2024-04,78,A4Tech KRS-8572 Usb Keyboard and Mouse Black,COMBO,41.0,20910.0,0.0,0.0,20910.0,510.0
2024-04,9301,RAKK APTAS ILLUMINATED / Membrane Keyboard and Mouse / No software / Rainbow lighting / Black,COMBO,38.0,10830.0,0.0,0.0,10830.0,285.0
2024-04,10370,DarkFlash Infinity 34 3in1 ARGB Chassis Fan Black,COOLING,7.0,8050.0,0.0,0.0,8050.0,1150.0
2024-04,10373,DarkFlash Infinity 34 Single ARGB Chassis Fan White,COOLING,10.0,4200.0,0.0,0.0,4200.0,420.0
2024-04,10386,MSI MAG COREFROZR AA13 ARGB CPU Air Cooler black,COOLING,3.0,3585.0,0.0,0.0,3585.0,1195.0
2024-04,10590,YGT Cyber-120IFB 3in1 ARGB Chassis Fan Black,COOLING,9.0,4950.0,0.0,0.0,4950.0,550.0
2024-04,10743,NZXT F120 RGB Duo Triple Pack (RF-D12TF-W1) with RGB Controller Chassis Fan White,COOLING,13.0,19500.0,0.0,0.0,19500.0,1500.0
2024-04,10839,CoolerMaster Hyper 212 3DHP ARGB CPU Air Cooler Black,COOLING,14.0,19530.0,0.0,0.0,19530.0,1395.0
2024-04,10858,DarkFlash E400 Plus Matrix Display CPU Air Cooler White,COOLING,7.0,11550.0,0.0,0.0,11550.0,1650.0
2024-04,10930,CoolerMaster MasterLiquid 240L Core Liquid Cooling Black,COOLING,8.0,29600.0,0.0,0.0,29600.0,3700.0
2024-04,10966,CoolerMaster V4 Alpha 3DHP CPU Air Cooler Black,COOLING,2.0,3790.0,0.0,0.0,3790.0,1895.0
2024-04,10990,BeQuiet Silent Wings 4 (BL094) 120mm PWM High Speed Single Chassis Fan Black,COOLING,13.0,15600.0,0.0,0.0,15600.0,1200.0
2024-04,11005,Asus AR120 ARGB PWM Single Chassis Fan Black,COOLING,17.0,2550.0,0.0,0.0,2550.0,150.0
2024-04,11159,Jungle Leopard Chill Arc 360mm ARGB Liquid Cooling Black,COOLING,12.0,131400.0,0.0,0.0,131400.0,10950.0
2024-04,11160,Jungle Leopard Chill Arc 360mm ARGB Liquid Cooling White,COOLING,13.0,146835.0,0.0,0.0,146835.0,11295.0
2024-04,11216,CoolerMaster MasterLiquid Core Nex 360 ARGB CPU Liquid Cooler Black,COOLING,14.0,62300.0,0.0,0.0,62300.0,4450.0
2024-04,6174,Deepcool TW-003 CPU Air Cooler,COOLING,10.0,4000.0,0.0,0.0,4000.0,400.0
2024-04,7,AMD Stock Heatsink Fan,COOLING,5.0,700.0,0.0,0.0,700.0,140.0
2024-04,7501,DarkFlash DM12 F Single ARGB Chassis Fan Black,COOLING,13.0,3055.0,0.0,0.0,3055.0,235.0
2024-04,7502,DarkFlash DM12 F Single ARGB Chassis Fan White,COOLING,7.0,1995.0,0.0,0.0,1995.0,285.0
2024-04,7505,DarkFlash Infinity24 Single ARGB Chassis Fan Black,COOLING,8.0,2280.0,0.0,0.0,2280.0,285.0
2024-04,9737,MSI MAG Coreliquid A13 240 CPU Liquid Cooler Black,COOLING,18.0,65700.0,0.0,0.0,65700.0,3650.0
2024-04,9835,MSI MAG Coreliquid A13 360 CPU Liquid Cooler Black,COOLING,5.0,21400.0,0.0,0.0,21400.0,4280.0
2024-04,9836,MSI MAG Coreliquid A13 360 CPU Liquid Cooler White,COOLING,7.0,28980.0,0.0,0.0,28980.0,4140.0
2024-04,10425,"ViewSonic VA24G1-H 24"" FHD 144Hz IPS Monitor",DISPLAY,14.0,58100.0,0.0,0.0,58100.0,4150.0
2024-04,10540,"ASUS ROG Strix XG27ACMES 27"" QHD 255Hz-OC Fast IPS Monitor",DISPLAY,7.0,111965.0,0.0,0.0,111965.0,15995.0
2024-04,10711,"ASUS TUF Gaming Series 5 VG259QMR5A 24.5"" FHD 310Hz(OC) Fast-IPS Monitor",DISPLAY,9.0,85455.0,0.0,0.0,85455.0,9495.0
2024-04,10836,"AOC 24G11ZE 23.8"" 240Hz OC FHD Fast IPS Monitor",DISPLAY,11.0,72545.0,0.0,0.0,72545.0,6595.0
2024-04,10918,"Philips 24E2G2200 23.8"" 144Hz IPS FHD Monitor",DISPLAY,7.0,29365.0,0.0,0.0,29365.0,4195.0
2024-04,10919,"Philips 27E2G2200 27"" 144Hz IPS FHD Monitor",DISPLAY,14.0,83930.0,0.0,0.0,83930.0,5995.0
2024-04,10940,"MSI MAG 245F X24 23.8"" 240Hz FHD Rapid IPS Monitor",DISPLAY,12.0,77400.0,0.0,0.0,77400.0,6450.0
2024-04,10941,"MSI MAG 272F X24 27"" 240Hz FHD Rapid IPS Monitor",DISPLAY,5.0,44750.0,0.0,0.0,44750.0,8950.0
2024-04,11074,"AOC 24B36XE 23.8"" FHD 144Hz IPS Monitor",DISPLAY,11.0,46750.0,0.0,0.0,46750.0,4250.0
2024-04,11127,"Nvision N2455GT-B 23.8"" FHD 144Hz IPS Monitor",DISPLAY,9.0,35550.0,0.0,0.0,35550.0,3950.0
2024-04,11151,"MSI MAG 275QF E20 27"" WQHD 200Hz Rapid IPS Monitor",DISPLAY,6.0,69000.0,0.0,0.0,69000.0,11500.0
2024-04,11208,"Gamdias Atlas HD24IF IV 23.8"" 240Hz FHD Fast IPS Monitor Black",DISPLAY,4.0,23480.0,0.0,0.0,23480.0,5870.0
2024-04,11258,"AOC Q27G4SL/WS 27"" QHD 320Hz Fast IPS HDR 400 Monitor",DISPLAY,8.0,110400.0,0.0,0.0,110400.0,13800.0
2024-04,11472,"MSI PRO MP251 E14L 24.5"" 144HZ FHD IPS Monitor",DISPLAY,14.0,60550.0,0.0,0.0,60550.0,4325.0
2024-04,11473,"Asus TUF Gaming VG259QM5A 24.5"" 240Hz IPS Gaming Monitor",DISPLAY,1.0,7895.0,0.0,0.0,7895.0,7895.0
2024-04,11528,"LG 24U411A-B 23.8"" 120Hz FHD IPS Monitor",DISPLAY,3.0,10950.0,0.0,0.0,10950.0,3650.0
2024-04,7785,Nvision N190V8 19' LED Monitor,DISPLAY,6.0,10200.0,0.0,0.0,10200.0,1700.0
2024-04,7786,"Nvision N200V8 20"" LED Monitor",DISPLAY,6.0,10290.0,0.0,0.0,10290.0,1715.0
2024-04,8060,"Nvision H22V8 21.5"" LED Monitor",DISPLAY,6.0,13440.0,0.0,0.0,13440.0,2240.0
2024-04,9904,"Viewsonic VX2479A-HD-PRO 24"" 240Hz FHD 1MS MPRT IPS HDR10 Gaming Monitor",DISPLAY,5.0,31650.0,0.0,0.0,31650.0,6330.0
2024-04,11003,RAKK SUKOG LITE 800x400x3mm Mousepad Black,GAMING SURFACE,16.0,3040.0,0.0,0.0,3040.0,190.0
2024-04,10053,ASUS Dual Nvidia Geforce RTX 3050 OC Edition (DUAL-RTX3050-O6G) 6GB 96-bit GDRR6 Videocard,GRAPHIC CARD,9.0,130050.0,0.0,0.0,130050.0,14450.0
2024-04,10072,MSI Nvidia GeForce RTX 5060 VENTUS 2X OC (G5060-8V2C) 8GB 128-bit GDDR7 Videocard,GRAPHIC CARD,6.0,147000.0,0.0,0.0,147000.0,24500.0
2024-04,10080,Gigabyte Nvidia GeForce RTX 5060 AERO OC (GV-N5060AERO-OC-8GD) 8GB 128-bit GDDR7 Videocard,GRAPHIC CARD,6.0,154500.0,0.0,0.0,154500.0,25750.0
2024-04,10152,MSI GeForce RTX 5070 Ti VENTUS 3X OC (G507T-16V3C) 16GB 256-bit GDDR7 Videocard,GRAPHIC CARD,7.0,461650.0,0.0,0.0,461650.0,65950.0
2024-04,10155,ASUS DUAL GeForce RTX 5060 (DUAL-RTX5060-8G) 8GB 128-bit GDDR7 Videocard,GRAPHIC CARD,10.0,249500.0,0.0,0.0,249500.0,24950.0
2024-04,10206,ASUS Dual RX 7600 EVO OC Edition DUAL-RX7600-O8G-EVO 8GB 128-bit GDDR6 Videocard,GRAPHIC CARD,7.0,160650.0,0.0,0.0,160650.0,22950.0
2024-04,10207,ASUS Prime AMD Radeon RX 9060 XT OC (PRIME-RX9060XT-O16G) 16GB 128-Bit GDDR6 Videocard,GRAPHIC CARD,8.0,279600.0,0.0,0.0,279600.0,34950.0
2024-04,10225,MSI Nvidia GeForce RTX 5060 SHADOW 2X OC (G5060-8S2C) 8GB 128-bit GDDR7 Videocard,GRAPHIC CARD,9.0,224550.0,0.0,0.0,224550.0,24950.0
2024-04,10660,MSI Nvidia GeForce RTX 5050 VENTUS 2X OC (G5050-8V2C) 128-bit GDDR6 Videocard,GRAPHIC CARD,7.0,139650.0,0.0,0.0,139650.0,19950.0
2024-04,11557,ASUS DUAL Nvidia GeForce RTX 5060 Ti OC Edition (DUAL-RTX5060TI-O8G) 8GB 128-bit GDDR7 Videocard,GRAPHIC CARD,9.0,260550.0,0.0,0.0,260550.0,28950.0
2024-04,11591,MSI GeForce RTX 5060 Ventus 2X OC v1 (G5060-8V2CV1) 8GB 128-bit GDDR7 Videocard,GRAPHIC CARD,8.0,205200.0,0.0,0.0,205200.0,25650.0
2024-04,11636,Colorful Nvidia GeForce RTX 3050 6GB V4-V 96-bit GDDR6 Videocard,GRAPHIC CARD,9.0,110250.0,0.0,0.0,110250.0,12250.0
2024-04,8396,MSI GEFORCE RTX 3050 VENTUS 2X OC 6GB 96-bit DDR6 Videocard,GRAPHIC CARD,5.0,71000.0,0.0,0.0,71000.0,14200.0
2024-04,9396,Biostar Rx 580 VA5815RQ82 Dual Cooling Fan 8gb 256bit GDdr5 Gaming Videocard,GRAPHIC CARD,13.0,103350.0,0.0,0.0,103350.0,7950.0
2024-04,9883,Asus Prime AMD Radeon RX 9070 OC (PRIME-RX9070-O16G) 16GB 256-Bit GDDR6 Videocard,GRAPHIC CARD,8.0,383600.0,0.0,0.0,383600.0,47950.0
2024-04,9967,MSI Nvidia GeForce RTX 5070 VENTUS 2X OC 12GB 192-bit GDDR7 Videocard,GRAPHIC CARD,11.0,516450.0,0.0,0.0,516450.0,46950.0
2024-04,11573,Aula S75 Pro RGB Gaming Mechanical Wireless Tri-Mode Keyboard Gradient Pink,KEYBOARD,25.0,61250.0,0.0,0.0,61250.0,2450.0
2024-04,4285,Fantech MAXPOWER MK853 Mechanical Gaming Keyboard White - BLUE Switch,KEYBOARD,19.0,28120.0,0.0,0.0,28120.0,1480.0
2024-04,11464,"MSI Cyborg 15 A13VE-2453PHNN 15.6"" FHD IPS 144Hz Intel Core i5-13420H/8GB DDR5-5200/512GB NVMe SSD PCIe Gen4/RTX 4050 6GD6/Win11 Laptop",LAPTOP GA2,4.0,235980.0,0.0,0.0,235980.0,58995.0
2024-04,9998,"Gigabyte Gaming A16 CMHH2PH893SH 16.0"" WUXGA 165Hz Intel Core i5-13420H/16GB DDR5/512GB 2x M.2 SSD/ RTX 4050 6GB/Win11Laptop",LAPTOP GA2,6.0,377970.0,0.0,0.0,377970.0,62995.0
2024-04,11461,"MSI Modern 14 F1MG-887PHNN 14.0""FHD IPS Intel Core 7 150U/8GB+8GB DDR4-3200/512GB*1 NVMe SSD PCIe Gen4/Win11 Laptop + OFC + Laptop Bag",LAPTOP PR3,1.0,53995.0,0.0,0.0,53995.0,53995.0
2024-04,11527,"Lenovo V15 G4 ABP 15.6"" FHD Ryzen 7-7730U/8GB DDR4/512GB NVMe SSD/Win11 Pro Laptop SE",LAPTOP PR3,2.0,79990.0,0.0,0.0,79990.0,39995.0
2024-04,11550,"Lenovo V15 G5 IRL 15.6"" Intel Core i5-13420H/16GB DDR5/512GB SSD Laptop/Win11 Laptop SE + Laptop Bag",LAPTOP PR3,1.0,44995.0,0.0,0.0,44995.0,44995.0
2024-04,10286,Lexar LD5S16G56C46ST-BGS 16GB 5600Mhz DDR5 Sodimm Memory,MEMORY,12.0,187200.0,0.0,0.0,187200.0,15600.0
2024-04,10789,Teamgroup Vulcan 16GB 8GBx2 6000Mhz CL38 DDR5 Memory,MEMORY,12.0,174000.0,0.0,0.0,174000.0,14500.0
2024-04,10905,Lexar Ares 8GB LD4U08G32C16LA-RGS 3200Mhz DDR4 RGB Memory Black,MEMORY,16.0,68000.0,0.0,0.0,68000.0,4250.0
2024-04,11052,Biostar Storming V 8GB 3200Mhz DDR4 Memory,MEMORY,9.0,37350.0,0.0,0.0,37350.0,4150.0
2024-04,11185,Crucial 16GB CT16G4SFRA32A 3200Mhz DDR4 Sodimm,MEMORY,8.0,66000.0,0.0,0.0,66000.0,8250.0
2024-04,11327,HKC PC 16gb 3200mhz DDR4 with Heatsink Memory Black,MEMORY,8.0,49560.0,0.0,0.0,49560.0,6195.0
2024-04,11444,FASPEED 8GB 3200Mhz DDR4 with Heatsink Memory,MEMORY,19.0,59850.0,0.0,0.0,59850.0,3150.0
2024-04,11450,HKC PC 8gb 3200mhz DDR4 with Heatsink Memory Black,MEMORY,13.0,44850.0,0.0,0.0,44850.0,3450.0
2024-04,11548,Hiksemi Future 16GB (16x1) HSC516U56C2 5600Mhz CL38 DDR5 Memory Black,MEMORY,21.0,314895.0,0.0,0.0,314895.0,14995.0
2024-04,1372,Ramsta 4gb 1x4 2666mhz Ddr4 Memory,MEMORY,24.0,12000.0,0.0,0.0,12000.0,500.0
2024-04,2489,Ramsta 4gb 1x4 2666mhz Ddr4 Sodimm Memory,MEMORY,14.0,5600.0,0.0,0.0,5600.0,400.0
2024-04,3150,Team Elite TForce Delta 16gb 2x8 3600mhz Ddr4 RGB Memory Black,MEMORY,15.0,137250.0,0.0,0.0,137250.0,9150.0
2024-04,3151,Team Elite TForce Delta 16gb 2x8 3600mhz Ddr4 RGB Memory White,MEMORY,15.0,137250.0,0.0,0.0,137250.0,9150.0
2024-04,4055,Team Elite Plus 8gb 1x8 3200Mhz Ddr4 Memory Black Gold,MEMORY,9.0,42750.0,0.0,0.0,42750.0,4750.0
2024-04,9324,KINGBANK 16GB 1x16 3200mhz DDR4 with Heatsink Memory Silver,MEMORY,7.0,52150.0,0.0,0.0,52150.0,7450.0
2024-04,11579,Y5Plus Intel Core i7 4650U / 8GB DDr3 / 128GB SSD / WIFI 5 DUAL / 4* USB 3.0 / 2* HDMI 2.0 / 1* RJ45 1000Mbps / 1* Type-C / Windows 11 Pro Mini PC,MINI PC,2.0,19900.0,0.0,0.0,19900.0,9950.0
2024-04,9794,"Nvision A24K6-S-i704-1625 Intel i7-4700M 16GB 256GB SSD 23.8"" FHD IPS All in One PC",MINI PC,1.0,16950.0,0.0,0.0,16950.0,16950.0
2024-04,10295,Asus B650M-AYW Wifi DDR5 AMD Motherboard,MOTHERBOARD,12.0,87540.0,0.0,0.0,87540.0,7295.0
2024-04,10296,Asus Prime A520M-K/CSM AM4 AMD Motherboard,MOTHERBOARD,16.0,52720.0,0.0,0.0,52720.0,3295.0
2024-04,10647,ASUS PRIME B850M-A WIFI-CSM Socket AM5 DDR5 Motherboard,MOTHERBOARD,10.0,114950.0,0.0,0.0,114950.0,11495.0
2024-04,10675,MSI B650M GAMING WIFI AM5 DDR5 Motherboard,MOTHERBOARD,14.0,103530.0,0.0,0.0,103530.0,7395.0
2024-04,11556,Gigabyte B550M-K Socket Am4 Ddr4 Motherboard,MOTHERBOARD,7.0,34650.0,0.0,0.0,34650.0,4950.0
2024-04,11558,Asus B760M-AYW WIFI Socket LGA 1700 Ddr4 Motherboard,MOTHERBOARD,12.0,112200.0,0.0,0.0,112200.0,9350.0
2024-04,11593,Gigabyte B860M GAMING X WIFI6E LGA1851 Socket Ddr5 Motherboard,MOTHERBOARD,13.0,157235.0,0.0,0.0,157235.0,12095.0
2024-04,2756,MSI B550M Pro VDH Wifi Socket Am4 Ddr4 Motherboard,MOTHERBOARD,16.0,101600.0,0.0,0.0,101600.0,6350.0
2024-04,3367,MSI A520m-A Pro Socket Am4 Ddr4 Motherboard,MOTHERBOARD,13.0,42250.0,0.0,0.0,42250.0,3250.0
2024-04,4492,Asus Prime B550M-A Wifi II Socket Am4 Ddr4 Gaming Motherboard,MOTHERBOARD,16.0,103200.0,0.0,0.0,103200.0,6450.0
2024-04,7615,MSI B650M Project zero socket LGA AM5 DDR5 Motherboard,MOTHERBOARD,7.0,89950.0,0.0,0.0,89950.0,12850.0
2024-04,8617,Asrock A520M-HVS Socket Am4 DDR4 Motherboard,MOTHERBOARD,9.0,28350.0,0.0,0.0,28350.0,3150.0
2024-04,9385,Biostar A520MHP Socket Am4 DDR4 Motherboard,MOTHERBOARD,16.0,46320.0,0.0,0.0,46320.0,2895.0
2024-04,9759,MSI PRO X870-P WIFI Ddr5 AM5 Motherboard,MOTHERBOARD,17.0,305150.0,0.0,0.0,305150.0,17950.0
2024-04,9879,MSI B550M-A PRO Socket Am4 Ddr4 Motherboard,MOTHERBOARD,11.0,51150.0,0.0,0.0,51150.0,4650.0
2024-04,9970,Asus Prime B550M-K ARGB Socket Am4 Ddr4 Motherboard,MOTHERBOARD,23.0,111550.0,0.0,0.0,111550.0,4850.0
2024-04,10488,RAKK DASIG X3 Ambidextrous Hotswap Trimode PAW3311 Huano 80M RGB Gaming Mouse Black,MOUSE,16.0,15920.0,0.0,0.0,15920.0,995.0
2024-04,10489,RAKK DASIG X3 Ambidextrous Hotswap Trimode PAW3311 Huano 80M RGB Gaming Mouse White,MOUSE,7.0,6965.0,0.0,0.0,6965.0,995.0
2024-04,10776,RAKK TALAN AERO X PAW3395 8K Polling Omron Optical Trimode Lightweight 55g Gaming Mouse Black,MOUSE,6.0,13170.0,0.0,0.0,13170.0,2195.0
2024-04,10994,Logitech G 502X Wired Gaming Mouse White,MOUSE,11.0,34045.0,0.0,0.0,34045.0,3095.0
2024-04,3513,Logitech G102 Lightsync Gaming Mouse Black,MOUSE,12.0,11160.0,0.0,0.0,11160.0,930.0
2024-04,3700,Logitech G102 Lightsync Gaming Mouse White,MOUSE,2.0,1860.0,0.0,0.0,1860.0,930.0
2024-04,9299,RAKK DASIG LITE Huano Switch RGB Gaming Mouse,MOUSE,7.0,1960.0,0.0,0.0,1960.0,280.0
2024-04,11172,DITO Home WoWFi Lite 4G WiFi Router,NETWORK DEVICE,4.0,3920.0,0.0,0.0,3920.0,980.0
2024-04,11173,DITO Home WoWFi Pro 5G WiFi Router,NETWORK DEVICE,5.0,7450.0,0.0,0.0,7450.0,1490.0
2024-04,11356,TP-Link Archer BE220 Dual Band Wi-Fi 7 Router,NETWORK DEVICE,2.0,4500.0,0.0,0.0,4500.0,2250.0
2024-04,11460,ASUS RT-BE50 BE3600 Dual Band WiFi 7 Router,NETWORK DEVICE,2.0,5990.0,0.0,0.0,5990.0,2995.0
2024-04,130,Tp-Link TL-WA901ND Wireless N Access Point,NETWORK DEVICE,3.0,5682.0,0.0,0.0,5682.0,1894.0
2024-04,1693,TP-Link TL-WR820N 300Mbps Multimode Wi-Fi Router,NETWORK DEVICE,4.0,1960.0,0.0,0.0,1960.0,490.0
2024-04,10146,MSI PANO 110R PZ Mid Tower Gaming PC Case Black,PC CASE,14.0,58800.0,0.0,0.0,58800.0,4200.0
2024-04,10518,NZXT H6 Flow CC-H61FW-01 Tempered Glass ATX PC Case White,PC CASE,6.0,26100.0,0.0,0.0,26100.0,4350.0
2024-04,10519,NZXT H7 Flow (2024) CM-H72FW-01 ATX PC Case White,PC CASE,10.0,46500.0,0.0,0.0,46500.0,4650.0
2024-04,10520,NZXT H7 Flow RGB (2024) CM-H72FB-R1 ATX PC Case Black,PC CASE,5.0,21750.0,0.0,0.0,21750.0,4350.0
2024-04,10668,CoolerMaster Elite 302 ARGB Micro ATX PC Case Black,PC CASE,12.0,35940.0,0.0,0.0,35940.0,2995.0
2024-04,10808,MSI PAG PANO M110A ARGB Micro ATX PC Case Black,PC CASE,9.0,22050.0,0.0,0.0,22050.0,2450.0
2024-04,10828,DarkFlash Floatron F1 Micro ATX PC Case Black & White,PC CASE,11.0,43945.0,0.0,0.0,43945.0,3995.0
2024-04,10928,CoolerMaster Qube 540 Moonstone ATX PC Case,PC CASE,7.0,27965.0,0.0,0.0,27965.0,3995.0
2024-04,10963,CoolerMaster Elite 600 ARGB ATX Mid Tower PC Case Black,PC CASE,8.0,42800.0,0.0,0.0,42800.0,5350.0
2024-04,10972,Asus A31 Tempered Glass Mid Tower ATX PC Case White,PC CASE,15.0,51000.0,0.0,0.0,51000.0,3400.0
2024-04,11002,RAKK TANAN MATX Tempered Glass with PSU and Fans,PC CASE,11.0,14245.0,0.0,0.0,14245.0,1295.0
2024-04,11068,DarkFlash M305 with 3 RGB Fan Micro ATX Tempered Glass Gaming PC Case Black,PC CASE,8.0,11160.0,0.0,0.0,11160.0,1395.0
2024-04,11102,YGT Mars 9 Micro ATX PC Case with PSU Black,PC CASE,22.0,17490.0,0.0,0.0,17490.0,795.0
2024-04,11131,Asus A21 Tempered Glass Micro ATX PC Case Black,PC CASE,6.0,17970.0,0.0,0.0,17970.0,2995.0
2024-04,11306,Gamdias Aura GC10 v2 ARGB Dual Chamber Micro ATX PC Case Black,PC CASE,11.0,27445.0,0.0,0.0,27445.0,2495.0
2024-04,11406,Cougar MX110 RGB Mid Tower Tempered Glass ATX PC Case Black,PC CASE,8.0,18800.0,0.0,0.0,18800.0,2350.0
2024-04,11546,YGT 420B Micro ATX PC Case Black,PC CASE,9.0,11250.0,0.0,0.0,11250.0,1250.0
2024-04,6579,InPlay Wind 01 Acrylic Side Panel Micro ATX PC Case,PC CASE,9.0,0.0,0.0,0.0,0.0,0.0
2024-04,7367,MSI MAG Forge M100A Auto RGB Micro ATX PC Case Black,PC CASE,14.0,30660.0,0.0,0.0,30660.0,2190.0
2024-04,9897,YGT V100 Micro ATX PC Case with PSU White,PC CASE,14.0,12460.0,0.0,0.0,12460.0,890.0
2024-04,9973,MSI MAG PANO 100R Project Zero Micro ATX PC Case Black,PC CASE,8.0,53200.0,0.0,0.0,53200.0,6650.0
2024-04,10052,Asus Prime 650W 80+ Bronze Power Supply,POWER SUPPLY,9.0,32850.0,0.0,0.0,32850.0,3650.0
2024-04,10208,Asus Prime AP-850W 80+ Gold Full Modular Power Supply,POWER SUPPLY,7.0,52465.0,0.0,0.0,52465.0,7495.0
2024-04,10376,ASRock Pro-650B 650W 80+ Bronze Non-Modular ATX 3.1 Power Supply,POWER SUPPLY,14.0,37100.0,0.0,0.0,37100.0,2650.0
2024-04,10679,ASRock Steel Legend SL-1000G 1000W 80+ Gold Cybenetics Gold ATX 3.1 Full Modular Power Supply,POWER SUPPLY,10.0,94500.0,0.0,0.0,94500.0,9450.0
2024-04,11266,Acer AC-500 500W Non-Modular 80+ Bronze Power Supply Black,POWER SUPPLY,10.0,12500.0,0.0,0.0,12500.0,1250.0
2024-04,11267,Acer AC-650 650W Non-Modular 80+ Bronze Power Supply Black,POWER SUPPLY,12.0,21468.0,0.0,0.0,21468.0,1789.0
2024-04,11332,Acer AC-750 750W Non-Modular 80+ Bronze Power Supply Black,POWER SUPPLY,15.0,31500.0,0.0,0.0,31500.0,2100.0
2024-04,176,Intelligent 700 watts Power Supply,POWER SUPPLY,8.0,3600.0,0.0,0.0,3600.0,450.0
2024-04,4079,MSI MAG A650BN 650Watts 80+ Non-Modular Power Supply Bronze,POWER SUPPLY,15.0,49425.0,0.0,0.0,49425.0,3295.0
2024-04,4080,MSI MAG A550BN 550Watts 80+ Non-Modular Power Supply Bronze,POWER SUPPLY,9.0,25695.0,0.0,0.0,25695.0,2855.0
2024-04,6242,MSI MAG A600DN 600W 80+ Power Supply,POWER SUPPLY,17.0,47005.0,0.0,0.0,47005.0,2765.0
2024-04,7838,MSI MAG A850GL 850Watts PCIE5 80+ Full Modular Power Supply Gold Black,POWER SUPPLY,13.0,93990.0,0.0,0.0,93990.0,7230.0
2024-04,8542,Acer AC-550 550w Full Modular 80plus Bronze Power Supply,POWER SUPPLY,13.0,18655.0,0.0,0.0,18655.0,1435.0
2024-04,8543,Acer AC-650 650w Full Modular  80plus Bronze Power Supply,POWER SUPPLY,15.0,30825.0,0.0,0.0,30825.0,2055.0
2024-04,9703,CoolerMaster MWE 650W V3 (MPE-6501-ACABW-3BUS) 80+ Bronze ATX 3.1 Power Supply,POWER SUPPLY,15.0,57150.0,0.0,0.0,57150.0,3810.0
2024-04,9938,CoolerMaster MWE 750W V3 (MPE-7501-ACABW-3BUS) 80+ Bronze ATX 3.1 Power Supply,POWER SUPPLY,22.0,94996.0,0.0,0.0,94996.0,4318.0
2024-04,11598,Epson L3310 Multi Functional Integrated Ink Tank Printer,PRINTER AND SCANNER,3.0,27150.0,0.0,0.0,27150.0,9050.0
2024-04,2008,Canon Pixma TS207 Printer Inkjet,PRINTER AND SCANNER,1.0,2230.0,0.0,0.0,2230.0,2230.0
2024-04,3940,Epson L121 Ink Tank Printer,PRINTER AND SCANNER,1.0,5450.0,0.0,0.0,5450.0,5450.0
2024-04,4804,Canon Pixma MG3070S Compact Wireless All-In-One Printer,PRINTER AND SCANNER,1.0,3425.0,0.0,0.0,3425.0,3425.0
2024-04,10057,AMD Ryzen 9 9900X 4.4GHz AM5 Socket DDR5 Processor TTP,PROCESSOR,9.0,224550.0,0.0,0.0,224550.0,24950.0
2024-04,10102,AMD Ryzen 7 7700 Socket AM5 3.8GHz Processor MPK,PROCESSOR,14.0,167300.0,0.0,0.0,167300.0,11950.0
2024-04,10110,AMD Ryzen 5 5500GT 3.6GHz AM4 Socket DDR4 Processor MPK,PROCESSOR,16.0,129520.0,0.0,0.0,129520.0,8095.0
2024-04,10911,Intel Core i9-14900K Raptor Lake Socket LGA 1700 3.20GHz Processor MPK,PROCESSOR,11.0,351450.0,0.0,0.0,351450.0,31950.0
2024-04,10938,AMD Ryzen 5 8400F 4.2GHz AM5 Socket DDR5 Processor MPK,PROCESSOR,12.0,107400.0,0.0,0.0,107400.0,8950.0
2024-04,11064,AMD Ryzen 5 3400g 3.7ghz AM4 Socket DDR4 Processor MPK,PROCESSOR,4.0,15180.0,0.0,0.0,15180.0,3795.0
2024-04,11065,AMD Ryzen 7 8700F 4.1ghz AM5 Socket DDR5 Processor MPK,PROCESSOR,16.0,151200.0,0.0,0.0,151200.0,9450.0
2024-04,11592,Intel Core Ultra 7 processor 270K Plus LGA 1851 5.5Ghz Processor,PROCESSOR,12.0,251400.0,0.0,0.0,251400.0,20950.0
2024-04,4513,AMD Ryzen 5 5600X Socket AM4 3.7GHz Processor with Wraith Stealth Cooler MPK,PROCESSOR,13.0,116350.0,0.0,0.0,116350.0,8950.0
2024-04,5640,AMD Ryzen 5 5500 Socket Am4 3.6GHz Processor with AMD wraith cooler MPK,PROCESSOR,10.0,52000.0,0.0,0.0,52000.0,5200.0
2024-04,5663,AMD Ryzen 5 5600 Socket Am4 3.5GHz Processor with Wraith stealth cooler MPK,PROCESSOR,13.0,93600.0,0.0,0.0,93600.0,7200.0
2024-04,7098,AMD Ryzen 7 5700G Socket Am4 3.8GHz with Radeon Vega 8 wraith stealth cooler Processor MPK,PROCESSOR,4.0,49000.0,0.0,0.0,49000.0,12250.0
2024-04,7929,AMD Ryzen 7 5700X Socket AM4 3.4GHz Processor with AMD Wraith Stealth cooler MPK,PROCESSOR,4.0,39800.0,0.0,0.0,39800.0,9950.0
2024-04,8432,AMD Ryzen 3 3200g PRO Socket Am4 3.6ghz with Radeon Vega 8 Processor MPK,PROCESSOR,7.0,23765.0,0.0,0.0,23765.0,3395.0
2024-04,9608,AMD RYZEN 7 7800X3D Socket AM5 D5 5.0ghz with Radeon Graphics processor TTP,PROCESSOR,7.0,129150.0,0.0,0.0,129150.0,18450.0
2024-04,9614,AMD RYZEN 7 9800X3D Socket AM5 D5 5.2ghz with Radeon Graphics processor,PROCESSOR,8.0,223600.0,0.0,0.0,223600.0,27950.0
2024-04,9776,AMD Ryzen 5 5600GT 3.6GHz AM4 Socket DDR4 Processor MPK,PROCESSOR,12.0,110340.0,0.0,0.0,110340.0,9195.0
2024-04,9841,Intel Core i5-14400 4.7GHz LGA 1700 Processor MPK,PROCESSOR,11.0,131450.0,0.0,0.0,131450.0,11950.0
2024-04,10697,Lexar NQ100 256GB Solid State Drive SATA 2.5,SOLID STATE DRIVE,20.0,79900.0,0.0,0.0,79900.0,3995.0
2024-04,10797,Lexar NM620 1TB M.2 NVME Solid State Drive,SOLID STATE DRIVE,21.0,170100.0,0.0,0.0,170100.0,8100.0
2024-04,10804,Team Group MP33 512GB M.2 PCIe Gen3.0 x4 NVME 1.3 Solid State Drive,SOLID STATE DRIVE,18.0,112500.0,0.0,0.0,112500.0,6250.0
2024-04,11148,Teamgroup T-Force GA Pro 1TB NVMe M.2 Gen 5 Solid State Drive,SOLID STATE DRIVE,22.0,238700.0,0.0,0.0,238700.0,10850.0
2024-04,11152,Hiksemi Wave S 256B SATA 2.5 Solid State Drive,SOLID STATE DRIVE,20.0,67000.0,0.0,0.0,67000.0,3350.0
2024-04,11269,Hiksemi Wave P 256GB PCIE Gen3 M.2 Solid State Drive,SOLID STATE DRIVE,22.0,76890.0,0.0,0.0,76890.0,3495.0
2024-04,11323,ESGaming 512GB SATA 2.5 Solid State Drive,SOLID STATE DRIVE,24.0,105480.0,0.0,0.0,105480.0,4395.0
2024-04,11577,Apacer AS2280P4 512GB PCIe Gen 3x4 M.2 NVMe Solid State Drive,SOLID STATE DRIVE,12.0,63540.0,0.0,0.0,63540.0,5295.0
2024-04,1681,Team Group GX2 Solid State Drive 256gb SATA 2.5,SOLID STATE DRIVE,17.0,58650.0,0.0,0.0,58650.0,3450.0
2024-04,1909,Lexar NS10 Lite Solid State Drive 120gb SATA 2.5,SOLID STATE DRIVE,28.0,40600.0,0.0,0.0,40600.0,1450.0
2024-04,6856,Team Group MP33 256GB M.2 PCIe NVME Solid State Drive,SOLID STATE DRIVE,15.0,50250.0,0.0,0.0,50250.0,3350.0
2024-04,6936,Adata SU650 Solid State Drive 512GB SATA 2.5,SOLID STATE DRIVE,15.0,74925.0,0.0,0.0,74925.0,4995.0
2024-04,9768,Edifier T5 Powered Subwoofer,SPEAKER,1.0,4950.0,0.0,0.0,4950.0,4950.0
2024-04,2991,APC Back-Ups BVX650I-PH 360 Watts 650va with Avr Universal Sockets Ups,UPS & AVR,15.0,33000.0,0.0,0.0,33000.0,2200.0
2024-04,36,Secure 220v Avr,UPS & AVR,8.0,2000.0,0.0,0.0,2000.0,250.0
2024-04,454,Secure 650va Ups,UPS & AVR,7.0,10150.0,0.0,0.0,10150.0,1450.0
2024-05,10653,RAKK Matik USB Gaming Headset LED Illuminated,AUDIO,2.0,630.0,0.0,0.0,630.0,315.0
2024-05,10952,EPOS Sennheiser Impact SC 260 ED Headset,AUDIO,2.0,2640.0,0.0,0.0,2640.0,1320.0
2024-05,10991,Logitech G PRO X Wired 7.1 Gaming Headset,AUDIO,5.0,22750.0,0.0,0.0,22750.0,4550.0
2024-05,10993,Logitech G PRO X Wired 7.1 Gaming Headset (League of Legends Edition),AUDIO,2.0,9100.0,0.0,0.0,9100.0,4550.0
2024-05,11507,Accutone UB210 Noise Cancelling Headset Black,AUDIO,3.0,4650.0,0.0,0.0,4650.0,1550.0
2024-05,11508,Accutone Sonar 280 Wireless & Wired Noise Cancelling Headset Black,AUDIO,6.0,12360.0,0.0,0.0,12360.0,2060.0
2024-05,11509,Accutone Converse 95 Noise Cancelling Headset Black,AUDIO,2.0,4640.0,0.0,0.0,4640.0,2320.0
2024-05,11510,Accutone Nexus 2000 MagSafe Speaker Blue,AUDIO,4.0,5000.0,0.0,0.0,5000.0,1250.0
2024-05,11511,Accutone Nexus 2000 MagSafe Speaker Gray,AUDIO,4.0,5000.0,0.0,0.0,5000.0,1250.0
2024-05,11512,Accutone Nexus 2000 MagSafe Speaker Pink,AUDIO,4.0,5000.0,0.0,0.0,5000.0,1250.0
2024-05,11612,Accutone UB101 Stereo USB Headset Black,AUDIO,2.0,690.0,0.0,0.0,690.0,345.0
2024-05,7652,RAKK SONIDO 7.1 Virtual Surround RGB Gaming Headset USB Black,AUDIO,3.0,2985.0,0.0,0.0,2985.0,995.0
2024-05,8581,Edifier W820NB Plus Active Noice Cancellation Bluetooth Stereo Wireless Headset Ivory,AUDIO,4.0,7400.0,0.0,0.0,7400.0,1850.0
2024-05,11143,Ad-Link CABLE (V705) VGA 3+4 1.5M,CABLES AND ADAPTERS,1.0,80.0,0.0,0.0,80.0,80.0
2024-05,11144,Ad-Link CABLE (V73) VGA 3+4 (3M),CABLES AND ADAPTERS,3.0,450.0,0.0,0.0,450.0,150.0
2024-05,7824,Hikvision E-HWID 2.8MM Eco-HiWatch 2.mm IR Dome E-HWID,CAMERA,4.0,5800.0,0.0,0.0,5800.0,1450.0
2024-05,78,A4Tech KRS-8572 Usb Keyboard and Mouse Black,COMBO,39.0,19890.0,0.0,0.0,19890.0,510.0
2024-05,9301,RAKK APTAS ILLUMINATED / Membrane Keyboard and Mouse / No software / Rainbow lighting / Black,COMBO,52.0,14820.0,0.0,0.0,14820.0,285.0
2024-05,10370,DarkFlash Infinity 34 3in1 ARGB Chassis Fan Black,COOLING,8.0,9200.0,0.0,0.0,9200.0,1150.0
2024-05,10373,DarkFlash Infinity 34 Single ARGB Chassis Fan White,COOLING,4.0,1680.0,0.0,0.0,1680.0,420.0
2024-05,10386,MSI MAG COREFROZR AA13 ARGB CPU Air Cooler black,COOLING,7.0,8365.0,0.0,0.0,8365.0,1195.0
2024-05,10590,YGT Cyber-120IFB 3in1 ARGB Chassis Fan Black,COOLING,10.0,5500.0,0.0,0.0,5500.0,550.0
2024-05,10743,NZXT F120 RGB Duo Triple Pack (RF-D12TF-W1) with RGB Controller Chassis Fan White,COOLING,6.0,9000.0,0.0,0.0,9000.0,1500.0
2024-05,10839,CoolerMaster Hyper 212 3DHP ARGB CPU Air Cooler Black,COOLING,11.0,15345.0,0.0,0.0,15345.0,1395.0
2024-05,10858,DarkFlash E400 Plus Matrix Display CPU Air Cooler White,COOLING,7.0,11550.0,0.0,0.0,11550.0,1650.0
2024-05,10930,CoolerMaster MasterLiquid 240L Core Liquid Cooling Black,COOLING,5.0,18500.0,0.0,0.0,18500.0,3700.0
2024-05,10966,CoolerMaster V4 Alpha 3DHP CPU Air Cooler Black,COOLING,8.0,15160.0,0.0,0.0,15160.0,1895.0
2024-05,10990,BeQuiet Silent Wings 4 (BL094) 120mm PWM High Speed Single Chassis Fan Black,COOLING,6.0,7200.0,0.0,0.0,7200.0,1200.0
2024-05,11005,Asus AR120 ARGB PWM Single Chassis Fan Black,COOLING,18.0,2700.0,0.0,0.0,2700.0,150.0
2024-05,11159,Jungle Leopard Chill Arc 360mm ARGB Liquid Cooling Black,COOLING,13.0,142350.0,0.0,0.0,142350.0,10950.0
2024-05,11160,Jungle Leopard Chill Arc 360mm ARGB Liquid Cooling White,COOLING,5.0,56475.0,0.0,0.0,56475.0,11295.0
2024-05,11216,CoolerMaster MasterLiquid Core Nex 360 ARGB CPU Liquid Cooler Black,COOLING,8.0,35600.0,0.0,0.0,35600.0,4450.0
2024-05,6174,Deepcool TW-003 CPU Air Cooler,COOLING,4.0,1600.0,0.0,0.0,1600.0,400.0
2024-05,7,AMD Stock Heatsink Fan,COOLING,13.0,1820.0,0.0,0.0,1820.0,140.0
2024-05,7501,DarkFlash DM12 F Single ARGB Chassis Fan Black,COOLING,9.0,2115.0,0.0,0.0,2115.0,235.0
2024-05,7502,DarkFlash DM12 F Single ARGB Chassis Fan White,COOLING,11.0,3135.0,0.0,0.0,3135.0,285.0
2024-05,7505,DarkFlash Infinity24 Single ARGB Chassis Fan Black,COOLING,10.0,2850.0,0.0,0.0,2850.0,285.0
2024-05,9737,MSI MAG Coreliquid A13 240 CPU Liquid Cooler Black,COOLING,18.0,65700.0,0.0,0.0,65700.0,3650.0
2024-05,9835,MSI MAG Coreliquid A13 360 CPU Liquid Cooler Black,COOLING,4.0,17120.0,0.0,0.0,17120.0,4280.0
2024-05,9836,MSI MAG Coreliquid A13 360 CPU Liquid Cooler White,COOLING,7.0,28980.0,0.0,0.0,28980.0,4140.0
2024-05,10425,"ViewSonic VA24G1-H 24"" FHD 144Hz IPS Monitor",DISPLAY,13.0,53950.0,0.0,0.0,53950.0,4150.0
2024-05,10540,"ASUS ROG Strix XG27ACMES 27"" QHD 255Hz-OC Fast IPS Monitor",DISPLAY,8.0,127960.0,0.0,0.0,127960.0,15995.0
2024-05,10711,"ASUS TUF Gaming Series 5 VG259QMR5A 24.5"" FHD 310Hz(OC) Fast-IPS Monitor",DISPLAY,9.0,85455.0,0.0,0.0,85455.0,9495.0
2024-05,10836,"AOC 24G11ZE 23.8"" 240Hz OC FHD Fast IPS Monitor",DISPLAY,7.0,46165.0,0.0,0.0,46165.0,6595.0
2024-05,10918,"Philips 24E2G2200 23.8"" 144Hz IPS FHD Monitor",DISPLAY,9.0,37755.0,0.0,0.0,37755.0,4195.0
2024-05,10919,"Philips 27E2G2200 27"" 144Hz IPS FHD Monitor",DISPLAY,3.0,17985.0,0.0,0.0,17985.0,5995.0
2024-05,10940,"MSI MAG 245F X24 23.8"" 240Hz FHD Rapid IPS Monitor",DISPLAY,7.0,45150.0,0.0,0.0,45150.0,6450.0
2024-05,10941,"MSI MAG 272F X24 27"" 240Hz FHD Rapid IPS Monitor",DISPLAY,7.0,62650.0,0.0,0.0,62650.0,8950.0
2024-05,11074,"AOC 24B36XE 23.8"" FHD 144Hz IPS Monitor",DISPLAY,6.0,25500.0,0.0,0.0,25500.0,4250.0
2024-05,11127,"Nvision N2455GT-B 23.8"" FHD 144Hz IPS Monitor",DISPLAY,7.0,27650.0,0.0,0.0,27650.0,3950.0
2024-05,11151,"MSI MAG 275QF E20 27"" WQHD 200Hz Rapid IPS Monitor",DISPLAY,6.0,69000.0,0.0,0.0,69000.0,11500.0
2024-05,11208,"Gamdias Atlas HD24IF IV 23.8"" 240Hz FHD Fast IPS Monitor Black",DISPLAY,7.0,41090.0,0.0,0.0,41090.0,5870.0
2024-05,11258,"AOC Q27G4SL/WS 27"" QHD 320Hz Fast IPS HDR 400 Monitor",DISPLAY,9.0,124200.0,0.0,0.0,124200.0,13800.0
2024-05,11472,"MSI PRO MP251 E14L 24.5"" 144HZ FHD IPS Monitor",DISPLAY,9.0,38925.0,0.0,0.0,38925.0,4325.0
2024-05,11473,"Asus TUF Gaming VG259QM5A 24.5"" 240Hz IPS Gaming Monitor",DISPLAY,16.0,126320.0,0.0,0.0,126320.0,7895.0
2024-05,11528,"LG 24U411A-B 23.8"" 120Hz FHD IPS Monitor",DISPLAY,5.0,18250.0,0.0,0.0,18250.0,3650.0
2024-05,7785,Nvision N190V8 19' LED Monitor,DISPLAY,6.0,10200.0,0.0,0.0,10200.0,1700.0
2024-05,7786,"Nvision N200V8 20"" LED Monitor",DISPLAY,10.0,17150.0,0.0,0.0,17150.0,1715.0
2024-05,8060,"Nvision H22V8 21.5"" LED Monitor",DISPLAY,6.0,13440.0,0.0,0.0,13440.0,2240.0
2024-05,9904,"Viewsonic VX2479A-HD-PRO 24"" 240Hz FHD 1MS MPRT IPS HDR10 Gaming Monitor",DISPLAY,7.0,44310.0,0.0,0.0,44310.0,6330.0
2024-05,11003,RAKK SUKOG LITE 800x400x3mm Mousepad Black,GAMING SURFACE,16.0,3040.0,0.0,0.0,3040.0,190.0
2024-05,10053,ASUS Dual Nvidia Geforce RTX 3050 OC Edition (DUAL-RTX3050-O6G) 6GB 96-bit GDRR6 Videocard,GRAPHIC CARD,10.0,144500.0,0.0,0.0,144500.0,14450.0
2024-05,10072,MSI Nvidia GeForce RTX 5060 VENTUS 2X OC (G5060-8V2C) 8GB 128-bit GDDR7 Videocard,GRAPHIC CARD,4.0,98000.0,0.0,0.0,98000.0,24500.0
2024-05,10080,Gigabyte Nvidia GeForce RTX 5060 AERO OC (GV-N5060AERO-OC-8GD) 8GB 128-bit GDDR7 Videocard,GRAPHIC CARD,10.0,257500.0,0.0,0.0,257500.0,25750.0
2024-05,10152,MSI GeForce RTX 5070 Ti VENTUS 3X OC (G507T-16V3C) 16GB 256-bit GDDR7 Videocard,GRAPHIC CARD,11.0,725450.0,0.0,0.0,725450.0,65950.0
2024-05,10155,ASUS DUAL GeForce RTX 5060 (DUAL-RTX5060-8G) 8GB 128-bit GDDR7 Videocard,GRAPHIC CARD,11.0,274450.0,0.0,0.0,274450.0,24950.0
2024-05,10206,ASUS Dual RX 7600 EVO OC Edition DUAL-RX7600-O8G-EVO 8GB 128-bit GDDR6 Videocard,GRAPHIC CARD,3.0,68850.0,0.0,0.0,68850.0,22950.0
2024-05,10207,ASUS Prime AMD Radeon RX 9060 XT OC (PRIME-RX9060XT-O16G) 16GB 128-Bit GDDR6 Videocard,GRAPHIC CARD,3.0,104850.0,0.0,0.0,104850.0,34950.0
2024-05,10225,MSI Nvidia GeForce RTX 5060 SHADOW 2X OC (G5060-8S2C) 8GB 128-bit GDDR7 Videocard,GRAPHIC CARD,13.0,324350.0,0.0,0.0,324350.0,24950.0
2024-05,10660,MSI Nvidia GeForce RTX 5050 VENTUS 2X OC (G5050-8V2C) 128-bit GDDR6 Videocard,GRAPHIC CARD,7.0,139650.0,0.0,0.0,139650.0,19950.0
2024-05,11557,ASUS DUAL Nvidia GeForce RTX 5060 Ti OC Edition (DUAL-RTX5060TI-O8G) 8GB 128-bit GDDR7 Videocard,GRAPHIC CARD,7.0,202650.0,0.0,0.0,202650.0,28950.0
2024-05,11591,MSI GeForce RTX 5060 Ventus 2X OC v1 (G5060-8V2CV1) 8GB 128-bit GDDR7 Videocard,GRAPHIC CARD,10.0,256500.0,0.0,0.0,256500.0,25650.0
2024-05,11636,Colorful Nvidia GeForce RTX 3050 6GB V4-V 96-bit GDDR6 Videocard,GRAPHIC CARD,11.0,134750.0,0.0,0.0,134750.0,12250.0
2024-05,8396,MSI GEFORCE RTX 3050 VENTUS 2X OC 6GB 96-bit DDR6 Videocard,GRAPHIC CARD,9.0,127800.0,0.0,0.0,127800.0,14200.0
2024-05,9396,Biostar Rx 580 VA5815RQ82 Dual Cooling Fan 8gb 256bit GDdr5 Gaming Videocard,GRAPHIC CARD,8.0,63600.0,0.0,0.0,63600.0,7950.0
2024-05,9883,Asus Prime AMD Radeon RX 9070 OC (PRIME-RX9070-O16G) 16GB 256-Bit GDDR6 Videocard,GRAPHIC CARD,15.0,719250.0,0.0,0.0,719250.0,47950.0
2024-05,9967,MSI Nvidia GeForce RTX 5070 VENTUS 2X OC 12GB 192-bit GDDR7 Videocard,GRAPHIC CARD,13.0,610350.0,0.0,0.0,610350.0,46950.0
2024-05,160,Seagate 1tb ST1000DM010 Harddisk Drive,HARD DISK,2.0,6900.0,0.0,0.0,6900.0,3450.0
2024-05,11573,Aula S75 Pro RGB Gaming Mechanical Wireless Tri-Mode Keyboard Gradient Pink,KEYBOARD,16.0,39200.0,0.0,0.0,39200.0,2450.0
2024-05,4285,Fantech MAXPOWER MK853 Mechanical Gaming Keyboard White - BLUE Switch,KEYBOARD,25.0,37000.0,0.0,0.0,37000.0,1480.0
2024-05,11464,"MSI Cyborg 15 A13VE-2453PHNN 15.6"" FHD IPS 144Hz Intel Core i5-13420H/8GB DDR5-5200/512GB NVMe SSD PCIe Gen4/RTX 4050 6GD6/Win11 Laptop",LAPTOP GA2,1.0,58995.0,0.0,0.0,58995.0,58995.0
2024-05,11564,"Asus Vivobook 14 X1404VA-EB2200WSM 14.0"" FHD Intel Core 5 120U/8GB DDR5/512GB SSD/Win11 Laptop H&S+M365 + Laptop Bag",LAPTOP PR2,1.0,43995.0,0.0,0.0,43995.0,43995.0
2024-05,11583,"MSI Modern 14 F3HMG-039PHNN 14.0""FHD IPS Ryzen™ AI 5 330/8GB DDR5-5600/512GB*1 NVMe SSD PCIe Gen4/Win11 Laptop + OFC + Laptop Bag",LAPTOP PR2,1.0,47795.0,0.0,0.0,47795.0,47795.0
2024-05,11461,"MSI Modern 14 F1MG-887PHNN 14.0""FHD IPS Intel Core 7 150U/8GB+8GB DDR4-3200/512GB*1 NVMe SSD PCIe Gen4/Win11 Laptop + OFC + Laptop Bag",LAPTOP PR3,3.0,161985.0,0.0,0.0,161985.0,53995.0
2024-05,11527,"Lenovo V15 G4 ABP 15.6"" FHD Ryzen 7-7730U/8GB DDR4/512GB NVMe SSD/Win11 Pro Laptop SE",LAPTOP PR3,2.0,79990.0,0.0,0.0,79990.0,39995.0
2024-05,10286,Lexar LD5S16G56C46ST-BGS 16GB 5600Mhz DDR5 Sodimm Memory,MEMORY,15.0,234000.0,0.0,0.0,234000.0,15600.0
2024-05,10789,Teamgroup Vulcan 16GB 8GBx2 6000Mhz CL38 DDR5 Memory,MEMORY,13.0,188500.0,0.0,0.0,188500.0,14500.0
2024-05,10905,Lexar Ares 8GB LD4U08G32C16LA-RGS 3200Mhz DDR4 RGB Memory Black,MEMORY,16.0,68000.0,0.0,0.0,68000.0,4250.0
2024-05,11052,Biostar Storming V 8GB 3200Mhz DDR4 Memory,MEMORY,11.0,45650.0,0.0,0.0,45650.0,4150.0
2024-05,11185,Crucial 16GB CT16G4SFRA32A 3200Mhz DDR4 Sodimm,MEMORY,15.0,123750.0,0.0,0.0,123750.0,8250.0
2024-05,11327,HKC PC 16gb 3200mhz DDR4 with Heatsink Memory Black,MEMORY,13.0,80535.0,0.0,0.0,80535.0,6195.0
2024-05,11444,FASPEED 8GB 3200Mhz DDR4 with Heatsink Memory,MEMORY,16.0,50400.0,0.0,0.0,50400.0,3150.0
2024-05,11450,HKC PC 8gb 3200mhz DDR4 with Heatsink Memory Black,MEMORY,16.0,55200.0,0.0,0.0,55200.0,3450.0
2024-05,11548,Hiksemi Future 16GB (16x1) HSC516U56C2 5600Mhz CL38 DDR5 Memory Black,MEMORY,11.0,164945.0,0.0,0.0,164945.0,14995.0
2024-05,1372,Ramsta 4gb 1x4 2666mhz Ddr4 Memory,MEMORY,9.0,4500.0,0.0,0.0,4500.0,500.0
2024-05,2489,Ramsta 4gb 1x4 2666mhz Ddr4 Sodimm Memory,MEMORY,9.0,3600.0,0.0,0.0,3600.0,400.0
2024-05,3150,Team Elite TForce Delta 16gb 2x8 3600mhz Ddr4 RGB Memory Black,MEMORY,15.0,137250.0,0.0,0.0,137250.0,9150.0
2024-05,3151,Team Elite TForce Delta 16gb 2x8 3600mhz Ddr4 RGB Memory White,MEMORY,8.0,73200.0,0.0,0.0,73200.0,9150.0
2024-05,4055,Team Elite Plus 8gb 1x8 3200Mhz Ddr4 Memory Black Gold,MEMORY,17.0,80750.0,0.0,0.0,80750.0,4750.0
2024-05,9324,KINGBANK 16GB 1x16 3200mhz DDR4 with Heatsink Memory Silver,MEMORY,17.0,126650.0,0.0,0.0,126650.0,7450.0
2024-05,11448,Y5Pro Intel Core i5 8250U / 16GB DDr4 / 512GB SSD / WIFI 5 DUAL / 4* USB 3.0 / 2* HDMI 2.0 / 1* RJ45 1000Mbps / 1* Type-C / Windows 11 Pro Mini PC,MINI PC,2.0,41900.0,0.0,0.0,41900.0,20950.0
2024-05,11579,Y5Plus Intel Core i7 4650U / 8GB DDr3 / 128GB SSD / WIFI 5 DUAL / 4* USB 3.0 / 2* HDMI 2.0 / 1* RJ45 1000Mbps / 1* Type-C / Windows 11 Pro Mini PC,MINI PC,1.0,9950.0,0.0,0.0,9950.0,9950.0
2024-05,10295,Asus B650M-AYW Wifi DDR5 AMD Motherboard,MOTHERBOARD,19.0,138605.0,0.0,0.0,138605.0,7295.0
2024-05,10296,Asus Prime A520M-K/CSM AM4 AMD Motherboard,MOTHERBOARD,8.0,26360.0,0.0,0.0,26360.0,3295.0
2024-05,10647,ASUS PRIME B850M-A WIFI-CSM Socket AM5 DDR5 Motherboard,MOTHERBOARD,12.0,137940.0,0.0,0.0,137940.0,11495.0
2024-05,10675,MSI B650M GAMING WIFI AM5 DDR5 Motherboard,MOTHERBOARD,17.0,125715.0,0.0,0.0,125715.0,7395.0
2024-05,11556,Gigabyte B550M-K Socket Am4 Ddr4 Motherboard,MOTHERBOARD,12.0,59400.0,0.0,0.0,59400.0,4950.0
2024-05,11558,Asus B760M-AYW WIFI Socket LGA 1700 Ddr4 Motherboard,MOTHERBOARD,13.0,121550.0,0.0,0.0,121550.0,9350.0
2024-05,11593,Gigabyte B860M GAMING X WIFI6E LGA1851 Socket Ddr5 Motherboard,MOTHERBOARD,13.0,157235.0,0.0,0.0,157235.0,12095.0
2024-05,2756,MSI B550M Pro VDH Wifi Socket Am4 Ddr4 Motherboard,MOTHERBOARD,20.0,127000.0,0.0,0.0,127000.0,6350.0
2024-05,3367,MSI A520m-A Pro Socket Am4 Ddr4 Motherboard,MOTHERBOARD,12.0,39000.0,0.0,0.0,39000.0,3250.0
2024-05,4492,Asus Prime B550M-A Wifi II Socket Am4 Ddr4 Gaming Motherboard,MOTHERBOARD,13.0,83850.0,0.0,0.0,83850.0,6450.0
2024-05,7615,MSI B650M Project zero socket LGA AM5 DDR5 Motherboard,MOTHERBOARD,18.0,231300.0,0.0,0.0,231300.0,12850.0
2024-05,8617,Asrock A520M-HVS Socket Am4 DDR4 Motherboard,MOTHERBOARD,9.0,28350.0,0.0,0.0,28350.0,3150.0
2024-05,9385,Biostar A520MHP Socket Am4 DDR4 Motherboard,MOTHERBOARD,13.0,37635.0,0.0,0.0,37635.0,2895.0
2024-05,9759,MSI PRO X870-P WIFI Ddr5 AM5 Motherboard,MOTHERBOARD,21.0,376950.0,0.0,0.0,376950.0,17950.0
2024-05,9879,MSI B550M-A PRO Socket Am4 Ddr4 Motherboard,MOTHERBOARD,11.0,51150.0,0.0,0.0,51150.0,4650.0
2024-05,9970,Asus Prime B550M-K ARGB Socket Am4 Ddr4 Motherboard,MOTHERBOARD,13.0,63050.0,0.0,0.0,63050.0,4850.0
2024-05,10488,RAKK DASIG X3 Ambidextrous Hotswap Trimode PAW3311 Huano 80M RGB Gaming Mouse Black,MOUSE,10.0,9950.0,0.0,0.0,9950.0,995.0
2024-05,10489,RAKK DASIG X3 Ambidextrous Hotswap Trimode PAW3311 Huano 80M RGB Gaming Mouse White,MOUSE,7.0,6965.0,0.0,0.0,6965.0,995.0
2024-05,10776,RAKK TALAN AERO X PAW3395 8K Polling Omron Optical Trimode Lightweight 55g Gaming Mouse Black,MOUSE,10.0,21950.0,0.0,0.0,21950.0,2195.0
2024-05,10994,Logitech G 502X Wired Gaming Mouse White,MOUSE,11.0,34045.0,0.0,0.0,34045.0,3095.0
2024-05,3513,Logitech G102 Lightsync Gaming Mouse Black,MOUSE,4.0,3720.0,0.0,0.0,3720.0,930.0
2024-05,3700,Logitech G102 Lightsync Gaming Mouse White,MOUSE,8.0,7440.0,0.0,0.0,7440.0,930.0
2024-05,9299,RAKK DASIG LITE Huano Switch RGB Gaming Mouse,MOUSE,11.0,3080.0,0.0,0.0,3080.0,280.0
2024-05,11172,DITO Home WoWFi Lite 4G WiFi Router,NETWORK DEVICE,1.0,980.0,0.0,0.0,980.0,980.0
2024-05,11173,DITO Home WoWFi Pro 5G WiFi Router,NETWORK DEVICE,6.0,8940.0,0.0,0.0,8940.0,1490.0
2024-05,11356,TP-Link Archer BE220 Dual Band Wi-Fi 7 Router,NETWORK DEVICE,2.0,4500.0,0.0,0.0,4500.0,2250.0
2024-05,11460,ASUS RT-BE50 BE3600 Dual Band WiFi 7 Router,NETWORK DEVICE,2.0,5990.0,0.0,0.0,5990.0,2995.0
2024-05,130,Tp-Link TL-WA901ND Wireless N Access Point,NETWORK DEVICE,4.0,7576.0,0.0,0.0,7576.0,1894.0
2024-05,10146,MSI PANO 110R PZ Mid Tower Gaming PC Case Black,PC CASE,8.0,33600.0,0.0,0.0,33600.0,4200.0
2024-05,10518,NZXT H6 Flow CC-H61FW-01 Tempered Glass ATX PC Case White,PC CASE,11.0,47850.0,0.0,0.0,47850.0,4350.0
2024-05,10519,NZXT H7 Flow (2024) CM-H72FW-01 ATX PC Case White,PC CASE,9.0,41850.0,0.0,0.0,41850.0,4650.0
2024-05,10520,NZXT H7 Flow RGB (2024) CM-H72FB-R1 ATX PC Case Black,PC CASE,3.0,13050.0,0.0,0.0,13050.0,4350.0
2024-05,10668,CoolerMaster Elite 302 ARGB Micro ATX PC Case Black,PC CASE,12.0,35940.0,0.0,0.0,35940.0,2995.0
2024-05,10808,MSI PAG PANO M110A ARGB Micro ATX PC Case Black,PC CASE,8.0,19600.0,0.0,0.0,19600.0,2450.0
2024-05,10828,DarkFlash Floatron F1 Micro ATX PC Case Black & White,PC CASE,6.0,23970.0,0.0,0.0,23970.0,3995.0
2024-05,10928,CoolerMaster Qube 540 Moonstone ATX PC Case,PC CASE,9.0,35955.0,0.0,0.0,35955.0,3995.0
2024-05,10963,CoolerMaster Elite 600 ARGB ATX Mid Tower PC Case Black,PC CASE,8.0,42800.0,0.0,0.0,42800.0,5350.0
2024-05,10972,Asus A31 Tempered Glass Mid Tower ATX PC Case White,PC CASE,13.0,44200.0,0.0,0.0,44200.0,3400.0
2024-05,11002,RAKK TANAN MATX Tempered Glass with PSU and Fans,PC CASE,12.0,15540.0,0.0,0.0,15540.0,1295.0
2024-05,11068,DarkFlash M305 with 3 RGB Fan Micro ATX Tempered Glass Gaming PC Case Black,PC CASE,10.0,13950.0,0.0,0.0,13950.0,1395.0
2024-05,11102,YGT Mars 9 Micro ATX PC Case with PSU Black,PC CASE,9.0,7155.0,0.0,0.0,7155.0,795.0
2024-05,11131,Asus A21 Tempered Glass Micro ATX PC Case Black,PC CASE,5.0,14975.0,0.0,0.0,14975.0,2995.0
2024-05,11306,Gamdias Aura GC10 v2 ARGB Dual Chamber Micro ATX PC Case Black,PC CASE,6.0,14970.0,0.0,0.0,14970.0,2495.0
2024-05,11406,Cougar MX110 RGB Mid Tower Tempered Glass ATX PC Case Black,PC CASE,10.0,23500.0,0.0,0.0,23500.0,2350.0
2024-05,11546,YGT 420B Micro ATX PC Case Black,PC CASE,16.0,20000.0,0.0,0.0,20000.0,1250.0
2024-05,6579,InPlay Wind 01 Acrylic Side Panel Micro ATX PC Case,PC CASE,6.0,0.0,0.0,0.0,0.0,0.0
2024-05,7367,MSI MAG Forge M100A Auto RGB Micro ATX PC Case Black,PC CASE,10.0,21900.0,0.0,0.0,21900.0,2190.0
2024-05,9897,YGT V100 Micro ATX PC Case with PSU White,PC CASE,7.0,6230.0,0.0,0.0,6230.0,890.0
2024-05,9973,MSI MAG PANO 100R Project Zero Micro ATX PC Case Black,PC CASE,10.0,66500.0,0.0,0.0,66500.0,6650.0
2024-05,10052,Asus Prime 650W 80+ Bronze Power Supply,POWER SUPPLY,6.0,21900.0,0.0,0.0,21900.0,3650.0
2024-05,10208,Asus Prime AP-850W 80+ Gold Full Modular Power Supply,POWER SUPPLY,14.0,104930.0,0.0,0.0,104930.0,7495.0
2024-05,10376,ASRock Pro-650B 650W 80+ Bronze Non-Modular ATX 3.1 Power Supply,POWER SUPPLY,7.0,18550.0,0.0,0.0,18550.0,2650.0
2024-05,10679,ASRock Steel Legend SL-1000G 1000W 80+ Gold Cybenetics Gold ATX 3.1 Full Modular Power Supply,POWER SUPPLY,12.0,113400.0,0.0,0.0,113400.0,9450.0
2024-05,11266,Acer AC-500 500W Non-Modular 80+ Bronze Power Supply Black,POWER SUPPLY,5.0,6250.0,0.0,0.0,6250.0,1250.0
2024-05,11267,Acer AC-650 650W Non-Modular 80+ Bronze Power Supply Black,POWER SUPPLY,19.0,33991.0,0.0,0.0,33991.0,1789.0
2024-05,11332,Acer AC-750 750W Non-Modular 80+ Bronze Power Supply Black,POWER SUPPLY,6.0,12600.0,0.0,0.0,12600.0,2100.0
2024-05,176,Intelligent 700 watts Power Supply,POWER SUPPLY,7.0,3150.0,0.0,0.0,3150.0,450.0
2024-05,4079,MSI MAG A650BN 650Watts 80+ Non-Modular Power Supply Bronze,POWER SUPPLY,13.0,42835.0,0.0,0.0,42835.0,3295.0
2024-05,4080,MSI MAG A550BN 550Watts 80+ Non-Modular Power Supply Bronze,POWER SUPPLY,15.0,42825.0,0.0,0.0,42825.0,2855.0
2024-05,6242,MSI MAG A600DN 600W 80+ Power Supply,POWER SUPPLY,11.0,30415.0,0.0,0.0,30415.0,2765.0
2024-05,7838,MSI MAG A850GL 850Watts PCIE5 80+ Full Modular Power Supply Gold Black,POWER SUPPLY,13.0,93990.0,0.0,0.0,93990.0,7230.0
2024-05,8542,Acer AC-550 550w Full Modular 80plus Bronze Power Supply,POWER SUPPLY,12.0,17220.0,0.0,0.0,17220.0,1435.0
2024-05,8543,Acer AC-650 650w Full Modular  80plus Bronze Power Supply,POWER SUPPLY,15.0,30825.0,0.0,0.0,30825.0,2055.0
2024-05,9703,CoolerMaster MWE 650W V3 (MPE-6501-ACABW-3BUS) 80+ Bronze ATX 3.1 Power Supply,POWER SUPPLY,15.0,57150.0,0.0,0.0,57150.0,3810.0
2024-05,9938,CoolerMaster MWE 750W V3 (MPE-7501-ACABW-3BUS) 80+ Bronze ATX 3.1 Power Supply,POWER SUPPLY,20.0,86360.0,0.0,0.0,86360.0,4318.0
2024-05,2008,Canon Pixma TS207 Printer Inkjet,PRINTER AND SCANNER,1.0,2230.0,0.0,0.0,2230.0,2230.0
2024-05,3940,Epson L121 Ink Tank Printer,PRINTER AND SCANNER,1.0,5450.0,0.0,0.0,5450.0,5450.0
2024-05,4804,Canon Pixma MG3070S Compact Wireless All-In-One Printer,PRINTER AND SCANNER,2.0,6850.0,0.0,0.0,6850.0,3425.0
2024-05,10057,AMD Ryzen 9 9900X 4.4GHz AM5 Socket DDR5 Processor TTP,PROCESSOR,8.0,199600.0,0.0,0.0,199600.0,24950.0
2024-05,10102,AMD Ryzen 7 7700 Socket AM5 3.8GHz Processor MPK,PROCESSOR,7.0,83650.0,0.0,0.0,83650.0,11950.0
2024-05,10110,AMD Ryzen 5 5500GT 3.6GHz AM4 Socket DDR4 Processor MPK,PROCESSOR,8.0,64760.0,0.0,0.0,64760.0,8095.0
2024-05,10911,Intel Core i9-14900K Raptor Lake Socket LGA 1700 3.20GHz Processor MPK,PROCESSOR,11.0,351450.0,0.0,0.0,351450.0,31950.0
2024-05,10938,AMD Ryzen 5 8400F 4.2GHz AM5 Socket DDR5 Processor MPK,PROCESSOR,18.0,161100.0,0.0,0.0,161100.0,8950.0
2024-05,11064,AMD Ryzen 5 3400g 3.7ghz AM4 Socket DDR4 Processor MPK,PROCESSOR,9.0,34155.0,0.0,0.0,34155.0,3795.0
2024-05,11065,AMD Ryzen 7 8700F 4.1ghz AM5 Socket DDR5 Processor MPK,PROCESSOR,18.0,170100.0,0.0,0.0,170100.0,9450.0
2024-05,11592,Intel Core Ultra 7 processor 270K Plus LGA 1851 5.5Ghz Processor,PROCESSOR,3.0,62850.0,0.0,0.0,62850.0,20950.0
2024-05,4513,AMD Ryzen 5 5600X Socket AM4 3.7GHz Processor with Wraith Stealth Cooler MPK,PROCESSOR,12.0,107400.0,0.0,0.0,107400.0,8950.0
2024-05,5640,AMD Ryzen 5 5500 Socket Am4 3.6GHz Processor with AMD wraith cooler MPK,PROCESSOR,13.0,67600.0,0.0,0.0,67600.0,5200.0
2024-05,5663,AMD Ryzen 5 5600 Socket Am4 3.5GHz Processor with Wraith stealth cooler MPK,PROCESSOR,8.0,57600.0,0.0,0.0,57600.0,7200.0
2024-05,7098,AMD Ryzen 7 5700G Socket Am4 3.8GHz with Radeon Vega 8 wraith stealth cooler Processor MPK,PROCESSOR,13.0,159250.0,0.0,0.0,159250.0,12250.0
2024-05,7929,AMD Ryzen 7 5700X Socket AM4 3.4GHz Processor with AMD Wraith Stealth cooler MPK,PROCESSOR,8.0,79600.0,0.0,0.0,79600.0,9950.0
2024-05,8432,AMD Ryzen 3 3200g PRO Socket Am4 3.6ghz with Radeon Vega 8 Processor MPK,PROCESSOR,13.0,44135.0,0.0,0.0,44135.0,3395.0
2024-05,9608,AMD RYZEN 7 7800X3D Socket AM5 D5 5.0ghz with Radeon Graphics processor TTP,PROCESSOR,9.0,166050.0,0.0,0.0,166050.0,18450.0
2024-05,9614,AMD RYZEN 7 9800X3D Socket AM5 D5 5.2ghz with Radeon Graphics processor,PROCESSOR,10.0,279500.0,0.0,0.0,279500.0,27950.0
2024-05,9776,AMD Ryzen 5 5600GT 3.6GHz AM4 Socket DDR4 Processor MPK,PROCESSOR,16.0,147120.0,0.0,0.0,147120.0,9195.0
2024-05,9841,Intel Core i5-14400 4.7GHz LGA 1700 Processor MPK,PROCESSOR,11.0,131450.0,0.0,0.0,131450.0,11950.0
2024-05,10697,Lexar NQ100 256GB Solid State Drive SATA 2.5,SOLID STATE DRIVE,17.0,67915.0,0.0,0.0,67915.0,3995.0
2024-05,10797,Lexar NM620 1TB M.2 NVME Solid State Drive,SOLID STATE DRIVE,19.0,153900.0,0.0,0.0,153900.0,8100.0
2024-05,10804,Team Group MP33 512GB M.2 PCIe Gen3.0 x4 NVME 1.3 Solid State Drive,SOLID STATE DRIVE,17.0,106250.0,0.0,0.0,106250.0,6250.0
2024-05,11148,Teamgroup T-Force GA Pro 1TB NVMe M.2 Gen 5 Solid State Drive,SOLID STATE DRIVE,16.0,173600.0,0.0,0.0,173600.0,10850.0
2024-05,11152,Hiksemi Wave S 256B SATA 2.5 Solid State Drive,SOLID STATE DRIVE,19.0,63650.0,0.0,0.0,63650.0,3350.0
2024-05,11269,Hiksemi Wave P 256GB PCIE Gen3 M.2 Solid State Drive,SOLID STATE DRIVE,23.0,80385.0,0.0,0.0,80385.0,3495.0
2024-05,11323,ESGaming 512GB SATA 2.5 Solid State Drive,SOLID STATE DRIVE,23.0,101085.0,0.0,0.0,101085.0,4395.0
2024-05,11577,Apacer AS2280P4 512GB PCIe Gen 3x4 M.2 NVMe Solid State Drive,SOLID STATE DRIVE,23.0,121785.0,0.0,0.0,121785.0,5295.0
2024-05,1681,Team Group GX2 Solid State Drive 256gb SATA 2.5,SOLID STATE DRIVE,20.0,69000.0,0.0,0.0,69000.0,3450.0
2024-05,1909,Lexar NS10 Lite Solid State Drive 120gb SATA 2.5,SOLID STATE DRIVE,16.0,23200.0,0.0,0.0,23200.0,1450.0
2024-05,6856,Team Group MP33 256GB M.2 PCIe NVME Solid State Drive,SOLID STATE DRIVE,15.0,50250.0,0.0,0.0,50250.0,3350.0
2024-05,6936,Adata SU650 Solid State Drive 512GB SATA 2.5,SOLID STATE DRIVE,12.0,59940.0,0.0,0.0,59940.0,4995.0
2024-05,10833,"ORTIZAN C7 Dual-Mode 2.0 Studio Monitors, Active Monitor Speakers, White",SPEAKER,1.0,3195.0,0.0,0.0,3195.0,3195.0
2024-05,9768,Edifier T5 Powered Subwoofer,SPEAKER,1.0,4950.0,0.0,0.0,4950.0,4950.0
2024-05,2991,APC Back-Ups BVX650I-PH 360 Watts 650va with Avr Universal Sockets Ups,UPS & AVR,7.0,15400.0,0.0,0.0,15400.0,2200.0
2024-05,36,Secure 220v Avr,UPS & AVR,6.0,1500.0,0.0,0.0,1500.0,250.0
2024-05,454,Secure 650va Ups,UPS & AVR,7.0,10150.0,0.0,0.0,10150.0,1450.0
2024-06,6252,RAKK SINAG98 Polycarbonate Case,ACCESSORIES,1.0,1.0,0.0,0.0,1.0,1.0
2024-06,10653,RAKK Matik USB Gaming Headset LED Illuminated,AUDIO,1.0,315.0,0.0,0.0,315.0,315.0
2024-06,10952,EPOS Sennheiser Impact SC 260 ED Headset,AUDIO,4.0,5280.0,0.0,0.0,5280.0,1320.0
2024-06,10991,Logitech G PRO X Wired 7.1 Gaming Headset,AUDIO,5.0,22750.0,0.0,0.0,22750.0,4550.0
2024-06,10993,Logitech G PRO X Wired 7.1 Gaming Headset (League of Legends Edition),AUDIO,3.0,13650.0,0.0,0.0,13650.0,4550.0
2024-06,11507,Accutone UB210 Noise Cancelling Headset Black,AUDIO,1.0,1550.0,0.0,0.0,1550.0,1550.0
2024-06,11508,Accutone Sonar 280 Wireless & Wired Noise Cancelling Headset Black,AUDIO,5.0,10300.0,0.0,0.0,10300.0,2060.0
2024-06,11509,Accutone Converse 95 Noise Cancelling Headset Black,AUDIO,5.0,11600.0,0.0,0.0,11600.0,2320.0
2024-06,11510,Accutone Nexus 2000 MagSafe Speaker Blue,AUDIO,4.0,5000.0,0.0,0.0,5000.0,1250.0
2024-06,11511,Accutone Nexus 2000 MagSafe Speaker Gray,AUDIO,5.0,6250.0,0.0,0.0,6250.0,1250.0
2024-06,11512,Accutone Nexus 2000 MagSafe Speaker Pink,AUDIO,3.0,3750.0,0.0,0.0,3750.0,1250.0
2024-06,11612,Accutone UB101 Stereo USB Headset Black,AUDIO,1.0,345.0,0.0,0.0,345.0,345.0
2024-06,7652,RAKK SONIDO 7.1 Virtual Surround RGB Gaming Headset USB Black,AUDIO,2.0,1990.0,0.0,0.0,1990.0,995.0
2024-06,8581,Edifier W820NB Plus Active Noice Cancellation Bluetooth Stereo Wireless Headset Ivory,AUDIO,3.0,5550.0,0.0,0.0,5550.0,1850.0
2024-06,11134,Ad-Link ADAPTER (A53) DP TO VGA CONVERTER,CABLES AND ADAPTERS,1.0,220.0,0.0,0.0,220.0,220.0
2024-06,7824,Hikvision E-HWID 2.8MM Eco-HiWatch 2.mm IR Dome E-HWID,CAMERA,5.0,7250.0,0.0,0.0,7250.0,1450.0
2024-06,78,A4Tech KRS-8572 Usb Keyboard and Mouse Black,COMBO,39.0,19890.0,0.0,0.0,19890.0,510.0
2024-06,9301,RAKK APTAS ILLUMINATED / Membrane Keyboard and Mouse / No software / Rainbow lighting / Black,COMBO,28.0,7980.0,0.0,0.0,7980.0,285.0
2024-06,10370,DarkFlash Infinity 34 3in1 ARGB Chassis Fan Black,COOLING,9.0,10350.0,0.0,0.0,10350.0,1150.0
2024-06,10373,DarkFlash Infinity 34 Single ARGB Chassis Fan White,COOLING,5.0,2100.0,0.0,0.0,2100.0,420.0
2024-06,10386,MSI MAG COREFROZR AA13 ARGB CPU Air Cooler black,COOLING,7.0,8365.0,0.0,0.0,8365.0,1195.0
2024-06,10590,YGT Cyber-120IFB 3in1 ARGB Chassis Fan Black,COOLING,9.0,4950.0,0.0,0.0,4950.0,550.0
2024-06,10743,NZXT F120 RGB Duo Triple Pack (RF-D12TF-W1) with RGB Controller Chassis Fan White,COOLING,10.0,15000.0,0.0,0.0,15000.0,1500.0
2024-06,10839,CoolerMaster Hyper 212 3DHP ARGB CPU Air Cooler Black,COOLING,7.0,9765.0,0.0,0.0,9765.0,1395.0
2024-06,10858,DarkFlash E400 Plus Matrix Display CPU Air Cooler White,COOLING,7.0,11550.0,0.0,0.0,11550.0,1650.0
2024-06,10930,CoolerMaster MasterLiquid 240L Core Liquid Cooling Black,COOLING,15.0,55500.0,0.0,0.0,55500.0,3700.0
2024-06,10966,CoolerMaster V4 Alpha 3DHP CPU Air Cooler Black,COOLING,12.0,22740.0,0.0,0.0,22740.0,1895.0
2024-06,10990,BeQuiet Silent Wings 4 (BL094) 120mm PWM High Speed Single Chassis Fan Black,COOLING,10.0,12000.0,0.0,0.0,12000.0,1200.0
2024-06,11005,Asus AR120 ARGB PWM Single Chassis Fan Black,COOLING,8.0,1200.0,0.0,0.0,1200.0,150.0
2024-06,11159,Jungle Leopard Chill Arc 360mm ARGB Liquid Cooling Black,COOLING,13.0,142350.0,0.0,0.0,142350.0,10950.0
2024-06,11160,Jungle Leopard Chill Arc 360mm ARGB Liquid Cooling White,COOLING,15.0,169425.0,0.0,0.0,169425.0,11295.0
2024-06,11216,CoolerMaster MasterLiquid Core Nex 360 ARGB CPU Liquid Cooler Black,COOLING,9.0,40050.0,0.0,0.0,40050.0,4450.0
2024-06,6174,Deepcool TW-003 CPU Air Cooler,COOLING,10.0,4000.0,0.0,0.0,4000.0,400.0
2024-06,7,AMD Stock Heatsink Fan,COOLING,10.0,1400.0,0.0,0.0,1400.0,140.0
2024-06,7501,DarkFlash DM12 F Single ARGB Chassis Fan Black,COOLING,6.0,1410.0,0.0,0.0,1410.0,235.0
2024-06,7502,DarkFlash DM12 F Single ARGB Chassis Fan White,COOLING,5.0,1425.0,0.0,0.0,1425.0,285.0
2024-06,7505,DarkFlash Infinity24 Single ARGB Chassis Fan Black,COOLING,13.0,3705.0,0.0,0.0,3705.0,285.0
2024-06,9737,MSI MAG Coreliquid A13 240 CPU Liquid Cooler Black,COOLING,8.0,29200.0,0.0,0.0,29200.0,3650.0
2024-06,9835,MSI MAG Coreliquid A13 360 CPU Liquid Cooler Black,COOLING,5.0,21400.0,0.0,0.0,21400.0,4280.0
2024-06,9836,MSI MAG Coreliquid A13 360 CPU Liquid Cooler White,COOLING,6.0,24840.0,0.0,0.0,24840.0,4140.0
2024-06,10425,"ViewSonic VA24G1-H 24"" FHD 144Hz IPS Monitor",DISPLAY,7.0,29050.0,0.0,0.0,29050.0,4150.0
2024-06,10540,"ASUS ROG Strix XG27ACMES 27"" QHD 255Hz-OC Fast IPS Monitor",DISPLAY,4.0,63980.0,0.0,0.0,63980.0,15995.0
2024-06,10711,"ASUS TUF Gaming Series 5 VG259QMR5A 24.5"" FHD 310Hz(OC) Fast-IPS Monitor",DISPLAY,19.0,180405.0,0.0,0.0,180405.0,9495.0
2024-06,10836,"AOC 24G11ZE 23.8"" 240Hz OC FHD Fast IPS Monitor",DISPLAY,11.0,72545.0,0.0,0.0,72545.0,6595.0
2024-06,10918,"Philips 24E2G2200 23.8"" 144Hz IPS FHD Monitor",DISPLAY,10.0,41950.0,0.0,0.0,41950.0,4195.0
2024-06,10919,"Philips 27E2G2200 27"" 144Hz IPS FHD Monitor",DISPLAY,7.0,41965.0,0.0,0.0,41965.0,5995.0
2024-06,10940,"MSI MAG 245F X24 23.8"" 240Hz FHD Rapid IPS Monitor",DISPLAY,7.0,45150.0,0.0,0.0,45150.0,6450.0
2024-06,10941,"MSI MAG 272F X24 27"" 240Hz FHD Rapid IPS Monitor",DISPLAY,9.0,80550.0,0.0,0.0,80550.0,8950.0
2024-06,11074,"AOC 24B36XE 23.8"" FHD 144Hz IPS Monitor",DISPLAY,4.0,17000.0,0.0,0.0,17000.0,4250.0
2024-06,11127,"Nvision N2455GT-B 23.8"" FHD 144Hz IPS Monitor",DISPLAY,17.0,67150.0,0.0,0.0,67150.0,3950.0
2024-06,11151,"MSI MAG 275QF E20 27"" WQHD 200Hz Rapid IPS Monitor",DISPLAY,7.0,80500.0,0.0,0.0,80500.0,11500.0
2024-06,11208,"Gamdias Atlas HD24IF IV 23.8"" 240Hz FHD Fast IPS Monitor Black",DISPLAY,23.0,135010.0,0.0,0.0,135010.0,5870.0
2024-06,11258,"AOC Q27G4SL/WS 27"" QHD 320Hz Fast IPS HDR 400 Monitor",DISPLAY,12.0,165600.0,0.0,0.0,165600.0,13800.0
2024-06,11472,"MSI PRO MP251 E14L 24.5"" 144HZ FHD IPS Monitor",DISPLAY,7.0,30275.0,0.0,0.0,30275.0,4325.0
2024-06,11473,"Asus TUF Gaming VG259QM5A 24.5"" 240Hz IPS Gaming Monitor",DISPLAY,5.0,39475.0,0.0,0.0,39475.0,7895.0
2024-06,11528,"LG 24U411A-B 23.8"" 120Hz FHD IPS Monitor",DISPLAY,6.0,21900.0,0.0,0.0,21900.0,3650.0
2024-06,7785,Nvision N190V8 19' LED Monitor,DISPLAY,3.0,5100.0,0.0,0.0,5100.0,1700.0
2024-06,7786,"Nvision N200V8 20"" LED Monitor",DISPLAY,8.0,13720.0,0.0,0.0,13720.0,1715.0
2024-06,8060,"Nvision H22V8 21.5"" LED Monitor",DISPLAY,8.0,17920.0,0.0,0.0,17920.0,2240.0
2024-06,9904,"Viewsonic VX2479A-HD-PRO 24"" 240Hz FHD 1MS MPRT IPS HDR10 Gaming Monitor",DISPLAY,12.0,75960.0,0.0,0.0,75960.0,6330.0
2024-06,11003,RAKK SUKOG LITE 800x400x3mm Mousepad Black,GAMING SURFACE,17.0,3230.0,0.0,0.0,3230.0,190.0
2024-06,10053,ASUS Dual Nvidia Geforce RTX 3050 OC Edition (DUAL-RTX3050-O6G) 6GB 96-bit GDRR6 Videocard,GRAPHIC CARD,8.0,115600.0,0.0,0.0,115600.0,14450.0
2024-06,10072,MSI Nvidia GeForce RTX 5060 VENTUS 2X OC (G5060-8V2C) 8GB 128-bit GDDR7 Videocard,GRAPHIC CARD,12.0,294000.0,0.0,0.0,294000.0,24500.0
2024-06,10080,Gigabyte Nvidia GeForce RTX 5060 AERO OC (GV-N5060AERO-OC-8GD) 8GB 128-bit GDDR7 Videocard,GRAPHIC CARD,8.0,206000.0,0.0,0.0,206000.0,25750.0
2024-06,10152,MSI GeForce RTX 5070 Ti VENTUS 3X OC (G507T-16V3C) 16GB 256-bit GDDR7 Videocard,GRAPHIC CARD,6.0,395700.0,0.0,0.0,395700.0,65950.0
2024-06,10155,ASUS DUAL GeForce RTX 5060 (DUAL-RTX5060-8G) 8GB 128-bit GDDR7 Videocard,GRAPHIC CARD,4.0,99800.0,0.0,0.0,99800.0,24950.0
2024-06,10206,ASUS Dual RX 7600 EVO OC Edition DUAL-RX7600-O8G-EVO 8GB 128-bit GDDR6 Videocard,GRAPHIC CARD,8.0,183600.0,0.0,0.0,183600.0,22950.0
2024-06,10207,ASUS Prime AMD Radeon RX 9060 XT OC (PRIME-RX9060XT-O16G) 16GB 128-Bit GDDR6 Videocard,GRAPHIC CARD,8.0,279600.0,0.0,0.0,279600.0,34950.0
2024-06,10225,MSI Nvidia GeForce RTX 5060 SHADOW 2X OC (G5060-8S2C) 8GB 128-bit GDDR7 Videocard,GRAPHIC CARD,6.0,149700.0,0.0,0.0,149700.0,24950.0
2024-06,10660,MSI Nvidia GeForce RTX 5050 VENTUS 2X OC (G5050-8V2C) 128-bit GDDR6 Videocard,GRAPHIC CARD,4.0,79800.0,0.0,0.0,79800.0,19950.0
2024-06,11557,ASUS DUAL Nvidia GeForce RTX 5060 Ti OC Edition (DUAL-RTX5060TI-O8G) 8GB 128-bit GDDR7 Videocard,GRAPHIC CARD,11.0,318450.0,0.0,0.0,318450.0,28950.0
2024-06,11591,MSI GeForce RTX 5060 Ventus 2X OC v1 (G5060-8V2CV1) 8GB 128-bit GDDR7 Videocard,GRAPHIC CARD,6.0,153900.0,0.0,0.0,153900.0,25650.0
2024-06,11636,Colorful Nvidia GeForce RTX 3050 6GB V4-V 96-bit GDDR6 Videocard,GRAPHIC CARD,1.0,12250.0,0.0,0.0,12250.0,12250.0
2024-06,8396,MSI GEFORCE RTX 3050 VENTUS 2X OC 6GB 96-bit DDR6 Videocard,GRAPHIC CARD,5.0,71000.0,0.0,0.0,71000.0,14200.0
2024-06,9396,Biostar Rx 580 VA5815RQ82 Dual Cooling Fan 8gb 256bit GDdr5 Gaming Videocard,GRAPHIC CARD,9.0,71550.0,0.0,0.0,71550.0,7950.0
2024-06,9883,Asus Prime AMD Radeon RX 9070 OC (PRIME-RX9070-O16G) 16GB 256-Bit GDDR6 Videocard,GRAPHIC CARD,12.0,575400.0,0.0,0.0,575400.0,47950.0
2024-06,9967,MSI Nvidia GeForce RTX 5070 VENTUS 2X OC 12GB 192-bit GDDR7 Videocard,GRAPHIC CARD,4.0,187800.0,0.0,0.0,187800.0,46950.0
2024-06,160,Seagate 1tb ST1000DM010 Harddisk Drive,HARD DISK,3.0,10350.0,0.0,0.0,10350.0,3450.0
2024-06,11573,Aula S75 Pro RGB Gaming Mechanical Wireless Tri-Mode Keyboard Gradient Pink,KEYBOARD,26.0,63700.0,0.0,0.0,63700.0,2450.0
2024-06,4285,Fantech MAXPOWER MK853 Mechanical Gaming Keyboard White - BLUE Switch,KEYBOARD,13.0,19240.0,0.0,0.0,19240.0,1480.0
2024-06,11464,"MSI Cyborg 15 A13VE-2453PHNN 15.6"" FHD IPS 144Hz Intel Core i5-13420H/8GB DDR5-5200/512GB NVMe SSD PCIe Gen4/RTX 4050 6GD6/Win11 Laptop",LAPTOP GA2,3.0,176985.0,0.0,0.0,176985.0,58995.0
2024-06,11583,"MSI Modern 14 F3HMG-039PHNN 14.0""FHD IPS Ryzen™ AI 5 330/8GB DDR5-5600/512GB*1 NVMe SSD PCIe Gen4/Win11 Laptop + OFC + Laptop Bag",LAPTOP PR2,1.0,47795.0,0.0,0.0,47795.0,47795.0
2024-06,11527,"Lenovo V15 G4 ABP 15.6"" FHD Ryzen 7-7730U/8GB DDR4/512GB NVMe SSD/Win11 Pro Laptop SE",LAPTOP PR3,1.0,39995.0,0.0,0.0,39995.0,39995.0
2024-06,11550,"Lenovo V15 G5 IRL 15.6"" Intel Core i5-13420H/16GB DDR5/512GB SSD Laptop/Win11 Laptop SE + Laptop Bag",LAPTOP PR3,3.0,134985.0,0.0,0.0,134985.0,44995.0
2024-06,10286,Lexar LD5S16G56C46ST-BGS 16GB 5600Mhz DDR5 Sodimm Memory,MEMORY,15.0,234000.0,0.0,0.0,234000.0,15600.0
2024-06,10789,Teamgroup Vulcan 16GB 8GBx2 6000Mhz CL38 DDR5 Memory,MEMORY,15.0,217500.0,0.0,0.0,217500.0,14500.0
2024-06,10905,Lexar Ares 8GB LD4U08G32C16LA-RGS 3200Mhz DDR4 RGB Memory Black,MEMORY,10.0,42500.0,0.0,0.0,42500.0,4250.0
2024-06,11052,Biostar Storming V 8GB 3200Mhz DDR4 Memory,MEMORY,12.0,49800.0,0.0,0.0,49800.0,4150.0
2024-06,11185,Crucial 16GB CT16G4SFRA32A 3200Mhz DDR4 Sodimm,MEMORY,6.0,49500.0,0.0,0.0,49500.0,8250.0
2024-06,11327,HKC PC 16gb 3200mhz DDR4 with Heatsink Memory Black,MEMORY,23.0,142485.0,0.0,0.0,142485.0,6195.0
2024-06,11444,FASPEED 8GB 3200Mhz DDR4 with Heatsink Memory,MEMORY,13.0,40950.0,0.0,0.0,40950.0,3150.0
2024-06,11450,HKC PC 8gb 3200mhz DDR4 with Heatsink Memory Black,MEMORY,14.0,48300.0,0.0,0.0,48300.0,3450.0
2024-06,11548,Hiksemi Future 16GB (16x1) HSC516U56C2 5600Mhz CL38 DDR5 Memory Black,MEMORY,12.0,179940.0,0.0,0.0,179940.0,14995.0
2024-06,1372,Ramsta 4gb 1x4 2666mhz Ddr4 Memory,MEMORY,6.0,3000.0,0.0,0.0,3000.0,500.0
2024-06,2489,Ramsta 4gb 1x4 2666mhz Ddr4 Sodimm Memory,MEMORY,12.0,4800.0,0.0,0.0,4800.0,400.0
2024-06,3150,Team Elite TForce Delta 16gb 2x8 3600mhz Ddr4 RGB Memory Black,MEMORY,9.0,82350.0,0.0,0.0,82350.0,9150.0
2024-06,3151,Team Elite TForce Delta 16gb 2x8 3600mhz Ddr4 RGB Memory White,MEMORY,9.0,82350.0,0.0,0.0,82350.0,9150.0
2024-06,4055,Team Elite Plus 8gb 1x8 3200Mhz Ddr4 Memory Black Gold,MEMORY,22.0,104500.0,0.0,0.0,104500.0,4750.0
2024-06,9324,KINGBANK 16GB 1x16 3200mhz DDR4 with Heatsink Memory Silver,MEMORY,15.0,111750.0,0.0,0.0,111750.0,7450.0
2024-06,11579,Y5Plus Intel Core i7 4650U / 8GB DDr3 / 128GB SSD / WIFI 5 DUAL / 4* USB 3.0 / 2* HDMI 2.0 / 1* RJ45 1000Mbps / 1* Type-C / Windows 11 Pro Mini PC,MINI PC,1.0,9950.0,0.0,0.0,9950.0,9950.0
2024-06,9794,"Nvision A24K6-S-i704-1625 Intel i7-4700M 16GB 256GB SSD 23.8"" FHD IPS All in One PC",MINI PC,1.0,16950.0,0.0,0.0,16950.0,16950.0
2024-06,10295,Asus B650M-AYW Wifi DDR5 AMD Motherboard,MOTHERBOARD,19.0,138605.0,0.0,0.0,138605.0,7295.0
2024-06,10296,Asus Prime A520M-K/CSM AM4 AMD Motherboard,MOTHERBOARD,8.0,26360.0,0.0,0.0,26360.0,3295.0
2024-06,10647,ASUS PRIME B850M-A WIFI-CSM Socket AM5 DDR5 Motherboard,MOTHERBOARD,10.0,114950.0,0.0,0.0,114950.0,11495.0
2024-06,10675,MSI B650M GAMING WIFI AM5 DDR5 Motherboard,MOTHERBOARD,13.0,96135.0,0.0,0.0,96135.0,7395.0
2024-06,11556,Gigabyte B550M-K Socket Am4 Ddr4 Motherboard,MOTHERBOARD,11.0,54450.0,0.0,0.0,54450.0,4950.0
2024-06,11558,Asus B760M-AYW WIFI Socket LGA 1700 Ddr4 Motherboard,MOTHERBOARD,11.0,102850.0,0.0,0.0,102850.0,9350.0
2024-06,11593,Gigabyte B860M GAMING X WIFI6E LGA1851 Socket Ddr5 Motherboard,MOTHERBOARD,11.0,133045.0,0.0,0.0,133045.0,12095.0
2024-06,2756,MSI B550M Pro VDH Wifi Socket Am4 Ddr4 Motherboard,MOTHERBOARD,6.0,38100.0,0.0,0.0,38100.0,6350.0
2024-06,3367,MSI A520m-A Pro Socket Am4 Ddr4 Motherboard,MOTHERBOARD,10.0,32500.0,0.0,0.0,32500.0,3250.0
2024-06,4492,Asus Prime B550M-A Wifi II Socket Am4 Ddr4 Gaming Motherboard,MOTHERBOARD,7.0,45150.0,0.0,0.0,45150.0,6450.0
2024-06,7615,MSI B650M Project zero socket LGA AM5 DDR5 Motherboard,MOTHERBOARD,8.0,102800.0,0.0,0.0,102800.0,12850.0
2024-06,8617,Asrock A520M-HVS Socket Am4 DDR4 Motherboard,MOTHERBOARD,12.0,37800.0,0.0,0.0,37800.0,3150.0
2024-06,9385,Biostar A520MHP Socket Am4 DDR4 Motherboard,MOTHERBOARD,7.0,20265.0,0.0,0.0,20265.0,2895.0
2024-06,9759,MSI PRO X870-P WIFI Ddr5 AM5 Motherboard,MOTHERBOARD,14.0,251300.0,0.0,0.0,251300.0,17950.0
2024-06,9879,MSI B550M-A PRO Socket Am4 Ddr4 Motherboard,MOTHERBOARD,15.0,69750.0,0.0,0.0,69750.0,4650.0
2024-06,9970,Asus Prime B550M-K ARGB Socket Am4 Ddr4 Motherboard,MOTHERBOARD,15.0,72750.0,0.0,0.0,72750.0,4850.0
2024-06,10488,RAKK DASIG X3 Ambidextrous Hotswap Trimode PAW3311 Huano 80M RGB Gaming Mouse Black,MOUSE,9.0,8955.0,0.0,0.0,8955.0,995.0
2024-06,10489,RAKK DASIG X3 Ambidextrous Hotswap Trimode PAW3311 Huano 80M RGB Gaming Mouse White,MOUSE,12.0,11940.0,0.0,0.0,11940.0,995.0
2024-06,10776,RAKK TALAN AERO X PAW3395 8K Polling Omron Optical Trimode Lightweight 55g Gaming Mouse Black,MOUSE,10.0,21950.0,0.0,0.0,21950.0,2195.0
2024-06,10994,Logitech G 502X Wired Gaming Mouse White,MOUSE,8.0,24760.0,0.0,0.0,24760.0,3095.0
2024-06,3513,Logitech G102 Lightsync Gaming Mouse Black,MOUSE,5.0,4650.0,0.0,0.0,4650.0,930.0
2024-06,3700,Logitech G102 Lightsync Gaming Mouse White,MOUSE,8.0,7440.0,0.0,0.0,7440.0,930.0
2024-06,9299,RAKK DASIG LITE Huano Switch RGB Gaming Mouse,MOUSE,5.0,1400.0,0.0,0.0,1400.0,280.0
2024-06,11172,DITO Home WoWFi Lite 4G WiFi Router,NETWORK DEVICE,1.0,980.0,0.0,0.0,980.0,980.0
2024-06,11173,DITO Home WoWFi Pro 5G WiFi Router,NETWORK DEVICE,1.0,1490.0,0.0,0.0,1490.0,1490.0
2024-06,11356,TP-Link Archer BE220 Dual Band Wi-Fi 7 Router,NETWORK DEVICE,2.0,4500.0,0.0,0.0,4500.0,2250.0
2024-06,11460,ASUS RT-BE50 BE3600 Dual Band WiFi 7 Router,NETWORK DEVICE,3.0,8985.0,0.0,0.0,8985.0,2995.0
2024-06,130,Tp-Link TL-WA901ND Wireless N Access Point,NETWORK DEVICE,2.0,3788.0,0.0,0.0,3788.0,1894.0
2024-06,1693,TP-Link TL-WR820N 300Mbps Multimode Wi-Fi Router,NETWORK DEVICE,2.0,980.0,0.0,0.0,980.0,490.0
2024-06,10146,MSI PANO 110R PZ Mid Tower Gaming PC Case Black,PC CASE,10.0,42000.0,0.0,0.0,42000.0,4200.0
2024-06,10518,NZXT H6 Flow CC-H61FW-01 Tempered Glass ATX PC Case White,PC CASE,4.0,17400.0,0.0,0.0,17400.0,4350.0
2024-06,10519,NZXT H7 Flow (2024) CM-H72FW-01 ATX PC Case White,PC CASE,5.0,23250.0,0.0,0.0,23250.0,4650.0
2024-06,10520,NZXT H7 Flow RGB (2024) CM-H72FB-R1 ATX PC Case Black,PC CASE,3.0,13050.0,0.0,0.0,13050.0,4350.0
2024-06,10668,CoolerMaster Elite 302 ARGB Micro ATX PC Case Black,PC CASE,6.0,17970.0,0.0,0.0,17970.0,2995.0
2024-06,10808,MSI PAG PANO M110A ARGB Micro ATX PC Case Black,PC CASE,5.0,12250.0,0.0,0.0,12250.0,2450.0
2024-06,10828,DarkFlash Floatron F1 Micro ATX PC Case Black & White,PC CASE,12.0,47940.0,0.0,0.0,47940.0,3995.0
2024-06,10928,CoolerMaster Qube 540 Moonstone ATX PC Case,PC CASE,7.0,27965.0,0.0,0.0,27965.0,3995.0
2024-06,10963,CoolerMaster Elite 600 ARGB ATX Mid Tower PC Case Black,PC CASE,11.0,58850.0,0.0,0.0,58850.0,5350.0
2024-06,10972,Asus A31 Tempered Glass Mid Tower ATX PC Case White,PC CASE,9.0,30600.0,0.0,0.0,30600.0,3400.0
2024-06,11002,RAKK TANAN MATX Tempered Glass with PSU and Fans,PC CASE,7.0,9065.0,0.0,0.0,9065.0,1295.0
2024-06,11068,DarkFlash M305 with 3 RGB Fan Micro ATX Tempered Glass Gaming PC Case Black,PC CASE,5.0,6975.0,0.0,0.0,6975.0,1395.0
2024-06,11102,YGT Mars 9 Micro ATX PC Case with PSU Black,PC CASE,7.0,5565.0,0.0,0.0,5565.0,795.0
2024-06,11131,Asus A21 Tempered Glass Micro ATX PC Case Black,PC CASE,5.0,14975.0,0.0,0.0,14975.0,2995.0
2024-06,11306,Gamdias Aura GC10 v2 ARGB Dual Chamber Micro ATX PC Case Black,PC CASE,11.0,27445.0,0.0,0.0,27445.0,2495.0
2024-06,11406,Cougar MX110 RGB Mid Tower Tempered Glass ATX PC Case Black,PC CASE,7.0,16450.0,0.0,0.0,16450.0,2350.0
2024-06,11546,YGT 420B Micro ATX PC Case Black,PC CASE,9.0,11250.0,0.0,0.0,11250.0,1250.0
2024-06,6579,InPlay Wind 01 Acrylic Side Panel Micro ATX PC Case,PC CASE,16.0,0.0,0.0,0.0,0.0,0.0
2024-06,7367,MSI MAG Forge M100A Auto RGB Micro ATX PC Case Black,PC CASE,6.0,13140.0,0.0,0.0,13140.0,2190.0
2024-06,9897,YGT V100 Micro ATX PC Case with PSU White,PC CASE,9.0,8010.0,0.0,0.0,8010.0,890.0
2024-06,9973,MSI MAG PANO 100R Project Zero Micro ATX PC Case Black,PC CASE,15.0,99750.0,0.0,0.0,99750.0,6650.0
2024-06,10052,Asus Prime 650W 80+ Bronze Power Supply,POWER SUPPLY,5.0,18250.0,0.0,0.0,18250.0,3650.0
2024-06,10208,Asus Prime AP-850W 80+ Gold Full Modular Power Supply,POWER SUPPLY,11.0,82445.0,0.0,0.0,82445.0,7495.0
2024-06,10376,ASRock Pro-650B 650W 80+ Bronze Non-Modular ATX 3.1 Power Supply,POWER SUPPLY,10.0,26500.0,0.0,0.0,26500.0,2650.0
2024-06,10679,ASRock Steel Legend SL-1000G 1000W 80+ Gold Cybenetics Gold ATX 3.1 Full Modular Power Supply,POWER SUPPLY,13.0,122850.0,0.0,0.0,122850.0,9450.0
2024-06,11266,Acer AC-500 500W Non-Modular 80+ Bronze Power Supply Black,POWER SUPPLY,5.0,6250.0,0.0,0.0,6250.0,1250.0
2024-06,11267,Acer AC-650 650W Non-Modular 80+ Bronze Power Supply Black,POWER SUPPLY,17.0,30413.0,0.0,0.0,30413.0,1789.0
2024-06,11332,Acer AC-750 750W Non-Modular 80+ Bronze Power Supply Black,POWER SUPPLY,17.0,35700.0,0.0,0.0,35700.0,2100.0
2024-06,176,Intelligent 700 watts Power Supply,POWER SUPPLY,9.0,4050.0,0.0,0.0,4050.0,450.0
2024-06,4079,MSI MAG A650BN 650Watts 80+ Non-Modular Power Supply Bronze,POWER SUPPLY,16.0,52720.0,0.0,0.0,52720.0,3295.0
2024-06,4080,MSI MAG A550BN 550Watts 80+ Non-Modular Power Supply Bronze,POWER SUPPLY,21.0,59955.0,0.0,0.0,59955.0,2855.0
2024-06,6242,MSI MAG A600DN 600W 80+ Power Supply,POWER SUPPLY,10.0,27650.0,0.0,0.0,27650.0,2765.0
2024-06,7838,MSI MAG A850GL 850Watts PCIE5 80+ Full Modular Power Supply Gold Black,POWER SUPPLY,4.0,28920.0,0.0,0.0,28920.0,7230.0
2024-06,8542,Acer AC-550 550w Full Modular 80plus Bronze Power Supply,POWER SUPPLY,7.0,10045.0,0.0,0.0,10045.0,1435.0
2024-06,8543,Acer AC-650 650w Full Modular  80plus Bronze Power Supply,POWER SUPPLY,8.0,16440.0,0.0,0.0,16440.0,2055.0
2024-06,9703,CoolerMaster MWE 650W V3 (MPE-6501-ACABW-3BUS) 80+ Bronze ATX 3.1 Power Supply,POWER SUPPLY,6.0,22860.0,0.0,0.0,22860.0,3810.0
2024-06,9938,CoolerMaster MWE 750W V3 (MPE-7501-ACABW-3BUS) 80+ Bronze ATX 3.1 Power Supply,POWER SUPPLY,8.0,34544.0,0.0,0.0,34544.0,4318.0
2024-06,11599,Epson L3350 Wi-Fi Multi Functional Integrated Ink Tank Printer,PRINTER AND SCANNER,2.0,21060.0,0.0,0.0,21060.0,10530.0
2024-06,3940,Epson L121 Ink Tank Printer,PRINTER AND SCANNER,4.0,21800.0,0.0,0.0,21800.0,5450.0
2024-06,10057,AMD Ryzen 9 9900X 4.4GHz AM5 Socket DDR5 Processor TTP,PROCESSOR,10.0,249500.0,0.0,0.0,249500.0,24950.0
2024-06,10102,AMD Ryzen 7 7700 Socket AM5 3.8GHz Processor MPK,PROCESSOR,11.0,131450.0,0.0,0.0,131450.0,11950.0
2024-06,10110,AMD Ryzen 5 5500GT 3.6GHz AM4 Socket DDR4 Processor MPK,PROCESSOR,8.0,64760.0,0.0,0.0,64760.0,8095.0
2024-06,10911,Intel Core i9-14900K Raptor Lake Socket LGA 1700 3.20GHz Processor MPK,PROCESSOR,10.0,319500.0,0.0,0.0,319500.0,31950.0
2024-06,10938,AMD Ryzen 5 8400F 4.2GHz AM5 Socket DDR5 Processor MPK,PROCESSOR,9.0,80550.0,0.0,0.0,80550.0,8950.0
2024-06,11064,AMD Ryzen 5 3400g 3.7ghz AM4 Socket DDR4 Processor MPK,PROCESSOR,10.0,37950.0,0.0,0.0,37950.0,3795.0
2024-06,11065,AMD Ryzen 7 8700F 4.1ghz AM5 Socket DDR5 Processor MPK,PROCESSOR,12.0,113400.0,0.0,0.0,113400.0,9450.0
2024-06,11592,Intel Core Ultra 7 processor 270K Plus LGA 1851 5.5Ghz Processor,PROCESSOR,16.0,335200.0,0.0,0.0,335200.0,20950.0
2024-06,4513,AMD Ryzen 5 5600X Socket AM4 3.7GHz Processor with Wraith Stealth Cooler MPK,PROCESSOR,15.0,134250.0,0.0,0.0,134250.0,8950.0
2024-06,5640,AMD Ryzen 5 5500 Socket Am4 3.6GHz Processor with AMD wraith cooler MPK,PROCESSOR,14.0,72800.0,0.0,0.0,72800.0,5200.0
2024-06,5663,AMD Ryzen 5 5600 Socket Am4 3.5GHz Processor with Wraith stealth cooler MPK,PROCESSOR,13.0,93600.0,0.0,0.0,93600.0,7200.0
2024-06,7098,AMD Ryzen 7 5700G Socket Am4 3.8GHz with Radeon Vega 8 wraith stealth cooler Processor MPK,PROCESSOR,10.0,122500.0,0.0,0.0,122500.0,12250.0
2024-06,7929,AMD Ryzen 7 5700X Socket AM4 3.4GHz Processor with AMD Wraith Stealth cooler MPK,PROCESSOR,8.0,79600.0,0.0,0.0,79600.0,9950.0
2024-06,8432,AMD Ryzen 3 3200g PRO Socket Am4 3.6ghz with Radeon Vega 8 Processor MPK,PROCESSOR,10.0,33950.0,0.0,0.0,33950.0,3395.0
2024-06,9608,AMD RYZEN 7 7800X3D Socket AM5 D5 5.0ghz with Radeon Graphics processor TTP,PROCESSOR,14.0,258300.0,0.0,0.0,258300.0,18450.0
2024-06,9614,AMD RYZEN 7 9800X3D Socket AM5 D5 5.2ghz with Radeon Graphics processor,PROCESSOR,8.0,223600.0,0.0,0.0,223600.0,27950.0
2024-06,9776,AMD Ryzen 5 5600GT 3.6GHz AM4 Socket DDR4 Processor MPK,PROCESSOR,13.0,119535.0,0.0,0.0,119535.0,9195.0
2024-06,9841,Intel Core i5-14400 4.7GHz LGA 1700 Processor MPK,PROCESSOR,10.0,119500.0,0.0,0.0,119500.0,11950.0
2024-06,10697,Lexar NQ100 256GB Solid State Drive SATA 2.5,SOLID STATE DRIVE,31.0,123845.0,0.0,0.0,123845.0,3995.0
2024-06,10797,Lexar NM620 1TB M.2 NVME Solid State Drive,SOLID STATE DRIVE,20.0,162000.0,0.0,0.0,162000.0,8100.0
2024-06,10804,Team Group MP33 512GB M.2 PCIe Gen3.0 x4 NVME 1.3 Solid State Drive,SOLID STATE DRIVE,20.0,125000.0,0.0,0.0,125000.0,6250.0
2024-06,11148,Teamgroup T-Force GA Pro 1TB NVMe M.2 Gen 5 Solid State Drive,SOLID STATE DRIVE,27.0,292950.0,0.0,0.0,292950.0,10850.0
2024-06,11152,Hiksemi Wave S 256B SATA 2.5 Solid State Drive,SOLID STATE DRIVE,22.0,73700.0,0.0,0.0,73700.0,3350.0
2024-06,11269,Hiksemi Wave P 256GB PCIE Gen3 M.2 Solid State Drive,SOLID STATE DRIVE,13.0,45435.0,0.0,0.0,45435.0,3495.0
2024-06,11323,ESGaming 512GB SATA 2.5 Solid State Drive,SOLID STATE DRIVE,16.0,70320.0,0.0,0.0,70320.0,4395.0
2024-06,11577,Apacer AS2280P4 512GB PCIe Gen 3x4 M.2 NVMe Solid State Drive,SOLID STATE DRIVE,17.0,90015.0,0.0,0.0,90015.0,5295.0
2024-06,1681,Team Group GX2 Solid State Drive 256gb SATA 2.5,SOLID STATE DRIVE,24.0,82800.0,0.0,0.0,82800.0,3450.0
2024-06,1909,Lexar NS10 Lite Solid State Drive 120gb SATA 2.5,SOLID STATE DRIVE,14.0,20300.0,0.0,0.0,20300.0,1450.0
2024-06,6856,Team Group MP33 256GB M.2 PCIe NVME Solid State Drive,SOLID STATE DRIVE,19.0,63650.0,0.0,0.0,63650.0,3350.0
2024-06,6936,Adata SU650 Solid State Drive 512GB SATA 2.5,SOLID STATE DRIVE,15.0,74925.0,0.0,0.0,74925.0,4995.0
2024-06,10870,InPlay MS002 Mini Speaker Black,SPEAKER,1.0,210.0,0.0,0.0,210.0,210.0
2024-06,422,Edifier M1250 Usb Powered 2.0 Speaker,SPEAKER,3.0,1950.0,0.0,0.0,1950.0,650.0
2024-06,503,Edifier R12U Usb Powered Speaker Black,SPEAKER,1.0,950.0,0.0,0.0,950.0,950.0
2024-06,9768,Edifier T5 Powered Subwoofer,SPEAKER,2.0,9900.0,0.0,0.0,9900.0,4950.0
2024-06,2991,APC Back-Ups BVX650I-PH 360 Watts 650va with Avr Universal Sockets Ups,UPS & AVR,9.0,19800.0,0.0,0.0,19800.0,2200.0
2024-06,36,Secure 220v Avr,UPS & AVR,5.0,1250.0,0.0,0.0,1250.0,250.0
2024-06,454,Secure 650va Ups,UPS & AVR,15.0,21750.0,0.0,0.0,21750.0,1450.0
2024-07,6252,RAKK SINAG98 Polycarbonate Case,ACCESSORIES,1.0,1.0,0.0,0.0,1.0,1.0
2024-07,645,PwS03+ External Power Switch and Usb Hub Desktop,ACCESSORIES,1.0,50.0,0.0,0.0,50.0,50.0
2024-07,10653,RAKK Matik USB Gaming Headset LED Illuminated,AUDIO,4.0,1260.0,0.0,0.0,1260.0,315.0
2024-07,10952,EPOS Sennheiser Impact SC 260 ED Headset,AUDIO,3.0,3960.0,0.0,0.0,3960.0,1320.0
2024-07,10991,Logitech G PRO X Wired 7.1 Gaming Headset,AUDIO,10.0,45500.0,0.0,0.0,45500.0,4550.0
2024-07,10993,Logitech G PRO X Wired 7.1 Gaming Headset (League of Legends Edition),AUDIO,7.0,31850.0,0.0,0.0,31850.0,4550.0
2024-07,11507,Accutone UB210 Noise Cancelling Headset Black,AUDIO,1.0,1550.0,0.0,0.0,1550.0,1550.0
2024-07,11508,Accutone Sonar 280 Wireless & Wired Noise Cancelling Headset Black,AUDIO,3.0,6180.0,0.0,0.0,6180.0,2060.0
2024-07,11509,Accutone Converse 95 Noise Cancelling Headset Black,AUDIO,4.0,9280.0,0.0,0.0,9280.0,2320.0
2024-07,11510,Accutone Nexus 2000 MagSafe Speaker Blue,AUDIO,4.0,5000.0,0.0,0.0,5000.0,1250.0
2024-07,11511,Accutone Nexus 2000 MagSafe Speaker Gray,AUDIO,4.0,5000.0,0.0,0.0,5000.0,1250.0
2024-07,11512,Accutone Nexus 2000 MagSafe Speaker Pink,AUDIO,4.0,5000.0,0.0,0.0,5000.0,1250.0
2024-07,11612,Accutone UB101 Stereo USB Headset Black,AUDIO,4.0,1380.0,0.0,0.0,1380.0,345.0
2024-07,7652,RAKK SONIDO 7.1 Virtual Surround RGB Gaming Headset USB Black,AUDIO,13.0,12935.0,0.0,0.0,12935.0,995.0
2024-07,8581,Edifier W820NB Plus Active Noice Cancellation Bluetooth Stereo Wireless Headset Ivory,AUDIO,1.0,1850.0,0.0,0.0,1850.0,1850.0
2024-07,7824,Hikvision E-HWID 2.8MM Eco-HiWatch 2.mm IR Dome E-HWID,CAMERA,5.0,7250.0,0.0,0.0,7250.0,1450.0
2024-07,78,A4Tech KRS-8572 Usb Keyboard and Mouse Black,COMBO,36.0,18360.0,0.0,0.0,18360.0,510.0
2024-07,9301,RAKK APTAS ILLUMINATED / Membrane Keyboard and Mouse / No software / Rainbow lighting / Black,COMBO,46.0,13110.0,0.0,0.0,13110.0,285.0
2024-07,10370,DarkFlash Infinity 34 3in1 ARGB Chassis Fan Black,COOLING,10.0,11500.0,0.0,0.0,11500.0,1150.0
2024-07,10373,DarkFlash Infinity 34 Single ARGB Chassis Fan White,COOLING,9.0,3780.0,0.0,0.0,3780.0,420.0
2024-07,10386,MSI MAG COREFROZR AA13 ARGB CPU Air Cooler black,COOLING,12.0,14340.0,0.0,0.0,14340.0,1195.0
2024-07,10590,YGT Cyber-120IFB 3in1 ARGB Chassis Fan Black,COOLING,13.0,7150.0,0.0,0.0,7150.0,550.0
2024-07,10743,NZXT F120 RGB Duo Triple Pack (RF-D12TF-W1) with RGB Controller Chassis Fan White,COOLING,15.0,22500.0,0.0,0.0,22500.0,1500.0
2024-07,10839,CoolerMaster Hyper 212 3DHP ARGB CPU Air Cooler Black,COOLING,8.0,11160.0,0.0,0.0,11160.0,1395.0
2024-07,10858,DarkFlash E400 Plus Matrix Display CPU Air Cooler White,COOLING,3.0,4950.0,0.0,0.0,4950.0,1650.0
2024-07,10930,CoolerMaster MasterLiquid 240L Core Liquid Cooling Black,COOLING,14.0,51800.0,0.0,0.0,51800.0,3700.0
2024-07,10966,CoolerMaster V4 Alpha 3DHP CPU Air Cooler Black,COOLING,9.0,17055.0,0.0,0.0,17055.0,1895.0
2024-07,10990,BeQuiet Silent Wings 4 (BL094) 120mm PWM High Speed Single Chassis Fan Black,COOLING,7.0,8400.0,0.0,0.0,8400.0,1200.0
2024-07,11005,Asus AR120 ARGB PWM Single Chassis Fan Black,COOLING,8.0,1200.0,0.0,0.0,1200.0,150.0
2024-07,11159,Jungle Leopard Chill Arc 360mm ARGB Liquid Cooling Black,COOLING,3.0,32850.0,0.0,0.0,32850.0,10950.0
2024-07,11160,Jungle Leopard Chill Arc 360mm ARGB Liquid Cooling White,COOLING,12.0,135540.0,0.0,0.0,135540.0,11295.0
2024-07,11216,CoolerMaster MasterLiquid Core Nex 360 ARGB CPU Liquid Cooler Black,COOLING,12.0,53400.0,0.0,0.0,53400.0,4450.0
2024-07,6174,Deepcool TW-003 CPU Air Cooler,COOLING,12.0,4800.0,0.0,0.0,4800.0,400.0
2024-07,7,AMD Stock Heatsink Fan,COOLING,9.0,1260.0,0.0,0.0,1260.0,140.0
2024-07,7501,DarkFlash DM12 F Single ARGB Chassis Fan Black,COOLING,13.0,3055.0,0.0,0.0,3055.0,235.0
2024-07,7502,DarkFlash DM12 F Single ARGB Chassis Fan White,COOLING,10.0,2850.0,0.0,0.0,2850.0,285.0
2024-07,7505,DarkFlash Infinity24 Single ARGB Chassis Fan Black,COOLING,12.0,3420.0,0.0,0.0,3420.0,285.0
2024-07,9737,MSI MAG Coreliquid A13 240 CPU Liquid Cooler Black,COOLING,11.0,40150.0,0.0,0.0,40150.0,3650.0
2024-07,9835,MSI MAG Coreliquid A13 360 CPU Liquid Cooler Black,COOLING,13.0,55640.0,0.0,0.0,55640.0,4280.0
2024-07,9836,MSI MAG Coreliquid A13 360 CPU Liquid Cooler White,COOLING,11.0,45540.0,0.0,0.0,45540.0,4140.0
2024-07,10425,"ViewSonic VA24G1-H 24"" FHD 144Hz IPS Monitor",DISPLAY,8.0,33200.0,0.0,0.0,33200.0,4150.0
2024-07,10540,"ASUS ROG Strix XG27ACMES 27"" QHD 255Hz-OC Fast IPS Monitor",DISPLAY,6.0,95970.0,0.0,0.0,95970.0,15995.0
2024-07,10711,"ASUS TUF Gaming Series 5 VG259QMR5A 24.5"" FHD 310Hz(OC) Fast-IPS Monitor",DISPLAY,11.0,104445.0,0.0,0.0,104445.0,9495.0
2024-07,10836,"AOC 24G11ZE 23.8"" 240Hz OC FHD Fast IPS Monitor",DISPLAY,5.0,32975.0,0.0,0.0,32975.0,6595.0
2024-07,10918,"Philips 24E2G2200 23.8"" 144Hz IPS FHD Monitor",DISPLAY,11.0,46145.0,0.0,0.0,46145.0,4195.0
2024-07,10919,"Philips 27E2G2200 27"" 144Hz IPS FHD Monitor",DISPLAY,9.0,53955.0,0.0,0.0,53955.0,5995.0
2024-07,10940,"MSI MAG 245F X24 23.8"" 240Hz FHD Rapid IPS Monitor",DISPLAY,14.0,90300.0,0.0,0.0,90300.0,6450.0
2024-07,10941,"MSI MAG 272F X24 27"" 240Hz FHD Rapid IPS Monitor",DISPLAY,5.0,44750.0,0.0,0.0,44750.0,8950.0
2024-07,11074,"AOC 24B36XE 23.8"" FHD 144Hz IPS Monitor",DISPLAY,10.0,42500.0,0.0,0.0,42500.0,4250.0
2024-07,11127,"Nvision N2455GT-B 23.8"" FHD 144Hz IPS Monitor",DISPLAY,8.0,31600.0,0.0,0.0,31600.0,3950.0
2024-07,11151,"MSI MAG 275QF E20 27"" WQHD 200Hz Rapid IPS Monitor",DISPLAY,13.0,149500.0,0.0,0.0,149500.0,11500.0
2024-07,11208,"Gamdias Atlas HD24IF IV 23.8"" 240Hz FHD Fast IPS Monitor Black",DISPLAY,6.0,35220.0,0.0,0.0,35220.0,5870.0
2024-07,11258,"AOC Q27G4SL/WS 27"" QHD 320Hz Fast IPS HDR 400 Monitor",DISPLAY,10.0,138000.0,0.0,0.0,138000.0,13800.0
2024-07,11472,"MSI PRO MP251 E14L 24.5"" 144HZ FHD IPS Monitor",DISPLAY,11.0,47575.0,0.0,0.0,47575.0,4325.0
2024-07,11473,"Asus TUF Gaming VG259QM5A 24.5"" 240Hz IPS Gaming Monitor",DISPLAY,6.0,47370.0,0.0,0.0,47370.0,7895.0
2024-07,11528,"LG 24U411A-B 23.8"" 120Hz FHD IPS Monitor",DISPLAY,6.0,21900.0,0.0,0.0,21900.0,3650.0
2024-07,7785,Nvision N190V8 19' LED Monitor,DISPLAY,4.0,6800.0,0.0,0.0,6800.0,1700.0
2024-07,7786,"Nvision N200V8 20"" LED Monitor",DISPLAY,7.0,12005.0,0.0,0.0,12005.0,1715.0
2024-07,8060,"Nvision H22V8 21.5"" LED Monitor",DISPLAY,7.0,15680.0,0.0,0.0,15680.0,2240.0
2024-07,9904,"Viewsonic VX2479A-HD-PRO 24"" 240Hz FHD 1MS MPRT IPS HDR10 Gaming Monitor",DISPLAY,8.0,50640.0,0.0,0.0,50640.0,6330.0
2024-07,11003,RAKK SUKOG LITE 800x400x3mm Mousepad Black,GAMING SURFACE,13.0,2470.0,0.0,0.0,2470.0,190.0
2024-07,10053,ASUS Dual Nvidia Geforce RTX 3050 OC Edition (DUAL-RTX3050-O6G) 6GB 96-bit GDRR6 Videocard,GRAPHIC CARD,5.0,72250.0,0.0,0.0,72250.0,14450.0
2024-07,10072,MSI Nvidia GeForce RTX 5060 VENTUS 2X OC (G5060-8V2C) 8GB 128-bit GDDR7 Videocard,GRAPHIC CARD,6.0,147000.0,0.0,0.0,147000.0,24500.0
2024-07,10080,Gigabyte Nvidia GeForce RTX 5060 AERO OC (GV-N5060AERO-OC-8GD) 8GB 128-bit GDDR7 Videocard,GRAPHIC CARD,5.0,128750.0,0.0,0.0,128750.0,25750.0
2024-07,10152,MSI GeForce RTX 5070 Ti VENTUS 3X OC (G507T-16V3C) 16GB 256-bit GDDR7 Videocard,GRAPHIC CARD,14.0,923300.0,0.0,0.0,923300.0,65950.0
2024-07,10155,ASUS DUAL GeForce RTX 5060 (DUAL-RTX5060-8G) 8GB 128-bit GDDR7 Videocard,GRAPHIC CARD,5.0,124750.0,0.0,0.0,124750.0,24950.0
2024-07,10206,ASUS Dual RX 7600 EVO OC Edition DUAL-RX7600-O8G-EVO 8GB 128-bit GDDR6 Videocard,GRAPHIC CARD,9.0,206550.0,0.0,0.0,206550.0,22950.0
2024-07,10207,ASUS Prime AMD Radeon RX 9060 XT OC (PRIME-RX9060XT-O16G) 16GB 128-Bit GDDR6 Videocard,GRAPHIC CARD,10.0,349500.0,0.0,0.0,349500.0,34950.0
2024-07,10225,MSI Nvidia GeForce RTX 5060 SHADOW 2X OC (G5060-8S2C) 8GB 128-bit GDDR7 Videocard,GRAPHIC CARD,6.0,149700.0,0.0,0.0,149700.0,24950.0
2024-07,10660,MSI Nvidia GeForce RTX 5050 VENTUS 2X OC (G5050-8V2C) 128-bit GDDR6 Videocard,GRAPHIC CARD,8.0,159600.0,0.0,0.0,159600.0,19950.0
2024-07,11557,ASUS DUAL Nvidia GeForce RTX 5060 Ti OC Edition (DUAL-RTX5060TI-O8G) 8GB 128-bit GDDR7 Videocard,GRAPHIC CARD,4.0,115800.0,0.0,0.0,115800.0,28950.0
2024-07,11591,MSI GeForce RTX 5060 Ventus 2X OC v1 (G5060-8V2CV1) 8GB 128-bit GDDR7 Videocard,GRAPHIC CARD,10.0,256500.0,0.0,0.0,256500.0,25650.0
2024-07,11636,Colorful Nvidia GeForce RTX 3050 6GB V4-V 96-bit GDDR6 Videocard,GRAPHIC CARD,3.0,36750.0,0.0,0.0,36750.0,12250.0
2024-07,8396,MSI GEFORCE RTX 3050 VENTUS 2X OC 6GB 96-bit DDR6 Videocard,GRAPHIC CARD,6.0,85200.0,0.0,0.0,85200.0,14200.0
2024-07,9396,Biostar Rx 580 VA5815RQ82 Dual Cooling Fan 8gb 256bit GDdr5 Gaming Videocard,GRAPHIC CARD,6.0,47700.0,0.0,0.0,47700.0,7950.0
2024-07,9883,Asus Prime AMD Radeon RX 9070 OC (PRIME-RX9070-O16G) 16GB 256-Bit GDDR6 Videocard,GRAPHIC CARD,1.0,47950.0,0.0,0.0,47950.0,47950.0
2024-07,9967,MSI Nvidia GeForce RTX 5070 VENTUS 2X OC 12GB 192-bit GDDR7 Videocard,GRAPHIC CARD,5.0,234750.0,0.0,0.0,234750.0,46950.0
2024-07,160,Seagate 1tb ST1000DM010 Harddisk Drive,HARD DISK,2.0,6900.0,0.0,0.0,6900.0,3450.0
2024-07,11573,Aula S75 Pro RGB Gaming Mechanical Wireless Tri-Mode Keyboard Gradient Pink,KEYBOARD,18.0,44100.0,0.0,0.0,44100.0,2450.0
2024-07,4285,Fantech MAXPOWER MK853 Mechanical Gaming Keyboard White - BLUE Switch,KEYBOARD,22.0,32560.0,0.0,0.0,32560.0,1480.0
2024-07,11464,"MSI Cyborg 15 A13VE-2453PHNN 15.6"" FHD IPS 144Hz Intel Core i5-13420H/8GB DDR5-5200/512GB NVMe SSD PCIe Gen4/RTX 4050 6GD6/Win11 Laptop",LAPTOP GA2,4.0,235980.0,0.0,0.0,235980.0,58995.0
2024-07,11552,"Asus Vivobook Go 15 E1504FA-BQ5585WSM 15.6""FHD IPS Ryzen 5-40/8GB LPDDR5/512GB M.2 NVMe PCIe 3.0 SSD/Win11 Laptop + HS M365",LAPTOP PR2,1.0,39995.0,0.0,0.0,39995.0,39995.0
2024-07,11564,"Asus Vivobook 14 X1404VA-EB2200WSM 14.0"" FHD Intel Core 5 120U/8GB DDR5/512GB SSD/Win11 Laptop H&S+M365 + Laptop Bag",LAPTOP PR2,1.0,43995.0,0.0,0.0,43995.0,43995.0
2024-07,11527,"Lenovo V15 G4 ABP 15.6"" FHD Ryzen 7-7730U/8GB DDR4/512GB NVMe SSD/Win11 Pro Laptop SE",LAPTOP PR3,3.0,119985.0,0.0,0.0,119985.0,39995.0
2024-07,10286,Lexar LD5S16G56C46ST-BGS 16GB 5600Mhz DDR5 Sodimm Memory,MEMORY,12.0,187200.0,0.0,0.0,187200.0,15600.0
2024-07,10789,Teamgroup Vulcan 16GB 8GBx2 6000Mhz CL38 DDR5 Memory,MEMORY,16.0,232000.0,0.0,0.0,232000.0,14500.0
2024-07,10905,Lexar Ares 8GB LD4U08G32C16LA-RGS 3200Mhz DDR4 RGB Memory Black,MEMORY,10.0,42500.0,0.0,0.0,42500.0,4250.0
2024-07,11052,Biostar Storming V 8GB 3200Mhz DDR4 Memory,MEMORY,9.0,37350.0,0.0,0.0,37350.0,4150.0
2024-07,11185,Crucial 16GB CT16G4SFRA32A 3200Mhz DDR4 Sodimm,MEMORY,13.0,107250.0,0.0,0.0,107250.0,8250.0
2024-07,11327,HKC PC 16gb 3200mhz DDR4 with Heatsink Memory Black,MEMORY,22.0,136290.0,0.0,0.0,136290.0,6195.0
2024-07,11444,FASPEED 8GB 3200Mhz DDR4 with Heatsink Memory,MEMORY,12.0,37800.0,0.0,0.0,37800.0,3150.0
2024-07,11450,HKC PC 8gb 3200mhz DDR4 with Heatsink Memory Black,MEMORY,9.0,31050.0,0.0,0.0,31050.0,3450.0
2024-07,11548,Hiksemi Future 16GB (16x1) HSC516U56C2 5600Mhz CL38 DDR5 Memory Black,MEMORY,19.0,284905.0,0.0,0.0,284905.0,14995.0
2024-07,1372,Ramsta 4gb 1x4 2666mhz Ddr4 Memory,MEMORY,9.0,4500.0,0.0,0.0,4500.0,500.0
2024-07,2489,Ramsta 4gb 1x4 2666mhz Ddr4 Sodimm Memory,MEMORY,14.0,5600.0,0.0,0.0,5600.0,400.0
2024-07,3150,Team Elite TForce Delta 16gb 2x8 3600mhz Ddr4 RGB Memory Black,MEMORY,17.0,155550.0,0.0,0.0,155550.0,9150.0
2024-07,3151,Team Elite TForce Delta 16gb 2x8 3600mhz Ddr4 RGB Memory White,MEMORY,21.0,192150.0,0.0,0.0,192150.0,9150.0
2024-07,4055,Team Elite Plus 8gb 1x8 3200Mhz Ddr4 Memory Black Gold,MEMORY,24.0,114000.0,0.0,0.0,114000.0,4750.0
2024-07,9324,KINGBANK 16GB 1x16 3200mhz DDR4 with Heatsink Memory Silver,MEMORY,16.0,119200.0,0.0,0.0,119200.0,7450.0
2024-07,9794,"Nvision A24K6-S-i704-1625 Intel i7-4700M 16GB 256GB SSD 23.8"" FHD IPS All in One PC",MINI PC,2.0,33900.0,0.0,0.0,33900.0,16950.0
2024-07,10295,Asus B650M-AYW Wifi DDR5 AMD Motherboard,MOTHERBOARD,13.0,94835.0,0.0,0.0,94835.0,7295.0
2024-07,10296,Asus Prime A520M-K/CSM AM4 AMD Motherboard,MOTHERBOARD,9.0,29655.0,0.0,0.0,29655.0,3295.0
2024-07,10647,ASUS PRIME B850M-A WIFI-CSM Socket AM5 DDR5 Motherboard,MOTHERBOARD,16.0,183920.0,0.0,0.0,183920.0,11495.0
2024-07,10675,MSI B650M GAMING WIFI AM5 DDR5 Motherboard,MOTHERBOARD,18.0,133110.0,0.0,0.0,133110.0,7395.0
2024-07,11556,Gigabyte B550M-K Socket Am4 Ddr4 Motherboard,MOTHERBOARD,12.0,59400.0,0.0,0.0,59400.0,4950.0
2024-07,11558,Asus B760M-AYW WIFI Socket LGA 1700 Ddr4 Motherboard,MOTHERBOARD,10.0,93500.0,0.0,0.0,93500.0,9350.0
2024-07,11593,Gigabyte B860M GAMING X WIFI6E LGA1851 Socket Ddr5 Motherboard,MOTHERBOARD,16.0,193520.0,0.0,0.0,193520.0,12095.0
2024-07,2756,MSI B550M Pro VDH Wifi Socket Am4 Ddr4 Motherboard,MOTHERBOARD,9.0,57150.0,0.0,0.0,57150.0,6350.0
2024-07,3367,MSI A520m-A Pro Socket Am4 Ddr4 Motherboard,MOTHERBOARD,15.0,48750.0,0.0,0.0,48750.0,3250.0
2024-07,4492,Asus Prime B550M-A Wifi II Socket Am4 Ddr4 Gaming Motherboard,MOTHERBOARD,12.0,77400.0,0.0,0.0,77400.0,6450.0
2024-07,7615,MSI B650M Project zero socket LGA AM5 DDR5 Motherboard,MOTHERBOARD,7.0,89950.0,0.0,0.0,89950.0,12850.0
2024-07,8617,Asrock A520M-HVS Socket Am4 DDR4 Motherboard,MOTHERBOARD,19.0,59850.0,0.0,0.0,59850.0,3150.0
2024-07,9385,Biostar A520MHP Socket Am4 DDR4 Motherboard,MOTHERBOARD,9.0,26055.0,0.0,0.0,26055.0,2895.0
2024-07,9759,MSI PRO X870-P WIFI Ddr5 AM5 Motherboard,MOTHERBOARD,17.0,305150.0,0.0,0.0,305150.0,17950.0
2024-07,9879,MSI B550M-A PRO Socket Am4 Ddr4 Motherboard,MOTHERBOARD,17.0,79050.0,0.0,0.0,79050.0,4650.0
2024-07,9970,Asus Prime B550M-K ARGB Socket Am4 Ddr4 Motherboard,MOTHERBOARD,12.0,58200.0,0.0,0.0,58200.0,4850.0
2024-07,10488,RAKK DASIG X3 Ambidextrous Hotswap Trimode PAW3311 Huano 80M RGB Gaming Mouse Black,MOUSE,6.0,5970.0,0.0,0.0,5970.0,995.0
2024-07,10489,RAKK DASIG X3 Ambidextrous Hotswap Trimode PAW3311 Huano 80M RGB Gaming Mouse White,MOUSE,2.0,1990.0,0.0,0.0,1990.0,995.0
2024-07,10776,RAKK TALAN AERO X PAW3395 8K Polling Omron Optical Trimode Lightweight 55g Gaming Mouse Black,MOUSE,7.0,15365.0,0.0,0.0,15365.0,2195.0
2024-07,10994,Logitech G 502X Wired Gaming Mouse White,MOUSE,6.0,18570.0,0.0,0.0,18570.0,3095.0
2024-07,3513,Logitech G102 Lightsync Gaming Mouse Black,MOUSE,11.0,10230.0,0.0,0.0,10230.0,930.0
2024-07,3700,Logitech G102 Lightsync Gaming Mouse White,MOUSE,7.0,6510.0,0.0,0.0,6510.0,930.0
2024-07,9299,RAKK DASIG LITE Huano Switch RGB Gaming Mouse,MOUSE,6.0,1680.0,0.0,0.0,1680.0,280.0
2024-07,11172,DITO Home WoWFi Lite 4G WiFi Router,NETWORK DEVICE,1.0,980.0,0.0,0.0,980.0,980.0
2024-07,11356,TP-Link Archer BE220 Dual Band Wi-Fi 7 Router,NETWORK DEVICE,3.0,6750.0,0.0,0.0,6750.0,2250.0
2024-07,11460,ASUS RT-BE50 BE3600 Dual Band WiFi 7 Router,NETWORK DEVICE,3.0,8985.0,0.0,0.0,8985.0,2995.0
2024-07,130,Tp-Link TL-WA901ND Wireless N Access Point,NETWORK DEVICE,4.0,7576.0,0.0,0.0,7576.0,1894.0
2024-07,1693,TP-Link TL-WR820N 300Mbps Multimode Wi-Fi Router,NETWORK DEVICE,3.0,1470.0,0.0,0.0,1470.0,490.0
2024-07,10146,MSI PANO 110R PZ Mid Tower Gaming PC Case Black,PC CASE,7.0,29400.0,0.0,0.0,29400.0,4200.0
2024-07,10518,NZXT H6 Flow CC-H61FW-01 Tempered Glass ATX PC Case White,PC CASE,16.0,69600.0,0.0,0.0,69600.0,4350.0
2024-07,10519,NZXT H7 Flow (2024) CM-H72FW-01 ATX PC Case White,PC CASE,5.0,23250.0,0.0,0.0,23250.0,4650.0
2024-07,10520,NZXT H7 Flow RGB (2024) CM-H72FB-R1 ATX PC Case Black,PC CASE,13.0,56550.0,0.0,0.0,56550.0,4350.0
2024-07,10668,CoolerMaster Elite 302 ARGB Micro ATX PC Case Black,PC CASE,8.0,23960.0,0.0,0.0,23960.0,2995.0
2024-07,10808,MSI PAG PANO M110A ARGB Micro ATX PC Case Black,PC CASE,5.0,12250.0,0.0,0.0,12250.0,2450.0
2024-07,10828,DarkFlash Floatron F1 Micro ATX PC Case Black & White,PC CASE,7.0,27965.0,0.0,0.0,27965.0,3995.0
2024-07,10928,CoolerMaster Qube 540 Moonstone ATX PC Case,PC CASE,5.0,19975.0,0.0,0.0,19975.0,3995.0
2024-07,10963,CoolerMaster Elite 600 ARGB ATX Mid Tower PC Case Black,PC CASE,15.0,80250.0,0.0,0.0,80250.0,5350.0
2024-07,10972,Asus A31 Tempered Glass Mid Tower ATX PC Case White,PC CASE,11.0,37400.0,0.0,0.0,37400.0,3400.0
2024-07,11002,RAKK TANAN MATX Tempered Glass with PSU and Fans,PC CASE,9.0,11655.0,0.0,0.0,11655.0,1295.0
2024-07,11068,DarkFlash M305 with 3 RGB Fan Micro ATX Tempered Glass Gaming PC Case Black,PC CASE,6.0,8370.0,0.0,0.0,8370.0,1395.0
2024-07,11102,YGT Mars 9 Micro ATX PC Case with PSU Black,PC CASE,3.0,2385.0,0.0,0.0,2385.0,795.0
2024-07,11131,Asus A21 Tempered Glass Micro ATX PC Case Black,PC CASE,3.0,8985.0,0.0,0.0,8985.0,2995.0
2024-07,11306,Gamdias Aura GC10 v2 ARGB Dual Chamber Micro ATX PC Case Black,PC CASE,7.0,17465.0,0.0,0.0,17465.0,2495.0
2024-07,11406,Cougar MX110 RGB Mid Tower Tempered Glass ATX PC Case Black,PC CASE,17.0,39950.0,0.0,0.0,39950.0,2350.0
2024-07,11546,YGT 420B Micro ATX PC Case Black,PC CASE,6.0,7500.0,0.0,0.0,7500.0,1250.0
2024-07,6579,InPlay Wind 01 Acrylic Side Panel Micro ATX PC Case,PC CASE,7.0,0.0,0.0,0.0,0.0,0.0
2024-07,7367,MSI MAG Forge M100A Auto RGB Micro ATX PC Case Black,PC CASE,7.0,15330.0,0.0,0.0,15330.0,2190.0
2024-07,9897,YGT V100 Micro ATX PC Case with PSU White,PC CASE,7.0,6230.0,0.0,0.0,6230.0,890.0
2024-07,9973,MSI MAG PANO 100R Project Zero Micro ATX PC Case Black,PC CASE,12.0,79800.0,0.0,0.0,79800.0,6650.0
2024-07,10052,Asus Prime 650W 80+ Bronze Power Supply,POWER SUPPLY,12.0,43800.0,0.0,0.0,43800.0,3650.0
2024-07,10208,Asus Prime AP-850W 80+ Gold Full Modular Power Supply,POWER SUPPLY,7.0,52465.0,0.0,0.0,52465.0,7495.0
2024-07,10376,ASRock Pro-650B 650W 80+ Bronze Non-Modular ATX 3.1 Power Supply,POWER SUPPLY,11.0,29150.0,0.0,0.0,29150.0,2650.0
2024-07,10679,ASRock Steel Legend SL-1000G 1000W 80+ Gold Cybenetics Gold ATX 3.1 Full Modular Power Supply,POWER SUPPLY,15.0,141750.0,0.0,0.0,141750.0,9450.0
2024-07,11266,Acer AC-500 500W Non-Modular 80+ Bronze Power Supply Black,POWER SUPPLY,12.0,15000.0,0.0,0.0,15000.0,1250.0
2024-07,11267,Acer AC-650 650W Non-Modular 80+ Bronze Power Supply Black,POWER SUPPLY,19.0,33991.0,0.0,0.0,33991.0,1789.0
2024-07,11332,Acer AC-750 750W Non-Modular 80+ Bronze Power Supply Black,POWER SUPPLY,16.0,33600.0,0.0,0.0,33600.0,2100.0
2024-07,176,Intelligent 700 watts Power Supply,POWER SUPPLY,8.0,3600.0,0.0,0.0,3600.0,450.0
2024-07,4079,MSI MAG A650BN 650Watts 80+ Non-Modular Power Supply Bronze,POWER SUPPLY,8.0,26360.0,0.0,0.0,26360.0,3295.0
2024-07,4080,MSI MAG A550BN 550Watts 80+ Non-Modular Power Supply Bronze,POWER SUPPLY,23.0,65665.0,0.0,0.0,65665.0,2855.0
2024-07,6242,MSI MAG A600DN 600W 80+ Power Supply,POWER SUPPLY,6.0,16590.0,0.0,0.0,16590.0,2765.0
2024-07,7838,MSI MAG A850GL 850Watts PCIE5 80+ Full Modular Power Supply Gold Black,POWER SUPPLY,7.0,50610.0,0.0,0.0,50610.0,7230.0
2024-07,8542,Acer AC-550 550w Full Modular 80plus Bronze Power Supply,POWER SUPPLY,9.0,12915.0,0.0,0.0,12915.0,1435.0
2024-07,8543,Acer AC-650 650w Full Modular  80plus Bronze Power Supply,POWER SUPPLY,5.0,10275.0,0.0,0.0,10275.0,2055.0
2024-07,9703,CoolerMaster MWE 650W V3 (MPE-6501-ACABW-3BUS) 80+ Bronze ATX 3.1 Power Supply,POWER SUPPLY,10.0,38100.0,0.0,0.0,38100.0,3810.0
2024-07,9938,CoolerMaster MWE 750W V3 (MPE-7501-ACABW-3BUS) 80+ Bronze ATX 3.1 Power Supply,POWER SUPPLY,15.0,64770.0,0.0,0.0,64770.0,4318.0
2024-07,11598,Epson L3310 Multi Functional Integrated Ink Tank Printer,PRINTER AND SCANNER,1.0,9050.0,0.0,0.0,9050.0,9050.0
2024-07,11599,Epson L3350 Wi-Fi Multi Functional Integrated Ink Tank Printer,PRINTER AND SCANNER,2.0,21060.0,0.0,0.0,21060.0,10530.0
2024-07,2008,Canon Pixma TS207 Printer Inkjet,PRINTER AND SCANNER,1.0,2230.0,0.0,0.0,2230.0,2230.0
2024-07,3940,Epson L121 Ink Tank Printer,PRINTER AND SCANNER,3.0,16350.0,0.0,0.0,16350.0,5450.0
2024-07,4804,Canon Pixma MG3070S Compact Wireless All-In-One Printer,PRINTER AND SCANNER,2.0,6850.0,0.0,0.0,6850.0,3425.0
2024-07,10057,AMD Ryzen 9 9900X 4.4GHz AM5 Socket DDR5 Processor TTP,PROCESSOR,7.0,174650.0,0.0,0.0,174650.0,24950.0
2024-07,10102,AMD Ryzen 7 7700 Socket AM5 3.8GHz Processor MPK,PROCESSOR,9.0,107550.0,0.0,0.0,107550.0,11950.0
2024-07,10110,AMD Ryzen 5 5500GT 3.6GHz AM4 Socket DDR4 Processor MPK,PROCESSOR,11.0,89045.0,0.0,0.0,89045.0,8095.0
2024-07,10911,Intel Core i9-14900K Raptor Lake Socket LGA 1700 3.20GHz Processor MPK,PROCESSOR,22.0,702900.0,0.0,0.0,702900.0,31950.0
2024-07,10938,AMD Ryzen 5 8400F 4.2GHz AM5 Socket DDR5 Processor MPK,PROCESSOR,11.0,98450.0,0.0,0.0,98450.0,8950.0
2024-07,11064,AMD Ryzen 5 3400g 3.7ghz AM4 Socket DDR4 Processor MPK,PROCESSOR,11.0,41745.0,0.0,0.0,41745.0,3795.0
2024-07,11065,AMD Ryzen 7 8700F 4.1ghz AM5 Socket DDR5 Processor MPK,PROCESSOR,9.0,85050.0,0.0,0.0,85050.0,9450.0
2024-07,11592,Intel Core Ultra 7 processor 270K Plus LGA 1851 5.5Ghz Processor,PROCESSOR,8.0,167600.0,0.0,0.0,167600.0,20950.0
2024-07,4513,AMD Ryzen 5 5600X Socket AM4 3.7GHz Processor with Wraith Stealth Cooler MPK,PROCESSOR,13.0,116350.0,0.0,0.0,116350.0,8950.0
2024-07,5640,AMD Ryzen 5 5500 Socket Am4 3.6GHz Processor with AMD wraith cooler MPK,PROCESSOR,14.0,72800.0,0.0,0.0,72800.0,5200.0
2024-07,5663,AMD Ryzen 5 5600 Socket Am4 3.5GHz Processor with Wraith stealth cooler MPK,PROCESSOR,14.0,100800.0,0.0,0.0,100800.0,7200.0
2024-07,7098,AMD Ryzen 7 5700G Socket Am4 3.8GHz with Radeon Vega 8 wraith stealth cooler Processor MPK,PROCESSOR,10.0,122500.0,0.0,0.0,122500.0,12250.0
2024-07,7929,AMD Ryzen 7 5700X Socket AM4 3.4GHz Processor with AMD Wraith Stealth cooler MPK,PROCESSOR,8.0,79600.0,0.0,0.0,79600.0,9950.0
2024-07,8432,AMD Ryzen 3 3200g PRO Socket Am4 3.6ghz with Radeon Vega 8 Processor MPK,PROCESSOR,19.0,64505.0,0.0,0.0,64505.0,3395.0
2024-07,9608,AMD RYZEN 7 7800X3D Socket AM5 D5 5.0ghz with Radeon Graphics processor TTP,PROCESSOR,10.0,184500.0,0.0,0.0,184500.0,18450.0
2024-07,9614,AMD RYZEN 7 9800X3D Socket AM5 D5 5.2ghz with Radeon Graphics processor,PROCESSOR,5.0,139750.0,0.0,0.0,139750.0,27950.0
2024-07,9776,AMD Ryzen 5 5600GT 3.6GHz AM4 Socket DDR4 Processor MPK,PROCESSOR,18.0,165510.0,0.0,0.0,165510.0,9195.0
2024-07,9841,Intel Core i5-14400 4.7GHz LGA 1700 Processor MPK,PROCESSOR,11.0,131450.0,0.0,0.0,131450.0,11950.0
2024-07,10697,Lexar NQ100 256GB Solid State Drive SATA 2.5,SOLID STATE DRIVE,15.0,59925.0,0.0,0.0,59925.0,3995.0
2024-07,10797,Lexar NM620 1TB M.2 NVME Solid State Drive,SOLID STATE DRIVE,29.0,234900.0,0.0,0.0,234900.0,8100.0
2024-07,10804,Team Group MP33 512GB M.2 PCIe Gen3.0 x4 NVME 1.3 Solid State Drive,SOLID STATE DRIVE,22.0,137500.0,0.0,0.0,137500.0,6250.0
2024-07,11148,Teamgroup T-Force GA Pro 1TB NVMe M.2 Gen 5 Solid State Drive,SOLID STATE DRIVE,26.0,282100.0,0.0,0.0,282100.0,10850.0
2024-07,11152,Hiksemi Wave S 256B SATA 2.5 Solid State Drive,SOLID STATE DRIVE,25.0,83750.0,0.0,0.0,83750.0,3350.0
2024-07,11269,Hiksemi Wave P 256GB PCIE Gen3 M.2 Solid State Drive,SOLID STATE DRIVE,31.0,108345.0,0.0,0.0,108345.0,3495.0
2024-07,11323,ESGaming 512GB SATA 2.5 Solid State Drive,SOLID STATE DRIVE,12.0,52740.0,0.0,0.0,52740.0,4395.0
2024-07,11577,Apacer AS2280P4 512GB PCIe Gen 3x4 M.2 NVMe Solid State Drive,SOLID STATE DRIVE,17.0,90015.0,0.0,0.0,90015.0,5295.0
2024-07,1681,Team Group GX2 Solid State Drive 256gb SATA 2.5,SOLID STATE DRIVE,18.0,62100.0,0.0,0.0,62100.0,3450.0
2024-07,1909,Lexar NS10 Lite Solid State Drive 120gb SATA 2.5,SOLID STATE DRIVE,15.0,21750.0,0.0,0.0,21750.0,1450.0
2024-07,6856,Team Group MP33 256GB M.2 PCIe NVME Solid State Drive,SOLID STATE DRIVE,28.0,93800.0,0.0,0.0,93800.0,3350.0
2024-07,6936,Adata SU650 Solid State Drive 512GB SATA 2.5,SOLID STATE DRIVE,18.0,89910.0,0.0,0.0,89910.0,4995.0
2024-07,10833,"ORTIZAN C7 Dual-Mode 2.0 Studio Monitors, Active Monitor Speakers, White",SPEAKER,1.0,3195.0,0.0,0.0,3195.0,3195.0
2024-07,10856,Edifier ES20 Portable Bluetooth Speaker Ivory,SPEAKER,1.0,1685.0,0.0,0.0,1685.0,1685.0
2024-07,10870,InPlay MS002 Mini Speaker Black,SPEAKER,1.0,210.0,0.0,0.0,210.0,210.0
2024-07,9768,Edifier T5 Powered Subwoofer,SPEAKER,1.0,4950.0,0.0,0.0,4950.0,4950.0
2024-07,2991,APC Back-Ups BVX650I-PH 360 Watts 650va with Avr Universal Sockets Ups,UPS & AVR,11.0,24200.0,0.0,0.0,24200.0,2200.0
2024-07,36,Secure 220v Avr,UPS & AVR,8.0,2000.0,0.0,0.0,2000.0,250.0
2024-07,454,Secure 650va Ups,UPS & AVR,9.0,13050.0,0.0,0.0,13050.0,1450.0
2024-08,10653,RAKK Matik USB Gaming Headset LED Illuminated,AUDIO,5.0,1575.0,0.0,0.0,1575.0,315.0
2024-08,10952,EPOS Sennheiser Impact SC 260 ED Headset,AUDIO,3.0,3960.0,0.0,0.0,3960.0,1320.0
2024-08,10991,Logitech G PRO X Wired 7.1 Gaming Headset,AUDIO,3.0,13650.0,0.0,0.0,13650.0,4550.0
2024-08,10993,Logitech G PRO X Wired 7.1 Gaming Headset (League of Legends Edition),AUDIO,4.0,18200.0,0.0,0.0,18200.0,4550.0
2024-08,11507,Accutone UB210 Noise Cancelling Headset Black,AUDIO,2.0,3100.0,0.0,0.0,3100.0,1550.0
2024-08,11508,Accutone Sonar 280 Wireless & Wired Noise Cancelling Headset Black,AUDIO,6.0,12360.0,0.0,0.0,12360.0,2060.0
2024-08,11509,Accutone Converse 95 Noise Cancelling Headset Black,AUDIO,6.0,13920.0,0.0,0.0,13920.0,2320.0
2024-08,11510,Accutone Nexus 2000 MagSafe Speaker Blue,AUDIO,1.0,1250.0,0.0,0.0,1250.0,1250.0
2024-08,11511,Accutone Nexus 2000 MagSafe Speaker Gray,AUDIO,2.0,2500.0,0.0,0.0,2500.0,1250.0
2024-08,11512,Accutone Nexus 2000 MagSafe Speaker Pink,AUDIO,2.0,2500.0,0.0,0.0,2500.0,1250.0
2024-08,11612,Accutone UB101 Stereo USB Headset Black,AUDIO,2.0,690.0,0.0,0.0,690.0,345.0
2024-08,7652,RAKK SONIDO 7.1 Virtual Surround RGB Gaming Headset USB Black,AUDIO,6.0,5970.0,0.0,0.0,5970.0,995.0
2024-08,8581,Edifier W820NB Plus Active Noice Cancellation Bluetooth Stereo Wireless Headset Ivory,AUDIO,3.0,5550.0,0.0,0.0,5550.0,1850.0
2024-08,7824,Hikvision E-HWID 2.8MM Eco-HiWatch 2.mm IR Dome E-HWID,CAMERA,6.0,8700.0,0.0,0.0,8700.0,1450.0
2024-08,78,A4Tech KRS-8572 Usb Keyboard and Mouse Black,COMBO,38.0,19380.0,0.0,0.0,19380.0,510.0
2024-08,9301,RAKK APTAS ILLUMINATED / Membrane Keyboard and Mouse / No software / Rainbow lighting / Black,COMBO,54.0,15390.0,0.0,0.0,15390.0,285.0
2024-08,10370,DarkFlash Infinity 34 3in1 ARGB Chassis Fan Black,COOLING,7.0,8050.0,0.0,0.0,8050.0,1150.0
2024-08,10373,DarkFlash Infinity 34 Single ARGB Chassis Fan White,COOLING,10.0,4200.0,0.0,0.0,4200.0,420.0
2024-08,10386,MSI MAG COREFROZR AA13 ARGB CPU Air Cooler black,COOLING,8.0,9560.0,0.0,0.0,9560.0,1195.0
2024-08,10590,YGT Cyber-120IFB 3in1 ARGB Chassis Fan Black,COOLING,8.0,4400.0,0.0,0.0,4400.0,550.0
2024-08,10743,NZXT F120 RGB Duo Triple Pack (RF-D12TF-W1) with RGB Controller Chassis Fan White,COOLING,12.0,18000.0,0.0,0.0,18000.0,1500.0
2024-08,10839,CoolerMaster Hyper 212 3DHP ARGB CPU Air Cooler Black,COOLING,10.0,13950.0,0.0,0.0,13950.0,1395.0
2024-08,10858,DarkFlash E400 Plus Matrix Display CPU Air Cooler White,COOLING,7.0,11550.0,0.0,0.0,11550.0,1650.0
2024-08,10930,CoolerMaster MasterLiquid 240L Core Liquid Cooling Black,COOLING,10.0,37000.0,0.0,0.0,37000.0,3700.0
2024-08,10966,CoolerMaster V4 Alpha 3DHP CPU Air Cooler Black,COOLING,8.0,15160.0,0.0,0.0,15160.0,1895.0
2024-08,10990,BeQuiet Silent Wings 4 (BL094) 120mm PWM High Speed Single Chassis Fan Black,COOLING,12.0,14400.0,0.0,0.0,14400.0,1200.0
2024-08,11005,Asus AR120 ARGB PWM Single Chassis Fan Black,COOLING,12.0,1800.0,0.0,0.0,1800.0,150.0
2024-08,11159,Jungle Leopard Chill Arc 360mm ARGB Liquid Cooling Black,COOLING,9.0,98550.0,0.0,0.0,98550.0,10950.0
2024-08,11160,Jungle Leopard Chill Arc 360mm ARGB Liquid Cooling White,COOLING,12.0,135540.0,0.0,0.0,135540.0,11295.0
2024-08,11216,CoolerMaster MasterLiquid Core Nex 360 ARGB CPU Liquid Cooler Black,COOLING,8.0,35600.0,0.0,0.0,35600.0,4450.0
2024-08,6174,Deepcool TW-003 CPU Air Cooler,COOLING,11.0,4400.0,0.0,0.0,4400.0,400.0
2024-08,7,AMD Stock Heatsink Fan,COOLING,5.0,700.0,0.0,0.0,700.0,140.0
2024-08,7501,DarkFlash DM12 F Single ARGB Chassis Fan Black,COOLING,8.0,1880.0,0.0,0.0,1880.0,235.0
2024-08,7502,DarkFlash DM12 F Single ARGB Chassis Fan White,COOLING,9.0,2565.0,0.0,0.0,2565.0,285.0
2024-08,7505,DarkFlash Infinity24 Single ARGB Chassis Fan Black,COOLING,8.0,2280.0,0.0,0.0,2280.0,285.0
2024-08,9737,MSI MAG Coreliquid A13 240 CPU Liquid Cooler Black,COOLING,11.0,40150.0,0.0,0.0,40150.0,3650.0
2024-08,9835,MSI MAG Coreliquid A13 360 CPU Liquid Cooler Black,COOLING,8.0,34240.0,0.0,0.0,34240.0,4280.0
2024-08,9836,MSI MAG Coreliquid A13 360 CPU Liquid Cooler White,COOLING,9.0,37260.0,0.0,0.0,37260.0,4140.0
2024-08,10425,"ViewSonic VA24G1-H 24"" FHD 144Hz IPS Monitor",DISPLAY,1.0,4150.0,0.0,0.0,4150.0,4150.0
2024-08,10540,"ASUS ROG Strix XG27ACMES 27"" QHD 255Hz-OC Fast IPS Monitor",DISPLAY,5.0,79975.0,0.0,0.0,79975.0,15995.0
2024-08,10711,"ASUS TUF Gaming Series 5 VG259QMR5A 24.5"" FHD 310Hz(OC) Fast-IPS Monitor",DISPLAY,4.0,37980.0,0.0,0.0,37980.0,9495.0
2024-08,10836,"AOC 24G11ZE 23.8"" 240Hz OC FHD Fast IPS Monitor",DISPLAY,7.0,46165.0,0.0,0.0,46165.0,6595.0
2024-08,10918,"Philips 24E2G2200 23.8"" 144Hz IPS FHD Monitor",DISPLAY,8.0,33560.0,0.0,0.0,33560.0,4195.0
2024-08,10919,"Philips 27E2G2200 27"" 144Hz IPS FHD Monitor",DISPLAY,4.0,23980.0,0.0,0.0,23980.0,5995.0
2024-08,10940,"MSI MAG 245F X24 23.8"" 240Hz FHD Rapid IPS Monitor",DISPLAY,6.0,38700.0,0.0,0.0,38700.0,6450.0
2024-08,10941,"MSI MAG 272F X24 27"" 240Hz FHD Rapid IPS Monitor",DISPLAY,15.0,134250.0,0.0,0.0,134250.0,8950.0
2024-08,11074,"AOC 24B36XE 23.8"" FHD 144Hz IPS Monitor",DISPLAY,7.0,29750.0,0.0,0.0,29750.0,4250.0
2024-08,11127,"Nvision N2455GT-B 23.8"" FHD 144Hz IPS Monitor",DISPLAY,19.0,75050.0,0.0,0.0,75050.0,3950.0
2024-08,11151,"MSI MAG 275QF E20 27"" WQHD 200Hz Rapid IPS Monitor",DISPLAY,4.0,46000.0,0.0,0.0,46000.0,11500.0
2024-08,11208,"Gamdias Atlas HD24IF IV 23.8"" 240Hz FHD Fast IPS Monitor Black",DISPLAY,12.0,70440.0,0.0,0.0,70440.0,5870.0
2024-08,11258,"AOC Q27G4SL/WS 27"" QHD 320Hz Fast IPS HDR 400 Monitor",DISPLAY,14.0,193200.0,0.0,0.0,193200.0,13800.0
2024-08,11472,"MSI PRO MP251 E14L 24.5"" 144HZ FHD IPS Monitor",DISPLAY,14.0,60550.0,0.0,0.0,60550.0,4325.0
2024-08,11473,"Asus TUF Gaming VG259QM5A 24.5"" 240Hz IPS Gaming Monitor",DISPLAY,9.0,71055.0,0.0,0.0,71055.0,7895.0
2024-08,11528,"LG 24U411A-B 23.8"" 120Hz FHD IPS Monitor",DISPLAY,13.0,47450.0,0.0,0.0,47450.0,3650.0
2024-08,7785,Nvision N190V8 19' LED Monitor,DISPLAY,8.0,13600.0,0.0,0.0,13600.0,1700.0
2024-08,7786,"Nvision N200V8 20"" LED Monitor",DISPLAY,6.0,10290.0,0.0,0.0,10290.0,1715.0
2024-08,8060,"Nvision H22V8 21.5"" LED Monitor",DISPLAY,7.0,15680.0,0.0,0.0,15680.0,2240.0
2024-08,9904,"Viewsonic VX2479A-HD-PRO 24"" 240Hz FHD 1MS MPRT IPS HDR10 Gaming Monitor",DISPLAY,4.0,25320.0,0.0,0.0,25320.0,6330.0
2024-08,11003,RAKK SUKOG LITE 800x400x3mm Mousepad Black,GAMING SURFACE,22.0,4180.0,0.0,0.0,4180.0,190.0
2024-08,10053,ASUS Dual Nvidia Geforce RTX 3050 OC Edition (DUAL-RTX3050-O6G) 6GB 96-bit GDRR6 Videocard,GRAPHIC CARD,8.0,115600.0,0.0,0.0,115600.0,14450.0
2024-08,10072,MSI Nvidia GeForce RTX 5060 VENTUS 2X OC (G5060-8V2C) 8GB 128-bit GDDR7 Videocard,GRAPHIC CARD,16.0,392000.0,0.0,0.0,392000.0,24500.0
2024-08,10080,Gigabyte Nvidia GeForce RTX 5060 AERO OC (GV-N5060AERO-OC-8GD) 8GB 128-bit GDDR7 Videocard,GRAPHIC CARD,10.0,257500.0,0.0,0.0,257500.0,25750.0
2024-08,10152,MSI GeForce RTX 5070 Ti VENTUS 3X OC (G507T-16V3C) 16GB 256-bit GDDR7 Videocard,GRAPHIC CARD,5.0,329750.0,0.0,0.0,329750.0,65950.0
2024-08,10155,ASUS DUAL GeForce RTX 5060 (DUAL-RTX5060-8G) 8GB 128-bit GDDR7 Videocard,GRAPHIC CARD,11.0,274450.0,0.0,0.0,274450.0,24950.0
2024-08,10206,ASUS Dual RX 7600 EVO OC Edition DUAL-RX7600-O8G-EVO 8GB 128-bit GDDR6 Videocard,GRAPHIC CARD,15.0,344250.0,0.0,0.0,344250.0,22950.0
2024-08,10207,ASUS Prime AMD Radeon RX 9060 XT OC (PRIME-RX9060XT-O16G) 16GB 128-Bit GDDR6 Videocard,GRAPHIC CARD,5.0,174750.0,0.0,0.0,174750.0,34950.0
2024-08,10225,MSI Nvidia GeForce RTX 5060 SHADOW 2X OC (G5060-8S2C) 8GB 128-bit GDDR7 Videocard,GRAPHIC CARD,8.0,199600.0,0.0,0.0,199600.0,24950.0
2024-08,10660,MSI Nvidia GeForce RTX 5050 VENTUS 2X OC (G5050-8V2C) 128-bit GDDR6 Videocard,GRAPHIC CARD,7.0,139650.0,0.0,0.0,139650.0,19950.0
2024-08,11557,ASUS DUAL Nvidia GeForce RTX 5060 Ti OC Edition (DUAL-RTX5060TI-O8G) 8GB 128-bit GDDR7 Videocard,GRAPHIC CARD,9.0,260550.0,0.0,0.0,260550.0,28950.0
2024-08,11591,MSI GeForce RTX 5060 Ventus 2X OC v1 (G5060-8V2CV1) 8GB 128-bit GDDR7 Videocard,GRAPHIC CARD,8.0,205200.0,0.0,0.0,205200.0,25650.0
2024-08,11636,Colorful Nvidia GeForce RTX 3050 6GB V4-V 96-bit GDDR6 Videocard,GRAPHIC CARD,7.0,85750.0,0.0,0.0,85750.0,12250.0
2024-08,8396,MSI GEFORCE RTX 3050 VENTUS 2X OC 6GB 96-bit DDR6 Videocard,GRAPHIC CARD,9.0,127800.0,0.0,0.0,127800.0,14200.0
2024-08,9396,Biostar Rx 580 VA5815RQ82 Dual Cooling Fan 8gb 256bit GDdr5 Gaming Videocard,GRAPHIC CARD,5.0,39750.0,0.0,0.0,39750.0,7950.0
2024-08,9883,Asus Prime AMD Radeon RX 9070 OC (PRIME-RX9070-O16G) 16GB 256-Bit GDDR6 Videocard,GRAPHIC CARD,9.0,431550.0,0.0,0.0,431550.0,47950.0
2024-08,9967,MSI Nvidia GeForce RTX 5070 VENTUS 2X OC 12GB 192-bit GDDR7 Videocard,GRAPHIC CARD,6.0,281700.0,0.0,0.0,281700.0,46950.0
2024-08,160,Seagate 1tb ST1000DM010 Harddisk Drive,HARD DISK,2.0,6900.0,0.0,0.0,6900.0,3450.0
2024-08,11573,Aula S75 Pro RGB Gaming Mechanical Wireless Tri-Mode Keyboard Gradient Pink,KEYBOARD,12.0,29400.0,0.0,0.0,29400.0,2450.0
2024-08,4285,Fantech MAXPOWER MK853 Mechanical Gaming Keyboard White - BLUE Switch,KEYBOARD,20.0,29600.0,0.0,0.0,29600.0,1480.0
2024-08,11464,"MSI Cyborg 15 A13VE-2453PHNN 15.6"" FHD IPS 144Hz Intel Core i5-13420H/8GB DDR5-5200/512GB NVMe SSD PCIe Gen4/RTX 4050 6GD6/Win11 Laptop",LAPTOP GA2,2.0,117990.0,0.0,0.0,117990.0,58995.0
2024-08,9998,"Gigabyte Gaming A16 CMHH2PH893SH 16.0"" WUXGA 165Hz Intel Core i5-13420H/16GB DDR5/512GB 2x M.2 SSD/ RTX 4050 6GB/Win11Laptop",LAPTOP GA2,1.0,62995.0,0.0,0.0,62995.0,62995.0
2024-08,11552,"Asus Vivobook Go 15 E1504FA-BQ5585WSM 15.6""FHD IPS Ryzen 5-40/8GB LPDDR5/512GB M.2 NVMe PCIe 3.0 SSD/Win11 Laptop + HS M365",LAPTOP PR2,1.0,39995.0,0.0,0.0,39995.0,39995.0
2024-08,11461,"MSI Modern 14 F1MG-887PHNN 14.0""FHD IPS Intel Core 7 150U/8GB+8GB DDR4-3200/512GB*1 NVMe SSD PCIe Gen4/Win11 Laptop + OFC + Laptop Bag",LAPTOP PR3,2.0,107990.0,0.0,0.0,107990.0,53995.0
2024-08,11550,"Lenovo V15 G5 IRL 15.6"" Intel Core i5-13420H/16GB DDR5/512GB SSD Laptop/Win11 Laptop SE + Laptop Bag",LAPTOP PR3,1.0,44995.0,0.0,0.0,44995.0,44995.0
2024-08,10286,Lexar LD5S16G56C46ST-BGS 16GB 5600Mhz DDR5 Sodimm Memory,MEMORY,19.0,296400.0,0.0,0.0,296400.0,15600.0
2024-08,10789,Teamgroup Vulcan 16GB 8GBx2 6000Mhz CL38 DDR5 Memory,MEMORY,18.0,261000.0,0.0,0.0,261000.0,14500.0
2024-08,10905,Lexar Ares 8GB LD4U08G32C16LA-RGS 3200Mhz DDR4 RGB Memory Black,MEMORY,12.0,51000.0,0.0,0.0,51000.0,4250.0
2024-08,11052,Biostar Storming V 8GB 3200Mhz DDR4 Memory,MEMORY,9.0,37350.0,0.0,0.0,37350.0,4150.0
2024-08,11185,Crucial 16GB CT16G4SFRA32A 3200Mhz DDR4 Sodimm,MEMORY,11.0,90750.0,0.0,0.0,90750.0,8250.0
2024-08,11327,HKC PC 16gb 3200mhz DDR4 with Heatsink Memory Black,MEMORY,15.0,92925.0,0.0,0.0,92925.0,6195.0
2024-08,11444,FASPEED 8GB 3200Mhz DDR4 with Heatsink Memory,MEMORY,14.0,44100.0,0.0,0.0,44100.0,3150.0
2024-08,11450,HKC PC 8gb 3200mhz DDR4 with Heatsink Memory Black,MEMORY,8.0,27600.0,0.0,0.0,27600.0,3450.0
2024-08,11548,Hiksemi Future 16GB (16x1) HSC516U56C2 5600Mhz CL38 DDR5 Memory Black,MEMORY,9.0,134955.0,0.0,0.0,134955.0,14995.0
2024-08,1372,Ramsta 4gb 1x4 2666mhz Ddr4 Memory,MEMORY,7.0,3500.0,0.0,0.0,3500.0,500.0
2024-08,2489,Ramsta 4gb 1x4 2666mhz Ddr4 Sodimm Memory,MEMORY,10.0,4000.0,0.0,0.0,4000.0,400.0
2024-08,3150,Team Elite TForce Delta 16gb 2x8 3600mhz Ddr4 RGB Memory Black,MEMORY,14.0,128100.0,0.0,0.0,128100.0,9150.0
2024-08,3151,Team Elite TForce Delta 16gb 2x8 3600mhz Ddr4 RGB Memory White,MEMORY,12.0,109800.0,0.0,0.0,109800.0,9150.0
2024-08,4055,Team Elite Plus 8gb 1x8 3200Mhz Ddr4 Memory Black Gold,MEMORY,11.0,52250.0,0.0,0.0,52250.0,4750.0
2024-08,9324,KINGBANK 16GB 1x16 3200mhz DDR4 with Heatsink Memory Silver,MEMORY,22.0,163900.0,0.0,0.0,163900.0,7450.0
2024-08,11579,Y5Plus Intel Core i7 4650U / 8GB DDr3 / 128GB SSD / WIFI 5 DUAL / 4* USB 3.0 / 2* HDMI 2.0 / 1* RJ45 1000Mbps / 1* Type-C / Windows 11 Pro Mini PC,MINI PC,1.0,9950.0,0.0,0.0,9950.0,9950.0
2024-08,9794,"Nvision A24K6-S-i704-1625 Intel i7-4700M 16GB 256GB SSD 23.8"" FHD IPS All in One PC",MINI PC,3.0,50850.0,0.0,0.0,50850.0,16950.0
2024-08,10295,Asus B650M-AYW Wifi DDR5 AMD Motherboard,MOTHERBOARD,6.0,43770.0,0.0,0.0,43770.0,7295.0
2024-08,10296,Asus Prime A520M-K/CSM AM4 AMD Motherboard,MOTHERBOARD,20.0,65900.0,0.0,0.0,65900.0,3295.0
2024-08,10647,ASUS PRIME B850M-A WIFI-CSM Socket AM5 DDR5 Motherboard,MOTHERBOARD,13.0,149435.0,0.0,0.0,149435.0,11495.0
2024-08,10675,MSI B650M GAMING WIFI AM5 DDR5 Motherboard,MOTHERBOARD,20.0,147900.0,0.0,0.0,147900.0,7395.0
2024-08,11556,Gigabyte B550M-K Socket Am4 Ddr4 Motherboard,MOTHERBOARD,6.0,29700.0,0.0,0.0,29700.0,4950.0
2024-08,11558,Asus B760M-AYW WIFI Socket LGA 1700 Ddr4 Motherboard,MOTHERBOARD,9.0,84150.0,0.0,0.0,84150.0,9350.0
2024-08,11593,Gigabyte B860M GAMING X WIFI6E LGA1851 Socket Ddr5 Motherboard,MOTHERBOARD,17.0,205615.0,0.0,0.0,205615.0,12095.0
2024-08,2756,MSI B550M Pro VDH Wifi Socket Am4 Ddr4 Motherboard,MOTHERBOARD,9.0,57150.0,0.0,0.0,57150.0,6350.0
2024-08,3367,MSI A520m-A Pro Socket Am4 Ddr4 Motherboard,MOTHERBOARD,8.0,26000.0,0.0,0.0,26000.0,3250.0
2024-08,4492,Asus Prime B550M-A Wifi II Socket Am4 Ddr4 Gaming Motherboard,MOTHERBOARD,13.0,83850.0,0.0,0.0,83850.0,6450.0
2024-08,7615,MSI B650M Project zero socket LGA AM5 DDR5 Motherboard,MOTHERBOARD,16.0,205600.0,0.0,0.0,205600.0,12850.0
2024-08,8617,Asrock A520M-HVS Socket Am4 DDR4 Motherboard,MOTHERBOARD,13.0,40950.0,0.0,0.0,40950.0,3150.0
2024-08,9385,Biostar A520MHP Socket Am4 DDR4 Motherboard,MOTHERBOARD,14.0,40530.0,0.0,0.0,40530.0,2895.0
2024-08,9759,MSI PRO X870-P WIFI Ddr5 AM5 Motherboard,MOTHERBOARD,15.0,269250.0,0.0,0.0,269250.0,17950.0
2024-08,9879,MSI B550M-A PRO Socket Am4 Ddr4 Motherboard,MOTHERBOARD,12.0,55800.0,0.0,0.0,55800.0,4650.0
2024-08,9970,Asus Prime B550M-K ARGB Socket Am4 Ddr4 Motherboard,MOTHERBOARD,9.0,43650.0,0.0,0.0,43650.0,4850.0
2024-08,10488,RAKK DASIG X3 Ambidextrous Hotswap Trimode PAW3311 Huano 80M RGB Gaming Mouse Black,MOUSE,10.0,9950.0,0.0,0.0,9950.0,995.0
2024-08,10489,RAKK DASIG X3 Ambidextrous Hotswap Trimode PAW3311 Huano 80M RGB Gaming Mouse White,MOUSE,9.0,8955.0,0.0,0.0,8955.0,995.0
2024-08,10776,RAKK TALAN AERO X PAW3395 8K Polling Omron Optical Trimode Lightweight 55g Gaming Mouse Black,MOUSE,9.0,19755.0,0.0,0.0,19755.0,2195.0
2024-08,10994,Logitech G 502X Wired Gaming Mouse White,MOUSE,14.0,43330.0,0.0,0.0,43330.0,3095.0
2024-08,3513,Logitech G102 Lightsync Gaming Mouse Black,MOUSE,5.0,4650.0,0.0,0.0,4650.0,930.0
2024-08,3700,Logitech G102 Lightsync Gaming Mouse White,MOUSE,15.0,13950.0,0.0,0.0,13950.0,930.0
2024-08,9299,RAKK DASIG LITE Huano Switch RGB Gaming Mouse,MOUSE,11.0,3080.0,0.0,0.0,3080.0,280.0
2024-08,11172,DITO Home WoWFi Lite 4G WiFi Router,NETWORK DEVICE,1.0,980.0,0.0,0.0,980.0,980.0
2024-08,11173,DITO Home WoWFi Pro 5G WiFi Router,NETWORK DEVICE,1.0,1490.0,0.0,0.0,1490.0,1490.0
2024-08,11356,TP-Link Archer BE220 Dual Band Wi-Fi 7 Router,NETWORK DEVICE,2.0,4500.0,0.0,0.0,4500.0,2250.0
2024-08,11460,ASUS RT-BE50 BE3600 Dual Band WiFi 7 Router,NETWORK DEVICE,4.0,11980.0,0.0,0.0,11980.0,2995.0
2024-08,130,Tp-Link TL-WA901ND Wireless N Access Point,NETWORK DEVICE,1.0,1894.0,0.0,0.0,1894.0,1894.0
2024-08,1693,TP-Link TL-WR820N 300Mbps Multimode Wi-Fi Router,NETWORK DEVICE,4.0,1960.0,0.0,0.0,1960.0,490.0
2024-08,10146,MSI PANO 110R PZ Mid Tower Gaming PC Case Black,PC CASE,11.0,46200.0,0.0,0.0,46200.0,4200.0
2024-08,10518,NZXT H6 Flow CC-H61FW-01 Tempered Glass ATX PC Case White,PC CASE,7.0,30450.0,0.0,0.0,30450.0,4350.0
2024-08,10519,NZXT H7 Flow (2024) CM-H72FW-01 ATX PC Case White,PC CASE,7.0,32550.0,0.0,0.0,32550.0,4650.0
2024-08,10520,NZXT H7 Flow RGB (2024) CM-H72FB-R1 ATX PC Case Black,PC CASE,5.0,21750.0,0.0,0.0,21750.0,4350.0
2024-08,10668,CoolerMaster Elite 302 ARGB Micro ATX PC Case Black,PC CASE,10.0,29950.0,0.0,0.0,29950.0,2995.0
2024-08,10808,MSI PAG PANO M110A ARGB Micro ATX PC Case Black,PC CASE,9.0,22050.0,0.0,0.0,22050.0,2450.0
2024-08,10828,DarkFlash Floatron F1 Micro ATX PC Case Black & White,PC CASE,13.0,51935.0,0.0,0.0,51935.0,3995.0
2024-08,10928,CoolerMaster Qube 540 Moonstone ATX PC Case,PC CASE,7.0,27965.0,0.0,0.0,27965.0,3995.0
2024-08,10963,CoolerMaster Elite 600 ARGB ATX Mid Tower PC Case Black,PC CASE,9.0,48150.0,0.0,0.0,48150.0,5350.0
2024-08,10972,Asus A31 Tempered Glass Mid Tower ATX PC Case White,PC CASE,8.0,27200.0,0.0,0.0,27200.0,3400.0
2024-08,11002,RAKK TANAN MATX Tempered Glass with PSU and Fans,PC CASE,6.0,7770.0,0.0,0.0,7770.0,1295.0
2024-08,11068,DarkFlash M305 with 3 RGB Fan Micro ATX Tempered Glass Gaming PC Case Black,PC CASE,8.0,11160.0,0.0,0.0,11160.0,1395.0
2024-08,11102,YGT Mars 9 Micro ATX PC Case with PSU Black,PC CASE,3.0,2385.0,0.0,0.0,2385.0,795.0
2024-08,11131,Asus A21 Tempered Glass Micro ATX PC Case Black,PC CASE,4.0,11980.0,0.0,0.0,11980.0,2995.0
2024-08,11306,Gamdias Aura GC10 v2 ARGB Dual Chamber Micro ATX PC Case Black,PC CASE,8.0,19960.0,0.0,0.0,19960.0,2495.0
2024-08,11406,Cougar MX110 RGB Mid Tower Tempered Glass ATX PC Case Black,PC CASE,12.0,28200.0,0.0,0.0,28200.0,2350.0
2024-08,11546,YGT 420B Micro ATX PC Case Black,PC CASE,7.0,8750.0,0.0,0.0,8750.0,1250.0
2024-08,6579,InPlay Wind 01 Acrylic Side Panel Micro ATX PC Case,PC CASE,3.0,0.0,0.0,0.0,0.0,0.0
2024-08,7367,MSI MAG Forge M100A Auto RGB Micro ATX PC Case Black,PC CASE,10.0,21900.0,0.0,0.0,21900.0,2190.0
2024-08,9897,YGT V100 Micro ATX PC Case with PSU White,PC CASE,8.0,7120.0,0.0,0.0,7120.0,890.0
2024-08,9973,MSI MAG PANO 100R Project Zero Micro ATX PC Case Black,PC CASE,9.0,59850.0,0.0,0.0,59850.0,6650.0
2024-08,10052,Asus Prime 650W 80+ Bronze Power Supply,POWER SUPPLY,14.0,51100.0,0.0,0.0,51100.0,3650.0
2024-08,10208,Asus Prime AP-850W 80+ Gold Full Modular Power Supply,POWER SUPPLY,3.0,22485.0,0.0,0.0,22485.0,7495.0
2024-08,10376,ASRock Pro-650B 650W 80+ Bronze Non-Modular ATX 3.1 Power Supply,POWER SUPPLY,4.0,10600.0,0.0,0.0,10600.0,2650.0
2024-08,10679,ASRock Steel Legend SL-1000G 1000W 80+ Gold Cybenetics Gold ATX 3.1 Full Modular Power Supply,POWER SUPPLY,20.0,189000.0,0.0,0.0,189000.0,9450.0
2024-08,11266,Acer AC-500 500W Non-Modular 80+ Bronze Power Supply Black,POWER SUPPLY,9.0,11250.0,0.0,0.0,11250.0,1250.0
2024-08,11267,Acer AC-650 650W Non-Modular 80+ Bronze Power Supply Black,POWER SUPPLY,6.0,10734.0,0.0,0.0,10734.0,1789.0
2024-08,11332,Acer AC-750 750W Non-Modular 80+ Bronze Power Supply Black,POWER SUPPLY,14.0,29400.0,0.0,0.0,29400.0,2100.0
2024-08,176,Intelligent 700 watts Power Supply,POWER SUPPLY,10.0,4500.0,0.0,0.0,4500.0,450.0
2024-08,4079,MSI MAG A650BN 650Watts 80+ Non-Modular Power Supply Bronze,POWER SUPPLY,11.0,36245.0,0.0,0.0,36245.0,3295.0
2024-08,4080,MSI MAG A550BN 550Watts 80+ Non-Modular Power Supply Bronze,POWER SUPPLY,9.0,25695.0,0.0,0.0,25695.0,2855.0
2024-08,6242,MSI MAG A600DN 600W 80+ Power Supply,POWER SUPPLY,9.0,24885.0,0.0,0.0,24885.0,2765.0
2024-08,7838,MSI MAG A850GL 850Watts PCIE5 80+ Full Modular Power Supply Gold Black,POWER SUPPLY,13.0,93990.0,0.0,0.0,93990.0,7230.0
2024-08,8542,Acer AC-550 550w Full Modular 80plus Bronze Power Supply,POWER SUPPLY,11.0,15785.0,0.0,0.0,15785.0,1435.0
2024-08,8543,Acer AC-650 650w Full Modular  80plus Bronze Power Supply,POWER SUPPLY,12.0,24660.0,0.0,0.0,24660.0,2055.0
2024-08,9703,CoolerMaster MWE 650W V3 (MPE-6501-ACABW-3BUS) 80+ Bronze ATX 3.1 Power Supply,POWER SUPPLY,24.0,91440.0,0.0,0.0,91440.0,3810.0
2024-08,9938,CoolerMaster MWE 750W V3 (MPE-7501-ACABW-3BUS) 80+ Bronze ATX 3.1 Power Supply,POWER SUPPLY,7.0,30226.0,0.0,0.0,30226.0,4318.0
2024-08,11598,Epson L3310 Multi Functional Integrated Ink Tank Printer,PRINTER AND SCANNER,1.0,9050.0,0.0,0.0,9050.0,9050.0
2024-08,2008,Canon Pixma TS207 Printer Inkjet,PRINTER AND SCANNER,1.0,2230.0,0.0,0.0,2230.0,2230.0
2024-08,3940,Epson L121 Ink Tank Printer,PRINTER AND SCANNER,2.0,10900.0,0.0,0.0,10900.0,5450.0
2024-08,10057,AMD Ryzen 9 9900X 4.4GHz AM5 Socket DDR5 Processor TTP,PROCESSOR,6.0,149700.0,0.0,0.0,149700.0,24950.0
2024-08,10102,AMD Ryzen 7 7700 Socket AM5 3.8GHz Processor MPK,PROCESSOR,11.0,131450.0,0.0,0.0,131450.0,11950.0
2024-08,10110,AMD Ryzen 5 5500GT 3.6GHz AM4 Socket DDR4 Processor MPK,PROCESSOR,9.0,72855.0,0.0,0.0,72855.0,8095.0
2024-08,10911,Intel Core i9-14900K Raptor Lake Socket LGA 1700 3.20GHz Processor MPK,PROCESSOR,10.0,319500.0,0.0,0.0,319500.0,31950.0
2024-08,10938,AMD Ryzen 5 8400F 4.2GHz AM5 Socket DDR5 Processor MPK,PROCESSOR,5.0,44750.0,0.0,0.0,44750.0,8950.0
2024-08,11064,AMD Ryzen 5 3400g 3.7ghz AM4 Socket DDR4 Processor MPK,PROCESSOR,3.0,11385.0,0.0,0.0,11385.0,3795.0
2024-08,11065,AMD Ryzen 7 8700F 4.1ghz AM5 Socket DDR5 Processor MPK,PROCESSOR,5.0,47250.0,0.0,0.0,47250.0,9450.0
2024-08,11592,Intel Core Ultra 7 processor 270K Plus LGA 1851 5.5Ghz Processor,PROCESSOR,16.0,335200.0,0.0,0.0,335200.0,20950.0
2024-08,4513,AMD Ryzen 5 5600X Socket AM4 3.7GHz Processor with Wraith Stealth Cooler MPK,PROCESSOR,7.0,62650.0,0.0,0.0,62650.0,8950.0
2024-08,5640,AMD Ryzen 5 5500 Socket Am4 3.6GHz Processor with AMD wraith cooler MPK,PROCESSOR,14.0,72800.0,0.0,0.0,72800.0,5200.0
2024-08,5663,AMD Ryzen 5 5600 Socket Am4 3.5GHz Processor with Wraith stealth cooler MPK,PROCESSOR,12.0,86400.0,0.0,0.0,86400.0,7200.0
2024-08,7098,AMD Ryzen 7 5700G Socket Am4 3.8GHz with Radeon Vega 8 wraith stealth cooler Processor MPK,PROCESSOR,14.0,171500.0,0.0,0.0,171500.0,12250.0
2024-08,7929,AMD Ryzen 7 5700X Socket AM4 3.4GHz Processor with AMD Wraith Stealth cooler MPK,PROCESSOR,12.0,119400.0,0.0,0.0,119400.0,9950.0
2024-08,8432,AMD Ryzen 3 3200g PRO Socket Am4 3.6ghz with Radeon Vega 8 Processor MPK,PROCESSOR,8.0,27160.0,0.0,0.0,27160.0,3395.0
2024-08,9608,AMD RYZEN 7 7800X3D Socket AM5 D5 5.0ghz with Radeon Graphics processor TTP,PROCESSOR,16.0,295200.0,0.0,0.0,295200.0,18450.0
2024-08,9614,AMD RYZEN 7 9800X3D Socket AM5 D5 5.2ghz with Radeon Graphics processor,PROCESSOR,8.0,223600.0,0.0,0.0,223600.0,27950.0
2024-08,9776,AMD Ryzen 5 5600GT 3.6GHz AM4 Socket DDR4 Processor MPK,PROCESSOR,10.0,91950.0,0.0,0.0,91950.0,9195.0
2024-08,9841,Intel Core i5-14400 4.7GHz LGA 1700 Processor MPK,PROCESSOR,11.0,131450.0,0.0,0.0,131450.0,11950.0
2024-08,10697,Lexar NQ100 256GB Solid State Drive SATA 2.5,SOLID STATE DRIVE,25.0,99875.0,0.0,0.0,99875.0,3995.0
2024-08,10797,Lexar NM620 1TB M.2 NVME Solid State Drive,SOLID STATE DRIVE,21.0,170100.0,0.0,0.0,170100.0,8100.0
2024-08,10804,Team Group MP33 512GB M.2 PCIe Gen3.0 x4 NVME 1.3 Solid State Drive,SOLID STATE DRIVE,12.0,75000.0,0.0,0.0,75000.0,6250.0
2024-08,11148,Teamgroup T-Force GA Pro 1TB NVMe M.2 Gen 5 Solid State Drive,SOLID STATE DRIVE,13.0,141050.0,0.0,0.0,141050.0,10850.0
2024-08,11152,Hiksemi Wave S 256B SATA 2.5 Solid State Drive,SOLID STATE DRIVE,15.0,50250.0,0.0,0.0,50250.0,3350.0
2024-08,11269,Hiksemi Wave P 256GB PCIE Gen3 M.2 Solid State Drive,SOLID STATE DRIVE,16.0,55920.0,0.0,0.0,55920.0,3495.0
2024-08,11323,ESGaming 512GB SATA 2.5 Solid State Drive,SOLID STATE DRIVE,11.0,48345.0,0.0,0.0,48345.0,4395.0
2024-08,11577,Apacer AS2280P4 512GB PCIe Gen 3x4 M.2 NVMe Solid State Drive,SOLID STATE DRIVE,17.0,90015.0,0.0,0.0,90015.0,5295.0
2024-08,1681,Team Group GX2 Solid State Drive 256gb SATA 2.5,SOLID STATE DRIVE,21.0,72450.0,0.0,0.0,72450.0,3450.0
2024-08,1909,Lexar NS10 Lite Solid State Drive 120gb SATA 2.5,SOLID STATE DRIVE,15.0,21750.0,0.0,0.0,21750.0,1450.0
2024-08,6856,Team Group MP33 256GB M.2 PCIe NVME Solid State Drive,SOLID STATE DRIVE,20.0,67000.0,0.0,0.0,67000.0,3350.0
2024-08,6936,Adata SU650 Solid State Drive 512GB SATA 2.5,SOLID STATE DRIVE,7.0,34965.0,0.0,0.0,34965.0,4995.0
2024-08,10856,Edifier ES20 Portable Bluetooth Speaker Ivory,SPEAKER,1.0,1685.0,0.0,0.0,1685.0,1685.0
2024-08,503,Edifier R12U Usb Powered Speaker Black,SPEAKER,1.0,950.0,0.0,0.0,950.0,950.0
2024-08,9768,Edifier T5 Powered Subwoofer,SPEAKER,1.0,4950.0,0.0,0.0,4950.0,4950.0
2024-08,2991,APC Back-Ups BVX650I-PH 360 Watts 650va with Avr Universal Sockets Ups,UPS & AVR,2.0,4400.0,0.0,0.0,4400.0,2200.0
2024-08,36,Secure 220v Avr,UPS & AVR,13.0,3250.0,0.0,0.0,3250.0,250.0
2024-08,454,Secure 650va Ups,UPS & AVR,9.0,13050.0,0.0,0.0,13050.0,1450.0
2024-09,10653,RAKK Matik USB Gaming Headset LED Illuminated,AUDIO,6.0,1890.0,0.0,0.0,1890.0,315.0
2024-09,10952,EPOS Sennheiser Impact SC 260 ED Headset,AUDIO,1.0,1320.0,0.0,0.0,1320.0,1320.0
2024-09,10991,Logitech G PRO X Wired 7.1 Gaming Headset,AUDIO,3.0,13650.0,0.0,0.0,13650.0,4550.0
2024-09,10993,Logitech G PRO X Wired 7.1 Gaming Headset (League of Legends Edition),AUDIO,2.0,9100.0,0.0,0.0,9100.0,4550.0
2024-09,11507,Accutone UB210 Noise Cancelling Headset Black,AUDIO,3.0,4650.0,0.0,0.0,4650.0,1550.0
2024-09,11508,Accutone Sonar 280 Wireless & Wired Noise Cancelling Headset Black,AUDIO,2.0,4120.0,0.0,0.0,4120.0,2060.0
2024-09,11509,Accutone Converse 95 Noise Cancelling Headset Black,AUDIO,7.0,16240.0,0.0,0.0,16240.0,2320.0
2024-09,11510,Accutone Nexus 2000 MagSafe Speaker Blue,AUDIO,1.0,1250.0,0.0,0.0,1250.0,1250.0
2024-09,11511,Accutone Nexus 2000 MagSafe Speaker Gray,AUDIO,1.0,1250.0,0.0,0.0,1250.0,1250.0
2024-09,11512,Accutone Nexus 2000 MagSafe Speaker Pink,AUDIO,6.0,7500.0,0.0,0.0,7500.0,1250.0
2024-09,11612,Accutone UB101 Stereo USB Headset Black,AUDIO,2.0,690.0,0.0,0.0,690.0,345.0
2024-09,7652,RAKK SONIDO 7.1 Virtual Surround RGB Gaming Headset USB Black,AUDIO,2.0,1990.0,0.0,0.0,1990.0,995.0
2024-09,7824,Hikvision E-HWID 2.8MM Eco-HiWatch 2.mm IR Dome E-HWID,CAMERA,5.0,7250.0,0.0,0.0,7250.0,1450.0
2024-09,78,A4Tech KRS-8572 Usb Keyboard and Mouse Black,COMBO,35.0,17850.0,0.0,0.0,17850.0,510.0
2024-09,9301,RAKK APTAS ILLUMINATED / Membrane Keyboard and Mouse / No software / Rainbow lighting / Black,COMBO,46.0,13110.0,0.0,0.0,13110.0,285.0
2024-09,10370,DarkFlash Infinity 34 3in1 ARGB Chassis Fan Black,COOLING,7.0,8050.0,0.0,0.0,8050.0,1150.0
2024-09,10373,DarkFlash Infinity 34 Single ARGB Chassis Fan White,COOLING,9.0,3780.0,0.0,0.0,3780.0,420.0
2024-09,10386,MSI MAG COREFROZR AA13 ARGB CPU Air Cooler black,COOLING,3.0,3585.0,0.0,0.0,3585.0,1195.0
2024-09,10590,YGT Cyber-120IFB 3in1 ARGB Chassis Fan Black,COOLING,7.0,3850.0,0.0,0.0,3850.0,550.0
2024-09,10743,NZXT F120 RGB Duo Triple Pack (RF-D12TF-W1) with RGB Controller Chassis Fan White,COOLING,13.0,19500.0,0.0,0.0,19500.0,1500.0
2024-09,10839,CoolerMaster Hyper 212 3DHP ARGB CPU Air Cooler Black,COOLING,8.0,11160.0,0.0,0.0,11160.0,1395.0
2024-09,10858,DarkFlash E400 Plus Matrix Display CPU Air Cooler White,COOLING,11.0,18150.0,0.0,0.0,18150.0,1650.0
2024-09,10930,CoolerMaster MasterLiquid 240L Core Liquid Cooling Black,COOLING,12.0,44400.0,0.0,0.0,44400.0,3700.0
2024-09,10966,CoolerMaster V4 Alpha 3DHP CPU Air Cooler Black,COOLING,7.0,13265.0,0.0,0.0,13265.0,1895.0
2024-09,10990,BeQuiet Silent Wings 4 (BL094) 120mm PWM High Speed Single Chassis Fan Black,COOLING,9.0,10800.0,0.0,0.0,10800.0,1200.0
2024-09,11005,Asus AR120 ARGB PWM Single Chassis Fan Black,COOLING,9.0,1350.0,0.0,0.0,1350.0,150.0
2024-09,11159,Jungle Leopard Chill Arc 360mm ARGB Liquid Cooling Black,COOLING,13.0,142350.0,0.0,0.0,142350.0,10950.0
2024-09,11160,Jungle Leopard Chill Arc 360mm ARGB Liquid Cooling White,COOLING,10.0,112950.0,0.0,0.0,112950.0,11295.0
2024-09,11216,CoolerMaster MasterLiquid Core Nex 360 ARGB CPU Liquid Cooler Black,COOLING,14.0,62300.0,0.0,0.0,62300.0,4450.0
2024-09,6174,Deepcool TW-003 CPU Air Cooler,COOLING,4.0,1600.0,0.0,0.0,1600.0,400.0
2024-09,7,AMD Stock Heatsink Fan,COOLING,3.0,420.0,0.0,0.0,420.0,140.0
2024-09,7501,DarkFlash DM12 F Single ARGB Chassis Fan Black,COOLING,4.0,940.0,0.0,0.0,940.0,235.0
2024-09,7502,DarkFlash DM12 F Single ARGB Chassis Fan White,COOLING,9.0,2565.0,0.0,0.0,2565.0,285.0
2024-09,7505,DarkFlash Infinity24 Single ARGB Chassis Fan Black,COOLING,10.0,2850.0,0.0,0.0,2850.0,285.0
2024-09,9737,MSI MAG Coreliquid A13 240 CPU Liquid Cooler Black,COOLING,7.0,25550.0,0.0,0.0,25550.0,3650.0
2024-09,9835,MSI MAG Coreliquid A13 360 CPU Liquid Cooler Black,COOLING,7.0,29960.0,0.0,0.0,29960.0,4280.0
2024-09,9836,MSI MAG Coreliquid A13 360 CPU Liquid Cooler White,COOLING,12.0,49680.0,0.0,0.0,49680.0,4140.0
2024-09,10425,"ViewSonic VA24G1-H 24"" FHD 144Hz IPS Monitor",DISPLAY,9.0,37350.0,0.0,0.0,37350.0,4150.0
2024-09,10540,"ASUS ROG Strix XG27ACMES 27"" QHD 255Hz-OC Fast IPS Monitor",DISPLAY,5.0,79975.0,0.0,0.0,79975.0,15995.0
2024-09,10711,"ASUS TUF Gaming Series 5 VG259QMR5A 24.5"" FHD 310Hz(OC) Fast-IPS Monitor",DISPLAY,6.0,56970.0,0.0,0.0,56970.0,9495.0
2024-09,10836,"AOC 24G11ZE 23.8"" 240Hz OC FHD Fast IPS Monitor",DISPLAY,8.0,52760.0,0.0,0.0,52760.0,6595.0
2024-09,10918,"Philips 24E2G2200 23.8"" 144Hz IPS FHD Monitor",DISPLAY,8.0,33560.0,0.0,0.0,33560.0,4195.0
2024-09,10919,"Philips 27E2G2200 27"" 144Hz IPS FHD Monitor",DISPLAY,14.0,83930.0,0.0,0.0,83930.0,5995.0
2024-09,10940,"MSI MAG 245F X24 23.8"" 240Hz FHD Rapid IPS Monitor",DISPLAY,5.0,32250.0,0.0,0.0,32250.0,6450.0
2024-09,10941,"MSI MAG 272F X24 27"" 240Hz FHD Rapid IPS Monitor",DISPLAY,7.0,62650.0,0.0,0.0,62650.0,8950.0
2024-09,11074,"AOC 24B36XE 23.8"" FHD 144Hz IPS Monitor",DISPLAY,5.0,21250.0,0.0,0.0,21250.0,4250.0
2024-09,11127,"Nvision N2455GT-B 23.8"" FHD 144Hz IPS Monitor",DISPLAY,5.0,19750.0,0.0,0.0,19750.0,3950.0
2024-09,11151,"MSI MAG 275QF E20 27"" WQHD 200Hz Rapid IPS Monitor",DISPLAY,7.0,80500.0,0.0,0.0,80500.0,11500.0
2024-09,11208,"Gamdias Atlas HD24IF IV 23.8"" 240Hz FHD Fast IPS Monitor Black",DISPLAY,15.0,88050.0,0.0,0.0,88050.0,5870.0
2024-09,11258,"AOC Q27G4SL/WS 27"" QHD 320Hz Fast IPS HDR 400 Monitor",DISPLAY,9.0,124200.0,0.0,0.0,124200.0,13800.0
2024-09,11472,"MSI PRO MP251 E14L 24.5"" 144HZ FHD IPS Monitor",DISPLAY,10.0,43250.0,0.0,0.0,43250.0,4325.0
2024-09,11473,"Asus TUF Gaming VG259QM5A 24.5"" 240Hz IPS Gaming Monitor",DISPLAY,9.0,71055.0,0.0,0.0,71055.0,7895.0
2024-09,11528,"LG 24U411A-B 23.8"" 120Hz FHD IPS Monitor",DISPLAY,8.0,29200.0,0.0,0.0,29200.0,3650.0
2024-09,7785,Nvision N190V8 19' LED Monitor,DISPLAY,4.0,6800.0,0.0,0.0,6800.0,1700.0
2024-09,7786,"Nvision N200V8 20"" LED Monitor",DISPLAY,9.0,15435.0,0.0,0.0,15435.0,1715.0
2024-09,8060,"Nvision H22V8 21.5"" LED Monitor",DISPLAY,5.0,11200.0,0.0,0.0,11200.0,2240.0
2024-09,9904,"Viewsonic VX2479A-HD-PRO 24"" 240Hz FHD 1MS MPRT IPS HDR10 Gaming Monitor",DISPLAY,7.0,44310.0,0.0,0.0,44310.0,6330.0
2024-09,11003,RAKK SUKOG LITE 800x400x3mm Mousepad Black,GAMING SURFACE,13.0,2470.0,0.0,0.0,2470.0,190.0
2024-09,10053,ASUS Dual Nvidia Geforce RTX 3050 OC Edition (DUAL-RTX3050-O6G) 6GB 96-bit GDRR6 Videocard,GRAPHIC CARD,16.0,231200.0,0.0,0.0,231200.0,14450.0
2024-09,10072,MSI Nvidia GeForce RTX 5060 VENTUS 2X OC (G5060-8V2C) 8GB 128-bit GDDR7 Videocard,GRAPHIC CARD,7.0,171500.0,0.0,0.0,171500.0,24500.0
2024-09,10080,Gigabyte Nvidia GeForce RTX 5060 AERO OC (GV-N5060AERO-OC-8GD) 8GB 128-bit GDDR7 Videocard,GRAPHIC CARD,5.0,128750.0,0.0,0.0,128750.0,25750.0
2024-09,10152,MSI GeForce RTX 5070 Ti VENTUS 3X OC (G507T-16V3C) 16GB 256-bit GDDR7 Videocard,GRAPHIC CARD,8.0,527600.0,0.0,0.0,527600.0,65950.0
2024-09,10155,ASUS DUAL GeForce RTX 5060 (DUAL-RTX5060-8G) 8GB 128-bit GDDR7 Videocard,GRAPHIC CARD,3.0,74850.0,0.0,0.0,74850.0,24950.0
2024-09,10206,ASUS Dual RX 7600 EVO OC Edition DUAL-RX7600-O8G-EVO 8GB 128-bit GDDR6 Videocard,GRAPHIC CARD,3.0,68850.0,0.0,0.0,68850.0,22950.0
2024-09,10207,ASUS Prime AMD Radeon RX 9060 XT OC (PRIME-RX9060XT-O16G) 16GB 128-Bit GDDR6 Videocard,GRAPHIC CARD,5.0,174750.0,0.0,0.0,174750.0,34950.0
2024-09,10225,MSI Nvidia GeForce RTX 5060 SHADOW 2X OC (G5060-8S2C) 8GB 128-bit GDDR7 Videocard,GRAPHIC CARD,5.0,124750.0,0.0,0.0,124750.0,24950.0
2024-09,10660,MSI Nvidia GeForce RTX 5050 VENTUS 2X OC (G5050-8V2C) 128-bit GDDR6 Videocard,GRAPHIC CARD,8.0,159600.0,0.0,0.0,159600.0,19950.0
2024-09,11557,ASUS DUAL Nvidia GeForce RTX 5060 Ti OC Edition (DUAL-RTX5060TI-O8G) 8GB 128-bit GDDR7 Videocard,GRAPHIC CARD,7.0,202650.0,0.0,0.0,202650.0,28950.0
2024-09,11591,MSI GeForce RTX 5060 Ventus 2X OC v1 (G5060-8V2CV1) 8GB 128-bit GDDR7 Videocard,GRAPHIC CARD,11.0,282150.0,0.0,0.0,282150.0,25650.0
2024-09,11636,Colorful Nvidia GeForce RTX 3050 6GB V4-V 96-bit GDDR6 Videocard,GRAPHIC CARD,4.0,49000.0,0.0,0.0,49000.0,12250.0
2024-09,8396,MSI GEFORCE RTX 3050 VENTUS 2X OC 6GB 96-bit DDR6 Videocard,GRAPHIC CARD,2.0,28400.0,0.0,0.0,28400.0,14200.0
2024-09,9396,Biostar Rx 580 VA5815RQ82 Dual Cooling Fan 8gb 256bit GDdr5 Gaming Videocard,GRAPHIC CARD,8.0,63600.0,0.0,0.0,63600.0,7950.0
2024-09,9883,Asus Prime AMD Radeon RX 9070 OC (PRIME-RX9070-O16G) 16GB 256-Bit GDDR6 Videocard,GRAPHIC CARD,11.0,527450.0,0.0,0.0,527450.0,47950.0
2024-09,9967,MSI Nvidia GeForce RTX 5070 VENTUS 2X OC 12GB 192-bit GDDR7 Videocard,GRAPHIC CARD,5.0,234750.0,0.0,0.0,234750.0,46950.0
2024-09,160,Seagate 1tb ST1000DM010 Harddisk Drive,HARD DISK,2.0,6900.0,0.0,0.0,6900.0,3450.0
2024-09,11573,Aula S75 Pro RGB Gaming Mechanical Wireless Tri-Mode Keyboard Gradient Pink,KEYBOARD,22.0,53900.0,0.0,0.0,53900.0,2450.0
2024-09,4285,Fantech MAXPOWER MK853 Mechanical Gaming Keyboard White - BLUE Switch,KEYBOARD,19.0,28120.0,0.0,0.0,28120.0,1480.0
2024-09,11464,"MSI Cyborg 15 A13VE-2453PHNN 15.6"" FHD IPS 144Hz Intel Core i5-13420H/8GB DDR5-5200/512GB NVMe SSD PCIe Gen4/RTX 4050 6GD6/Win11 Laptop",LAPTOP GA2,2.0,117990.0,0.0,0.0,117990.0,58995.0
2024-09,9998,"Gigabyte Gaming A16 CMHH2PH893SH 16.0"" WUXGA 165Hz Intel Core i5-13420H/16GB DDR5/512GB 2x M.2 SSD/ RTX 4050 6GB/Win11Laptop",LAPTOP GA2,3.0,188985.0,0.0,0.0,188985.0,62995.0
2024-09,11552,"Asus Vivobook Go 15 E1504FA-BQ5585WSM 15.6""FHD IPS Ryzen 5-40/8GB LPDDR5/512GB M.2 NVMe PCIe 3.0 SSD/Win11 Laptop + HS M365",LAPTOP PR2,2.0,79990.0,0.0,0.0,79990.0,39995.0
2024-09,11564,"Asus Vivobook 14 X1404VA-EB2200WSM 14.0"" FHD Intel Core 5 120U/8GB DDR5/512GB SSD/Win11 Laptop H&S+M365 + Laptop Bag",LAPTOP PR2,1.0,43995.0,0.0,0.0,43995.0,43995.0
2024-09,11461,"MSI Modern 14 F1MG-887PHNN 14.0""FHD IPS Intel Core 7 150U/8GB+8GB DDR4-3200/512GB*1 NVMe SSD PCIe Gen4/Win11 Laptop + OFC + Laptop Bag",LAPTOP PR3,1.0,53995.0,0.0,0.0,53995.0,53995.0
2024-09,11527,"Lenovo V15 G4 ABP 15.6"" FHD Ryzen 7-7730U/8GB DDR4/512GB NVMe SSD/Win11 Pro Laptop SE",LAPTOP PR3,1.0,39995.0,0.0,0.0,39995.0,39995.0
2024-09,11550,"Lenovo V15 G5 IRL 15.6"" Intel Core i5-13420H/16GB DDR5/512GB SSD Laptop/Win11 Laptop SE + Laptop Bag",LAPTOP PR3,3.0,134985.0,0.0,0.0,134985.0,44995.0
2024-09,10286,Lexar LD5S16G56C46ST-BGS 16GB 5600Mhz DDR5 Sodimm Memory,MEMORY,11.0,171600.0,0.0,0.0,171600.0,15600.0
2024-09,10789,Teamgroup Vulcan 16GB 8GBx2 6000Mhz CL38 DDR5 Memory,MEMORY,8.0,116000.0,0.0,0.0,116000.0,14500.0
2024-09,10905,Lexar Ares 8GB LD4U08G32C16LA-RGS 3200Mhz DDR4 RGB Memory Black,MEMORY,12.0,51000.0,0.0,0.0,51000.0,4250.0
2024-09,11052,Biostar Storming V 8GB 3200Mhz DDR4 Memory,MEMORY,29.0,120350.0,0.0,0.0,120350.0,4150.0
2024-09,11185,Crucial 16GB CT16G4SFRA32A 3200Mhz DDR4 Sodimm,MEMORY,15.0,123750.0,0.0,0.0,123750.0,8250.0
2024-09,11327,HKC PC 16gb 3200mhz DDR4 with Heatsink Memory Black,MEMORY,10.0,61950.0,0.0,0.0,61950.0,6195.0
2024-09,11444,FASPEED 8GB 3200Mhz DDR4 with Heatsink Memory,MEMORY,8.0,25200.0,0.0,0.0,25200.0,3150.0
2024-09,11450,HKC PC 8gb 3200mhz DDR4 with Heatsink Memory Black,MEMORY,11.0,37950.0,0.0,0.0,37950.0,3450.0
2024-09,11548,Hiksemi Future 16GB (16x1) HSC516U56C2 5600Mhz CL38 DDR5 Memory Black,MEMORY,13.0,194935.0,0.0,0.0,194935.0,14995.0
2024-09,1372,Ramsta 4gb 1x4 2666mhz Ddr4 Memory,MEMORY,12.0,6000.0,0.0,0.0,6000.0,500.0
2024-09,2489,Ramsta 4gb 1x4 2666mhz Ddr4 Sodimm Memory,MEMORY,16.0,6400.0,0.0,0.0,6400.0,400.0
2024-09,3150,Team Elite TForce Delta 16gb 2x8 3600mhz Ddr4 RGB Memory Black,MEMORY,11.0,100650.0,0.0,0.0,100650.0,9150.0
2024-09,3151,Team Elite TForce Delta 16gb 2x8 3600mhz Ddr4 RGB Memory White,MEMORY,10.0,91500.0,0.0,0.0,91500.0,9150.0
2024-09,4055,Team Elite Plus 8gb 1x8 3200Mhz Ddr4 Memory Black Gold,MEMORY,15.0,71250.0,0.0,0.0,71250.0,4750.0
2024-09,9324,KINGBANK 16GB 1x16 3200mhz DDR4 with Heatsink Memory Silver,MEMORY,16.0,119200.0,0.0,0.0,119200.0,7450.0
2024-09,11448,Y5Pro Intel Core i5 8250U / 16GB DDr4 / 512GB SSD / WIFI 5 DUAL / 4* USB 3.0 / 2* HDMI 2.0 / 1* RJ45 1000Mbps / 1* Type-C / Windows 11 Pro Mini PC,MINI PC,1.0,20950.0,0.0,0.0,20950.0,20950.0
2024-09,11579,Y5Plus Intel Core i7 4650U / 8GB DDr3 / 128GB SSD / WIFI 5 DUAL / 4* USB 3.0 / 2* HDMI 2.0 / 1* RJ45 1000Mbps / 1* Type-C / Windows 11 Pro Mini PC,MINI PC,1.0,9950.0,0.0,0.0,9950.0,9950.0
2024-09,9794,"Nvision A24K6-S-i704-1625 Intel i7-4700M 16GB 256GB SSD 23.8"" FHD IPS All in One PC",MINI PC,2.0,33900.0,0.0,0.0,33900.0,16950.0
2024-09,10295,Asus B650M-AYW Wifi DDR5 AMD Motherboard,MOTHERBOARD,20.0,145900.0,0.0,0.0,145900.0,7295.0
2024-09,10296,Asus Prime A520M-K/CSM AM4 AMD Motherboard,MOTHERBOARD,17.0,56015.0,0.0,0.0,56015.0,3295.0
2024-09,10647,ASUS PRIME B850M-A WIFI-CSM Socket AM5 DDR5 Motherboard,MOTHERBOARD,9.0,103455.0,0.0,0.0,103455.0,11495.0
2024-09,10675,MSI B650M GAMING WIFI AM5 DDR5 Motherboard,MOTHERBOARD,14.0,103530.0,0.0,0.0,103530.0,7395.0
2024-09,11556,Gigabyte B550M-K Socket Am4 Ddr4 Motherboard,MOTHERBOARD,16.0,79200.0,0.0,0.0,79200.0,4950.0
2024-09,11558,Asus B760M-AYW WIFI Socket LGA 1700 Ddr4 Motherboard,MOTHERBOARD,18.0,168300.0,0.0,0.0,168300.0,9350.0
2024-09,11593,Gigabyte B860M GAMING X WIFI6E LGA1851 Socket Ddr5 Motherboard,MOTHERBOARD,12.0,145140.0,0.0,0.0,145140.0,12095.0
2024-09,2756,MSI B550M Pro VDH Wifi Socket Am4 Ddr4 Motherboard,MOTHERBOARD,11.0,69850.0,0.0,0.0,69850.0,6350.0
2024-09,3367,MSI A520m-A Pro Socket Am4 Ddr4 Motherboard,MOTHERBOARD,8.0,26000.0,0.0,0.0,26000.0,3250.0
2024-09,4492,Asus Prime B550M-A Wifi II Socket Am4 Ddr4 Gaming Motherboard,MOTHERBOARD,17.0,109650.0,0.0,0.0,109650.0,6450.0
2024-09,7615,MSI B650M Project zero socket LGA AM5 DDR5 Motherboard,MOTHERBOARD,11.0,141350.0,0.0,0.0,141350.0,12850.0
2024-09,8617,Asrock A520M-HVS Socket Am4 DDR4 Motherboard,MOTHERBOARD,13.0,40950.0,0.0,0.0,40950.0,3150.0
2024-09,9385,Biostar A520MHP Socket Am4 DDR4 Motherboard,MOTHERBOARD,10.0,28950.0,0.0,0.0,28950.0,2895.0
2024-09,9759,MSI PRO X870-P WIFI Ddr5 AM5 Motherboard,MOTHERBOARD,15.0,269250.0,0.0,0.0,269250.0,17950.0
2024-09,9879,MSI B550M-A PRO Socket Am4 Ddr4 Motherboard,MOTHERBOARD,9.0,41850.0,0.0,0.0,41850.0,4650.0
2024-09,9970,Asus Prime B550M-K ARGB Socket Am4 Ddr4 Motherboard,MOTHERBOARD,10.0,48500.0,0.0,0.0,48500.0,4850.0
2024-09,10488,RAKK DASIG X3 Ambidextrous Hotswap Trimode PAW3311 Huano 80M RGB Gaming Mouse Black,MOUSE,11.0,10945.0,0.0,0.0,10945.0,995.0
2024-09,10489,RAKK DASIG X3 Ambidextrous Hotswap Trimode PAW3311 Huano 80M RGB Gaming Mouse White,MOUSE,7.0,6965.0,0.0,0.0,6965.0,995.0
2024-09,10776,RAKK TALAN AERO X PAW3395 8K Polling Omron Optical Trimode Lightweight 55g Gaming Mouse Black,MOUSE,6.0,13170.0,0.0,0.0,13170.0,2195.0
2024-09,10994,Logitech G 502X Wired Gaming Mouse White,MOUSE,6.0,18570.0,0.0,0.0,18570.0,3095.0
2024-09,3513,Logitech G102 Lightsync Gaming Mouse Black,MOUSE,11.0,10230.0,0.0,0.0,10230.0,930.0
2024-09,3700,Logitech G102 Lightsync Gaming Mouse White,MOUSE,18.0,16740.0,0.0,0.0,16740.0,930.0
2024-09,9299,RAKK DASIG LITE Huano Switch RGB Gaming Mouse,MOUSE,6.0,1680.0,0.0,0.0,1680.0,280.0
2024-09,11172,DITO Home WoWFi Lite 4G WiFi Router,NETWORK DEVICE,5.0,4900.0,0.0,0.0,4900.0,980.0
2024-09,11356,TP-Link Archer BE220 Dual Band Wi-Fi 7 Router,NETWORK DEVICE,2.0,4500.0,0.0,0.0,4500.0,2250.0
2024-09,130,Tp-Link TL-WA901ND Wireless N Access Point,NETWORK DEVICE,3.0,5682.0,0.0,0.0,5682.0,1894.0
2024-09,1693,TP-Link TL-WR820N 300Mbps Multimode Wi-Fi Router,NETWORK DEVICE,4.0,1960.0,0.0,0.0,1960.0,490.0
2024-09,10146,MSI PANO 110R PZ Mid Tower Gaming PC Case Black,PC CASE,13.0,54600.0,0.0,0.0,54600.0,4200.0
2024-09,10518,NZXT H6 Flow CC-H61FW-01 Tempered Glass ATX PC Case White,PC CASE,6.0,26100.0,0.0,0.0,26100.0,4350.0
2024-09,10519,NZXT H7 Flow (2024) CM-H72FW-01 ATX PC Case White,PC CASE,11.0,51150.0,0.0,0.0,51150.0,4650.0
2024-09,10520,NZXT H7 Flow RGB (2024) CM-H72FB-R1 ATX PC Case Black,PC CASE,4.0,17400.0,0.0,0.0,17400.0,4350.0
2024-09,10668,CoolerMaster Elite 302 ARGB Micro ATX PC Case Black,PC CASE,9.0,26955.0,0.0,0.0,26955.0,2995.0
2024-09,10808,MSI PAG PANO M110A ARGB Micro ATX PC Case Black,PC CASE,8.0,19600.0,0.0,0.0,19600.0,2450.0
2024-09,10828,DarkFlash Floatron F1 Micro ATX PC Case Black & White,PC CASE,6.0,23970.0,0.0,0.0,23970.0,3995.0
2024-09,10928,CoolerMaster Qube 540 Moonstone ATX PC Case,PC CASE,15.0,59925.0,0.0,0.0,59925.0,3995.0
2024-09,10963,CoolerMaster Elite 600 ARGB ATX Mid Tower PC Case Black,PC CASE,2.0,10700.0,0.0,0.0,10700.0,5350.0
2024-09,10972,Asus A31 Tempered Glass Mid Tower ATX PC Case White,PC CASE,5.0,17000.0,0.0,0.0,17000.0,3400.0
2024-09,11002,RAKK TANAN MATX Tempered Glass with PSU and Fans,PC CASE,8.0,10360.0,0.0,0.0,10360.0,1295.0
2024-09,11068,DarkFlash M305 with 3 RGB Fan Micro ATX Tempered Glass Gaming PC Case Black,PC CASE,9.0,12555.0,0.0,0.0,12555.0,1395.0
2024-09,11102,YGT Mars 9 Micro ATX PC Case with PSU Black,PC CASE,9.0,7155.0,0.0,0.0,7155.0,795.0
2024-09,11131,Asus A21 Tempered Glass Micro ATX PC Case Black,PC CASE,9.0,26955.0,0.0,0.0,26955.0,2995.0
2024-09,11306,Gamdias Aura GC10 v2 ARGB Dual Chamber Micro ATX PC Case Black,PC CASE,13.0,32435.0,0.0,0.0,32435.0,2495.0
2024-09,11406,Cougar MX110 RGB Mid Tower Tempered Glass ATX PC Case Black,PC CASE,4.0,9400.0,0.0,0.0,9400.0,2350.0
2024-09,11546,YGT 420B Micro ATX PC Case Black,PC CASE,8.0,10000.0,0.0,0.0,10000.0,1250.0
2024-09,6579,InPlay Wind 01 Acrylic Side Panel Micro ATX PC Case,PC CASE,7.0,0.0,0.0,0.0,0.0,0.0
2024-09,7367,MSI MAG Forge M100A Auto RGB Micro ATX PC Case Black,PC CASE,8.0,17520.0,0.0,0.0,17520.0,2190.0
2024-09,9897,YGT V100 Micro ATX PC Case with PSU White,PC CASE,8.0,7120.0,0.0,0.0,7120.0,890.0
2024-09,9973,MSI MAG PANO 100R Project Zero Micro ATX PC Case Black,PC CASE,14.0,93100.0,0.0,0.0,93100.0,6650.0
2024-09,10052,Asus Prime 650W 80+ Bronze Power Supply,POWER SUPPLY,10.0,36500.0,0.0,0.0,36500.0,3650.0
2024-09,10208,Asus Prime AP-850W 80+ Gold Full Modular Power Supply,POWER SUPPLY,9.0,67455.0,0.0,0.0,67455.0,7495.0
2024-09,10376,ASRock Pro-650B 650W 80+ Bronze Non-Modular ATX 3.1 Power Supply,POWER SUPPLY,11.0,29150.0,0.0,0.0,29150.0,2650.0
2024-09,10679,ASRock Steel Legend SL-1000G 1000W 80+ Gold Cybenetics Gold ATX 3.1 Full Modular Power Supply,POWER SUPPLY,12.0,113400.0,0.0,0.0,113400.0,9450.0
2024-09,11266,Acer AC-500 500W Non-Modular 80+ Bronze Power Supply Black,POWER SUPPLY,7.0,8750.0,0.0,0.0,8750.0,1250.0
2024-09,11267,Acer AC-650 650W Non-Modular 80+ Bronze Power Supply Black,POWER SUPPLY,10.0,17890.0,0.0,0.0,17890.0,1789.0
2024-09,11332,Acer AC-750 750W Non-Modular 80+ Bronze Power Supply Black,POWER SUPPLY,7.0,14700.0,0.0,0.0,14700.0,2100.0
2024-09,176,Intelligent 700 watts Power Supply,POWER SUPPLY,12.0,5400.0,0.0,0.0,5400.0,450.0
2024-09,4079,MSI MAG A650BN 650Watts 80+ Non-Modular Power Supply Bronze,POWER SUPPLY,4.0,13180.0,0.0,0.0,13180.0,3295.0
2024-09,4080,MSI MAG A550BN 550Watts 80+ Non-Modular Power Supply Bronze,POWER SUPPLY,6.0,17130.0,0.0,0.0,17130.0,2855.0
2024-09,6242,MSI MAG A600DN 600W 80+ Power Supply,POWER SUPPLY,7.0,19355.0,0.0,0.0,19355.0,2765.0
2024-09,7838,MSI MAG A850GL 850Watts PCIE5 80+ Full Modular Power Supply Gold Black,POWER SUPPLY,7.0,50610.0,0.0,0.0,50610.0,7230.0
2024-09,8542,Acer AC-550 550w Full Modular 80plus Bronze Power Supply,POWER SUPPLY,14.0,20090.0,0.0,0.0,20090.0,1435.0
2024-09,8543,Acer AC-650 650w Full Modular  80plus Bronze Power Supply,POWER SUPPLY,9.0,18495.0,0.0,0.0,18495.0,2055.0
2024-09,9703,CoolerMaster MWE 650W V3 (MPE-6501-ACABW-3BUS) 80+ Bronze ATX 3.1 Power Supply,POWER SUPPLY,12.0,45720.0,0.0,0.0,45720.0,3810.0
2024-09,9938,CoolerMaster MWE 750W V3 (MPE-7501-ACABW-3BUS) 80+ Bronze ATX 3.1 Power Supply,POWER SUPPLY,12.0,51816.0,0.0,0.0,51816.0,4318.0
2024-09,11598,Epson L3310 Multi Functional Integrated Ink Tank Printer,PRINTER AND SCANNER,2.0,18100.0,0.0,0.0,18100.0,9050.0
2024-09,11599,Epson L3350 Wi-Fi Multi Functional Integrated Ink Tank Printer,PRINTER AND SCANNER,1.0,10530.0,0.0,0.0,10530.0,10530.0
2024-09,2008,Canon Pixma TS207 Printer Inkjet,PRINTER AND SCANNER,3.0,6690.0,0.0,0.0,6690.0,2230.0
2024-09,4804,Canon Pixma MG3070S Compact Wireless All-In-One Printer,PRINTER AND SCANNER,1.0,3425.0,0.0,0.0,3425.0,3425.0
2024-09,10057,AMD Ryzen 9 9900X 4.4GHz AM5 Socket DDR5 Processor TTP,PROCESSOR,15.0,374250.0,0.0,0.0,374250.0,24950.0
2024-09,10102,AMD Ryzen 7 7700 Socket AM5 3.8GHz Processor MPK,PROCESSOR,14.0,167300.0,0.0,0.0,167300.0,11950.0
2024-09,10110,AMD Ryzen 5 5500GT 3.6GHz AM4 Socket DDR4 Processor MPK,PROCESSOR,20.0,161900.0,0.0,0.0,161900.0,8095.0
2024-09,10911,Intel Core i9-14900K Raptor Lake Socket LGA 1700 3.20GHz Processor MPK,PROCESSOR,10.0,319500.0,0.0,0.0,319500.0,31950.0
2024-09,10938,AMD Ryzen 5 8400F 4.2GHz AM5 Socket DDR5 Processor MPK,PROCESSOR,11.0,98450.0,0.0,0.0,98450.0,8950.0
2024-09,11064,AMD Ryzen 5 3400g 3.7ghz AM4 Socket DDR4 Processor MPK,PROCESSOR,9.0,34155.0,0.0,0.0,34155.0,3795.0
2024-09,11065,AMD Ryzen 7 8700F 4.1ghz AM5 Socket DDR5 Processor MPK,PROCESSOR,8.0,75600.0,0.0,0.0,75600.0,9450.0
2024-09,11592,Intel Core Ultra 7 processor 270K Plus LGA 1851 5.5Ghz Processor,PROCESSOR,11.0,230450.0,0.0,0.0,230450.0,20950.0
2024-09,4513,AMD Ryzen 5 5600X Socket AM4 3.7GHz Processor with Wraith Stealth Cooler MPK,PROCESSOR,20.0,179000.0,0.0,0.0,179000.0,8950.0
2024-09,5640,AMD Ryzen 5 5500 Socket Am4 3.6GHz Processor with AMD wraith cooler MPK,PROCESSOR,9.0,46800.0,0.0,0.0,46800.0,5200.0
2024-09,5663,AMD Ryzen 5 5600 Socket Am4 3.5GHz Processor with Wraith stealth cooler MPK,PROCESSOR,8.0,57600.0,0.0,0.0,57600.0,7200.0
2024-09,7098,AMD Ryzen 7 5700G Socket Am4 3.8GHz with Radeon Vega 8 wraith stealth cooler Processor MPK,PROCESSOR,13.0,159250.0,0.0,0.0,159250.0,12250.0
2024-09,7929,AMD Ryzen 7 5700X Socket AM4 3.4GHz Processor with AMD Wraith Stealth cooler MPK,PROCESSOR,7.0,69650.0,0.0,0.0,69650.0,9950.0
2024-09,8432,AMD Ryzen 3 3200g PRO Socket Am4 3.6ghz with Radeon Vega 8 Processor MPK,PROCESSOR,6.0,20370.0,0.0,0.0,20370.0,3395.0
2024-09,9608,AMD RYZEN 7 7800X3D Socket AM5 D5 5.0ghz with Radeon Graphics processor TTP,PROCESSOR,14.0,258300.0,0.0,0.0,258300.0,18450.0
2024-09,9614,AMD RYZEN 7 9800X3D Socket AM5 D5 5.2ghz with Radeon Graphics processor,PROCESSOR,10.0,279500.0,0.0,0.0,279500.0,27950.0
2024-09,9776,AMD Ryzen 5 5600GT 3.6GHz AM4 Socket DDR4 Processor MPK,PROCESSOR,9.0,82755.0,0.0,0.0,82755.0,9195.0
2024-09,9841,Intel Core i5-14400 4.7GHz LGA 1700 Processor MPK,PROCESSOR,16.0,191200.0,0.0,0.0,191200.0,11950.0
2024-09,10697,Lexar NQ100 256GB Solid State Drive SATA 2.5,SOLID STATE DRIVE,15.0,59925.0,0.0,0.0,59925.0,3995.0
2024-09,10797,Lexar NM620 1TB M.2 NVME Solid State Drive,SOLID STATE DRIVE,22.0,178200.0,0.0,0.0,178200.0,8100.0
2024-09,10804,Team Group MP33 512GB M.2 PCIe Gen3.0 x4 NVME 1.3 Solid State Drive,SOLID STATE DRIVE,27.0,168750.0,0.0,0.0,168750.0,6250.0
2024-09,11148,Teamgroup T-Force GA Pro 1TB NVMe M.2 Gen 5 Solid State Drive,SOLID STATE DRIVE,23.0,249550.0,0.0,0.0,249550.0,10850.0
2024-09,11152,Hiksemi Wave S 256B SATA 2.5 Solid State Drive,SOLID STATE DRIVE,31.0,103850.0,0.0,0.0,103850.0,3350.0
2024-09,11269,Hiksemi Wave P 256GB PCIE Gen3 M.2 Solid State Drive,SOLID STATE DRIVE,17.0,59415.0,0.0,0.0,59415.0,3495.0
2024-09,11323,ESGaming 512GB SATA 2.5 Solid State Drive,SOLID STATE DRIVE,16.0,70320.0,0.0,0.0,70320.0,4395.0
2024-09,11577,Apacer AS2280P4 512GB PCIe Gen 3x4 M.2 NVMe Solid State Drive,SOLID STATE DRIVE,12.0,63540.0,0.0,0.0,63540.0,5295.0
2024-09,1681,Team Group GX2 Solid State Drive 256gb SATA 2.5,SOLID STATE DRIVE,27.0,93150.0,0.0,0.0,93150.0,3450.0
2024-09,1909,Lexar NS10 Lite Solid State Drive 120gb SATA 2.5,SOLID STATE DRIVE,24.0,34800.0,0.0,0.0,34800.0,1450.0
2024-09,6856,Team Group MP33 256GB M.2 PCIe NVME Solid State Drive,SOLID STATE DRIVE,19.0,63650.0,0.0,0.0,63650.0,3350.0
2024-09,6936,Adata SU650 Solid State Drive 512GB SATA 2.5,SOLID STATE DRIVE,22.0,109890.0,0.0,0.0,109890.0,4995.0
2024-09,503,Edifier R12U Usb Powered Speaker Black,SPEAKER,1.0,950.0,0.0,0.0,950.0,950.0
2024-09,2991,APC Back-Ups BVX650I-PH 360 Watts 650va with Avr Universal Sockets Ups,UPS & AVR,13.0,28600.0,0.0,0.0,28600.0,2200.0
2024-09,36,Secure 220v Avr,UPS & AVR,9.0,2250.0,0.0,0.0,2250.0,250.0
2024-09,454,Secure 650va Ups,UPS & AVR,10.0,14500.0,0.0,0.0,14500.0,1450.0
2024-10,10653,RAKK Matik USB Gaming Headset LED Illuminated,AUDIO,8.0,2520.0,0.0,0.0,2520.0,315.0
2024-10,10952,EPOS Sennheiser Impact SC 260 ED Headset,AUDIO,3.0,3960.0,0.0,0.0,3960.0,1320.0
2024-10,10991,Logitech G PRO X Wired 7.1 Gaming Headset,AUDIO,4.0,18200.0,0.0,0.0,18200.0,4550.0
2024-10,10993,Logitech G PRO X Wired 7.1 Gaming Headset (League of Legends Edition),AUDIO,1.0,4550.0,0.0,0.0,4550.0,4550.0
2024-10,11507,Accutone UB210 Noise Cancelling Headset Black,AUDIO,1.0,1550.0,0.0,0.0,1550.0,1550.0
2024-10,11508,Accutone Sonar 280 Wireless & Wired Noise Cancelling Headset Black,AUDIO,4.0,8240.0,0.0,0.0,8240.0,2060.0
2024-10,11509,Accutone Converse 95 Noise Cancelling Headset Black,AUDIO,6.0,13920.0,0.0,0.0,13920.0,2320.0
2024-10,11510,Accutone Nexus 2000 MagSafe Speaker Blue,AUDIO,3.0,3750.0,0.0,0.0,3750.0,1250.0
2024-10,11511,Accutone Nexus 2000 MagSafe Speaker Gray,AUDIO,2.0,2500.0,0.0,0.0,2500.0,1250.0
2024-10,11512,Accutone Nexus 2000 MagSafe Speaker Pink,AUDIO,1.0,1250.0,0.0,0.0,1250.0,1250.0
2024-10,11612,Accutone UB101 Stereo USB Headset Black,AUDIO,4.0,1380.0,0.0,0.0,1380.0,345.0
2024-10,7652,RAKK SONIDO 7.1 Virtual Surround RGB Gaming Headset USB Black,AUDIO,4.0,3980.0,0.0,0.0,3980.0,995.0
2024-10,8581,Edifier W820NB Plus Active Noice Cancellation Bluetooth Stereo Wireless Headset Ivory,AUDIO,6.0,11100.0,0.0,0.0,11100.0,1850.0
2024-10,11134,Ad-Link ADAPTER (A53) DP TO VGA CONVERTER,CABLES AND ADAPTERS,1.0,220.0,0.0,0.0,220.0,220.0
2024-10,11140,Ad-Link CABLE (HDMI BLUEMESH V1.4) 10M,CABLES AND ADAPTERS,1.0,350.0,0.0,0.0,350.0,350.0
2024-10,11144,Ad-Link CABLE (V73) VGA 3+4 (3M),CABLES AND ADAPTERS,1.0,150.0,0.0,0.0,150.0,150.0
2024-10,7824,Hikvision E-HWID 2.8MM Eco-HiWatch 2.mm IR Dome E-HWID,CAMERA,4.0,5800.0,0.0,0.0,5800.0,1450.0
2024-10,78,A4Tech KRS-8572 Usb Keyboard and Mouse Black,COMBO,59.0,30090.0,0.0,0.0,30090.0,510.0
2024-10,9301,RAKK APTAS ILLUMINATED / Membrane Keyboard and Mouse / No software / Rainbow lighting / Black,COMBO,66.0,18810.0,0.0,0.0,18810.0,285.0
2024-10,10370,DarkFlash Infinity 34 3in1 ARGB Chassis Fan Black,COOLING,9.0,10350.0,0.0,0.0,10350.0,1150.0
2024-10,10373,DarkFlash Infinity 34 Single ARGB Chassis Fan White,COOLING,14.0,5880.0,0.0,0.0,5880.0,420.0
2024-10,10386,MSI MAG COREFROZR AA13 ARGB CPU Air Cooler black,COOLING,7.0,8365.0,0.0,0.0,8365.0,1195.0
2024-10,10590,YGT Cyber-120IFB 3in1 ARGB Chassis Fan Black,COOLING,11.0,6050.0,0.0,0.0,6050.0,550.0
2024-10,10743,NZXT F120 RGB Duo Triple Pack (RF-D12TF-W1) with RGB Controller Chassis Fan White,COOLING,7.0,10500.0,0.0,0.0,10500.0,1500.0
2024-10,10839,CoolerMaster Hyper 212 3DHP ARGB CPU Air Cooler Black,COOLING,6.0,8370.0,0.0,0.0,8370.0,1395.0
2024-10,10858,DarkFlash E400 Plus Matrix Display CPU Air Cooler White,COOLING,7.0,11550.0,0.0,0.0,11550.0,1650.0
2024-10,10930,CoolerMaster MasterLiquid 240L Core Liquid Cooling Black,COOLING,11.0,40700.0,0.0,0.0,40700.0,3700.0
2024-10,10966,CoolerMaster V4 Alpha 3DHP CPU Air Cooler Black,COOLING,6.0,11370.0,0.0,0.0,11370.0,1895.0
2024-10,10990,BeQuiet Silent Wings 4 (BL094) 120mm PWM High Speed Single Chassis Fan Black,COOLING,7.0,8400.0,0.0,0.0,8400.0,1200.0
2024-10,11005,Asus AR120 ARGB PWM Single Chassis Fan Black,COOLING,15.0,2250.0,0.0,0.0,2250.0,150.0
2024-10,11159,Jungle Leopard Chill Arc 360mm ARGB Liquid Cooling Black,COOLING,8.0,87600.0,0.0,0.0,87600.0,10950.0
2024-10,11160,Jungle Leopard Chill Arc 360mm ARGB Liquid Cooling White,COOLING,12.0,135540.0,0.0,0.0,135540.0,11295.0
2024-10,11216,CoolerMaster MasterLiquid Core Nex 360 ARGB CPU Liquid Cooler Black,COOLING,1.0,4450.0,0.0,0.0,4450.0,4450.0
2024-10,6174,Deepcool TW-003 CPU Air Cooler,COOLING,10.0,4000.0,0.0,0.0,4000.0,400.0
2024-10,7,AMD Stock Heatsink Fan,COOLING,6.0,840.0,0.0,0.0,840.0,140.0
2024-10,7501,DarkFlash DM12 F Single ARGB Chassis Fan Black,COOLING,10.0,2350.0,0.0,0.0,2350.0,235.0
2024-10,7502,DarkFlash DM12 F Single ARGB Chassis Fan White,COOLING,12.0,3420.0,0.0,0.0,3420.0,285.0
2024-10,7505,DarkFlash Infinity24 Single ARGB Chassis Fan Black,COOLING,14.0,3990.0,0.0,0.0,3990.0,285.0
2024-10,9737,MSI MAG Coreliquid A13 240 CPU Liquid Cooler Black,COOLING,10.0,36500.0,0.0,0.0,36500.0,3650.0
2024-10,9835,MSI MAG Coreliquid A13 360 CPU Liquid Cooler Black,COOLING,11.0,47080.0,0.0,0.0,47080.0,4280.0
2024-10,9836,MSI MAG Coreliquid A13 360 CPU Liquid Cooler White,COOLING,12.0,49680.0,0.0,0.0,49680.0,4140.0
2024-10,10425,"ViewSonic VA24G1-H 24"" FHD 144Hz IPS Monitor",DISPLAY,10.0,41500.0,0.0,0.0,41500.0,4150.0
2024-10,10540,"ASUS ROG Strix XG27ACMES 27"" QHD 255Hz-OC Fast IPS Monitor",DISPLAY,9.0,143955.0,0.0,0.0,143955.0,15995.0
2024-10,10711,"ASUS TUF Gaming Series 5 VG259QMR5A 24.5"" FHD 310Hz(OC) Fast-IPS Monitor",DISPLAY,8.0,75960.0,0.0,0.0,75960.0,9495.0
2024-10,10836,"AOC 24G11ZE 23.8"" 240Hz OC FHD Fast IPS Monitor",DISPLAY,8.0,52760.0,0.0,0.0,52760.0,6595.0
2024-10,10918,"Philips 24E2G2200 23.8"" 144Hz IPS FHD Monitor",DISPLAY,11.0,46145.0,0.0,0.0,46145.0,4195.0
2024-10,10919,"Philips 27E2G2200 27"" 144Hz IPS FHD Monitor",DISPLAY,13.0,77935.0,0.0,0.0,77935.0,5995.0
2024-10,10940,"MSI MAG 245F X24 23.8"" 240Hz FHD Rapid IPS Monitor",DISPLAY,15.0,96750.0,0.0,0.0,96750.0,6450.0
2024-10,10941,"MSI MAG 272F X24 27"" 240Hz FHD Rapid IPS Monitor",DISPLAY,6.0,53700.0,0.0,0.0,53700.0,8950.0
2024-10,11074,"AOC 24B36XE 23.8"" FHD 144Hz IPS Monitor",DISPLAY,6.0,25500.0,0.0,0.0,25500.0,4250.0
2024-10,11127,"Nvision N2455GT-B 23.8"" FHD 144Hz IPS Monitor",DISPLAY,7.0,27650.0,0.0,0.0,27650.0,3950.0
2024-10,11151,"MSI MAG 275QF E20 27"" WQHD 200Hz Rapid IPS Monitor",DISPLAY,14.0,161000.0,0.0,0.0,161000.0,11500.0
2024-10,11208,"Gamdias Atlas HD24IF IV 23.8"" 240Hz FHD Fast IPS Monitor Black",DISPLAY,9.0,52830.0,0.0,0.0,52830.0,5870.0
2024-10,11258,"AOC Q27G4SL/WS 27"" QHD 320Hz Fast IPS HDR 400 Monitor",DISPLAY,5.0,69000.0,0.0,0.0,69000.0,13800.0
2024-10,11472,"MSI PRO MP251 E14L 24.5"" 144HZ FHD IPS Monitor",DISPLAY,10.0,43250.0,0.0,0.0,43250.0,4325.0
2024-10,11473,"Asus TUF Gaming VG259QM5A 24.5"" 240Hz IPS Gaming Monitor",DISPLAY,4.0,31580.0,0.0,0.0,31580.0,7895.0
2024-10,11528,"LG 24U411A-B 23.8"" 120Hz FHD IPS Monitor",DISPLAY,5.0,18250.0,0.0,0.0,18250.0,3650.0
2024-10,7785,Nvision N190V8 19' LED Monitor,DISPLAY,13.0,22100.0,0.0,0.0,22100.0,1700.0
2024-10,7786,"Nvision N200V8 20"" LED Monitor",DISPLAY,5.0,8575.0,0.0,0.0,8575.0,1715.0
2024-10,8060,"Nvision H22V8 21.5"" LED Monitor",DISPLAY,5.0,11200.0,0.0,0.0,11200.0,2240.0
2024-10,9904,"Viewsonic VX2479A-HD-PRO 24"" 240Hz FHD 1MS MPRT IPS HDR10 Gaming Monitor",DISPLAY,6.0,37980.0,0.0,0.0,37980.0,6330.0
2024-10,11003,RAKK SUKOG LITE 800x400x3mm Mousepad Black,GAMING SURFACE,14.0,2660.0,0.0,0.0,2660.0,190.0
2024-10,10053,ASUS Dual Nvidia Geforce RTX 3050 OC Edition (DUAL-RTX3050-O6G) 6GB 96-bit GDRR6 Videocard,GRAPHIC CARD,5.0,72250.0,0.0,0.0,72250.0,14450.0
2024-10,10072,MSI Nvidia GeForce RTX 5060 VENTUS 2X OC (G5060-8V2C) 8GB 128-bit GDDR7 Videocard,GRAPHIC CARD,8.0,196000.0,0.0,0.0,196000.0,24500.0
2024-10,10080,Gigabyte Nvidia GeForce RTX 5060 AERO OC (GV-N5060AERO-OC-8GD) 8GB 128-bit GDDR7 Videocard,GRAPHIC CARD,8.0,206000.0,0.0,0.0,206000.0,25750.0
2024-10,10152,MSI GeForce RTX 5070 Ti VENTUS 3X OC (G507T-16V3C) 16GB 256-bit GDDR7 Videocard,GRAPHIC CARD,6.0,395700.0,0.0,0.0,395700.0,65950.0
2024-10,10155,ASUS DUAL GeForce RTX 5060 (DUAL-RTX5060-8G) 8GB 128-bit GDDR7 Videocard,GRAPHIC CARD,12.0,299400.0,0.0,0.0,299400.0,24950.0
2024-10,10206,ASUS Dual RX 7600 EVO OC Edition DUAL-RX7600-O8G-EVO 8GB 128-bit GDDR6 Videocard,GRAPHIC CARD,5.0,114750.0,0.0,0.0,114750.0,22950.0
2024-10,10207,ASUS Prime AMD Radeon RX 9060 XT OC (PRIME-RX9060XT-O16G) 16GB 128-Bit GDDR6 Videocard,GRAPHIC CARD,6.0,209700.0,0.0,0.0,209700.0,34950.0
2024-10,10225,MSI Nvidia GeForce RTX 5060 SHADOW 2X OC (G5060-8S2C) 8GB 128-bit GDDR7 Videocard,GRAPHIC CARD,4.0,99800.0,0.0,0.0,99800.0,24950.0
2024-10,10660,MSI Nvidia GeForce RTX 5050 VENTUS 2X OC (G5050-8V2C) 128-bit GDDR6 Videocard,GRAPHIC CARD,6.0,119700.0,0.0,0.0,119700.0,19950.0
2024-10,11557,ASUS DUAL Nvidia GeForce RTX 5060 Ti OC Edition (DUAL-RTX5060TI-O8G) 8GB 128-bit GDDR7 Videocard,GRAPHIC CARD,9.0,260550.0,0.0,0.0,260550.0,28950.0
2024-10,11591,MSI GeForce RTX 5060 Ventus 2X OC v1 (G5060-8V2CV1) 8GB 128-bit GDDR7 Videocard,GRAPHIC CARD,5.0,128250.0,0.0,0.0,128250.0,25650.0
2024-10,11636,Colorful Nvidia GeForce RTX 3050 6GB V4-V 96-bit GDDR6 Videocard,GRAPHIC CARD,5.0,61250.0,0.0,0.0,61250.0,12250.0
2024-10,8396,MSI GEFORCE RTX 3050 VENTUS 2X OC 6GB 96-bit DDR6 Videocard,GRAPHIC CARD,6.0,85200.0,0.0,0.0,85200.0,14200.0
2024-10,9396,Biostar Rx 580 VA5815RQ82 Dual Cooling Fan 8gb 256bit GDdr5 Gaming Videocard,GRAPHIC CARD,7.0,55650.0,0.0,0.0,55650.0,7950.0
2024-10,9883,Asus Prime AMD Radeon RX 9070 OC (PRIME-RX9070-O16G) 16GB 256-Bit GDDR6 Videocard,GRAPHIC CARD,6.0,287700.0,0.0,0.0,287700.0,47950.0
2024-10,9967,MSI Nvidia GeForce RTX 5070 VENTUS 2X OC 12GB 192-bit GDDR7 Videocard,GRAPHIC CARD,9.0,422550.0,0.0,0.0,422550.0,46950.0
2024-10,11573,Aula S75 Pro RGB Gaming Mechanical Wireless Tri-Mode Keyboard Gradient Pink,KEYBOARD,19.0,46550.0,0.0,0.0,46550.0,2450.0
2024-10,4285,Fantech MAXPOWER MK853 Mechanical Gaming Keyboard White - BLUE Switch,KEYBOARD,21.0,31080.0,0.0,0.0,31080.0,1480.0
2024-10,9998,"Gigabyte Gaming A16 CMHH2PH893SH 16.0"" WUXGA 165Hz Intel Core i5-13420H/16GB DDR5/512GB 2x M.2 SSD/ RTX 4050 6GB/Win11Laptop",LAPTOP GA2,2.0,125990.0,0.0,0.0,125990.0,62995.0
2024-10,11552,"Asus Vivobook Go 15 E1504FA-BQ5585WSM 15.6""FHD IPS Ryzen 5-40/8GB LPDDR5/512GB M.2 NVMe PCIe 3.0 SSD/Win11 Laptop + HS M365",LAPTOP PR2,2.0,79990.0,0.0,0.0,79990.0,39995.0
2024-10,11564,"Asus Vivobook 14 X1404VA-EB2200WSM 14.0"" FHD Intel Core 5 120U/8GB DDR5/512GB SSD/Win11 Laptop H&S+M365 + Laptop Bag",LAPTOP PR2,2.0,87990.0,0.0,0.0,87990.0,43995.0
2024-10,11583,"MSI Modern 14 F3HMG-039PHNN 14.0""FHD IPS Ryzen™ AI 5 330/8GB DDR5-5600/512GB*1 NVMe SSD PCIe Gen4/Win11 Laptop + OFC + Laptop Bag",LAPTOP PR2,1.0,47795.0,0.0,0.0,47795.0,47795.0
2024-10,11527,"Lenovo V15 G4 ABP 15.6"" FHD Ryzen 7-7730U/8GB DDR4/512GB NVMe SSD/Win11 Pro Laptop SE",LAPTOP PR3,3.0,119985.0,0.0,0.0,119985.0,39995.0
2024-10,11550,"Lenovo V15 G5 IRL 15.6"" Intel Core i5-13420H/16GB DDR5/512GB SSD Laptop/Win11 Laptop SE + Laptop Bag",LAPTOP PR3,1.0,44995.0,0.0,0.0,44995.0,44995.0
2024-10,10286,Lexar LD5S16G56C46ST-BGS 16GB 5600Mhz DDR5 Sodimm Memory,MEMORY,9.0,140400.0,0.0,0.0,140400.0,15600.0
2024-10,10789,Teamgroup Vulcan 16GB 8GBx2 6000Mhz CL38 DDR5 Memory,MEMORY,12.0,174000.0,0.0,0.0,174000.0,14500.0
2024-10,10905,Lexar Ares 8GB LD4U08G32C16LA-RGS 3200Mhz DDR4 RGB Memory Black,MEMORY,18.0,76500.0,0.0,0.0,76500.0,4250.0
2024-10,11052,Biostar Storming V 8GB 3200Mhz DDR4 Memory,MEMORY,10.0,41500.0,0.0,0.0,41500.0,4150.0
2024-10,11185,Crucial 16GB CT16G4SFRA32A 3200Mhz DDR4 Sodimm,MEMORY,11.0,90750.0,0.0,0.0,90750.0,8250.0
2024-10,11327,HKC PC 16gb 3200mhz DDR4 with Heatsink Memory Black,MEMORY,14.0,86730.0,0.0,0.0,86730.0,6195.0
2024-10,11444,FASPEED 8GB 3200Mhz DDR4 with Heatsink Memory,MEMORY,11.0,34650.0,0.0,0.0,34650.0,3150.0
2024-10,11450,HKC PC 8gb 3200mhz DDR4 with Heatsink Memory Black,MEMORY,13.0,44850.0,0.0,0.0,44850.0,3450.0
2024-10,11548,Hiksemi Future 16GB (16x1) HSC516U56C2 5600Mhz CL38 DDR5 Memory Black,MEMORY,21.0,314895.0,0.0,0.0,314895.0,14995.0
2024-10,1372,Ramsta 4gb 1x4 2666mhz Ddr4 Memory,MEMORY,14.0,7000.0,0.0,0.0,7000.0,500.0
2024-10,2489,Ramsta 4gb 1x4 2666mhz Ddr4 Sodimm Memory,MEMORY,13.0,5200.0,0.0,0.0,5200.0,400.0
2024-10,3150,Team Elite TForce Delta 16gb 2x8 3600mhz Ddr4 RGB Memory Black,MEMORY,10.0,91500.0,0.0,0.0,91500.0,9150.0
2024-10,3151,Team Elite TForce Delta 16gb 2x8 3600mhz Ddr4 RGB Memory White,MEMORY,17.0,155550.0,0.0,0.0,155550.0,9150.0
2024-10,4055,Team Elite Plus 8gb 1x8 3200Mhz Ddr4 Memory Black Gold,MEMORY,12.0,57000.0,0.0,0.0,57000.0,4750.0
2024-10,9324,KINGBANK 16GB 1x16 3200mhz DDR4 with Heatsink Memory Silver,MEMORY,21.0,156450.0,0.0,0.0,156450.0,7450.0
2024-10,11448,Y5Pro Intel Core i5 8250U / 16GB DDr4 / 512GB SSD / WIFI 5 DUAL / 4* USB 3.0 / 2* HDMI 2.0 / 1* RJ45 1000Mbps / 1* Type-C / Windows 11 Pro Mini PC,MINI PC,3.0,62850.0,0.0,0.0,62850.0,20950.0
2024-10,9794,"Nvision A24K6-S-i704-1625 Intel i7-4700M 16GB 256GB SSD 23.8"" FHD IPS All in One PC",MINI PC,2.0,33900.0,0.0,0.0,33900.0,16950.0
2024-10,10295,Asus B650M-AYW Wifi DDR5 AMD Motherboard,MOTHERBOARD,20.0,145900.0,0.0,0.0,145900.0,7295.0
2024-10,10296,Asus Prime A520M-K/CSM AM4 AMD Motherboard,MOTHERBOARD,16.0,52720.0,0.0,0.0,52720.0,3295.0
2024-10,10647,ASUS PRIME B850M-A WIFI-CSM Socket AM5 DDR5 Motherboard,MOTHERBOARD,15.0,172425.0,0.0,0.0,172425.0,11495.0
2024-10,10675,MSI B650M GAMING WIFI AM5 DDR5 Motherboard,MOTHERBOARD,3.0,22185.0,0.0,0.0,22185.0,7395.0
2024-10,11556,Gigabyte B550M-K Socket Am4 Ddr4 Motherboard,MOTHERBOARD,18.0,89100.0,0.0,0.0,89100.0,4950.0
2024-10,11558,Asus B760M-AYW WIFI Socket LGA 1700 Ddr4 Motherboard,MOTHERBOARD,17.0,158950.0,0.0,0.0,158950.0,9350.0
2024-10,11593,Gigabyte B860M GAMING X WIFI6E LGA1851 Socket Ddr5 Motherboard,MOTHERBOARD,11.0,133045.0,0.0,0.0,133045.0,12095.0
2024-10,2756,MSI B550M Pro VDH Wifi Socket Am4 Ddr4 Motherboard,MOTHERBOARD,14.0,88900.0,0.0,0.0,88900.0,6350.0
2024-10,3367,MSI A520m-A Pro Socket Am4 Ddr4 Motherboard,MOTHERBOARD,11.0,35750.0,0.0,0.0,35750.0,3250.0
2024-10,4492,Asus Prime B550M-A Wifi II Socket Am4 Ddr4 Gaming Motherboard,MOTHERBOARD,15.0,96750.0,0.0,0.0,96750.0,6450.0
2024-10,7615,MSI B650M Project zero socket LGA AM5 DDR5 Motherboard,MOTHERBOARD,11.0,141350.0,0.0,0.0,141350.0,12850.0
2024-10,8617,Asrock A520M-HVS Socket Am4 DDR4 Motherboard,MOTHERBOARD,10.0,31500.0,0.0,0.0,31500.0,3150.0
2024-10,9385,Biostar A520MHP Socket Am4 DDR4 Motherboard,MOTHERBOARD,26.0,75270.0,0.0,0.0,75270.0,2895.0
2024-10,9759,MSI PRO X870-P WIFI Ddr5 AM5 Motherboard,MOTHERBOARD,13.0,233350.0,0.0,0.0,233350.0,17950.0
2024-10,9879,MSI B550M-A PRO Socket Am4 Ddr4 Motherboard,MOTHERBOARD,15.0,69750.0,0.0,0.0,69750.0,4650.0
2024-10,9970,Asus Prime B550M-K ARGB Socket Am4 Ddr4 Motherboard,MOTHERBOARD,7.0,33950.0,0.0,0.0,33950.0,4850.0
2024-10,10488,RAKK DASIG X3 Ambidextrous Hotswap Trimode PAW3311 Huano 80M RGB Gaming Mouse Black,MOUSE,10.0,9950.0,0.0,0.0,9950.0,995.0
2024-10,10489,RAKK DASIG X3 Ambidextrous Hotswap Trimode PAW3311 Huano 80M RGB Gaming Mouse White,MOUSE,9.0,8955.0,0.0,0.0,8955.0,995.0
2024-10,10776,RAKK TALAN AERO X PAW3395 8K Polling Omron Optical Trimode Lightweight 55g Gaming Mouse Black,MOUSE,9.0,19755.0,0.0,0.0,19755.0,2195.0
2024-10,10994,Logitech G 502X Wired Gaming Mouse White,MOUSE,7.0,21665.0,0.0,0.0,21665.0,3095.0
2024-10,3513,Logitech G102 Lightsync Gaming Mouse Black,MOUSE,6.0,5580.0,0.0,0.0,5580.0,930.0
2024-10,3700,Logitech G102 Lightsync Gaming Mouse White,MOUSE,5.0,4650.0,0.0,0.0,4650.0,930.0
2024-10,9299,RAKK DASIG LITE Huano Switch RGB Gaming Mouse,MOUSE,6.0,1680.0,0.0,0.0,1680.0,280.0
2024-10,11172,DITO Home WoWFi Lite 4G WiFi Router,NETWORK DEVICE,1.0,980.0,0.0,0.0,980.0,980.0
2024-10,11173,DITO Home WoWFi Pro 5G WiFi Router,NETWORK DEVICE,4.0,5960.0,0.0,0.0,5960.0,1490.0
2024-10,11356,TP-Link Archer BE220 Dual Band Wi-Fi 7 Router,NETWORK DEVICE,2.0,4500.0,0.0,0.0,4500.0,2250.0
2024-10,11460,ASUS RT-BE50 BE3600 Dual Band WiFi 7 Router,NETWORK DEVICE,1.0,2995.0,0.0,0.0,2995.0,2995.0
2024-10,130,Tp-Link TL-WA901ND Wireless N Access Point,NETWORK DEVICE,7.0,13258.0,0.0,0.0,13258.0,1894.0
2024-10,1693,TP-Link TL-WR820N 300Mbps Multimode Wi-Fi Router,NETWORK DEVICE,4.0,1960.0,0.0,0.0,1960.0,490.0
2024-10,10146,MSI PANO 110R PZ Mid Tower Gaming PC Case Black,PC CASE,6.0,25200.0,0.0,0.0,25200.0,4200.0
2024-10,10518,NZXT H6 Flow CC-H61FW-01 Tempered Glass ATX PC Case White,PC CASE,7.0,30450.0,0.0,0.0,30450.0,4350.0
2024-10,10519,NZXT H7 Flow (2024) CM-H72FW-01 ATX PC Case White,PC CASE,9.0,41850.0,0.0,0.0,41850.0,4650.0
2024-10,10520,NZXT H7 Flow RGB (2024) CM-H72FB-R1 ATX PC Case Black,PC CASE,10.0,43500.0,0.0,0.0,43500.0,4350.0
2024-10,10668,CoolerMaster Elite 302 ARGB Micro ATX PC Case Black,PC CASE,12.0,35940.0,0.0,0.0,35940.0,2995.0
2024-10,10808,MSI PAG PANO M110A ARGB Micro ATX PC Case Black,PC CASE,5.0,12250.0,0.0,0.0,12250.0,2450.0
2024-10,10828,DarkFlash Floatron F1 Micro ATX PC Case Black & White,PC CASE,6.0,23970.0,0.0,0.0,23970.0,3995.0
2024-10,10928,CoolerMaster Qube 540 Moonstone ATX PC Case,PC CASE,9.0,35955.0,0.0,0.0,35955.0,3995.0
2024-10,10963,CoolerMaster Elite 600 ARGB ATX Mid Tower PC Case Black,PC CASE,4.0,21400.0,0.0,0.0,21400.0,5350.0
2024-10,10972,Asus A31 Tempered Glass Mid Tower ATX PC Case White,PC CASE,9.0,30600.0,0.0,0.0,30600.0,3400.0
2024-10,11002,RAKK TANAN MATX Tempered Glass with PSU and Fans,PC CASE,9.0,11655.0,0.0,0.0,11655.0,1295.0
2024-10,11068,DarkFlash M305 with 3 RGB Fan Micro ATX Tempered Glass Gaming PC Case Black,PC CASE,9.0,12555.0,0.0,0.0,12555.0,1395.0
2024-10,11102,YGT Mars 9 Micro ATX PC Case with PSU Black,PC CASE,9.0,7155.0,0.0,0.0,7155.0,795.0
2024-10,11131,Asus A21 Tempered Glass Micro ATX PC Case Black,PC CASE,13.0,38935.0,0.0,0.0,38935.0,2995.0
2024-10,11306,Gamdias Aura GC10 v2 ARGB Dual Chamber Micro ATX PC Case Black,PC CASE,9.0,22455.0,0.0,0.0,22455.0,2495.0
2024-10,11406,Cougar MX110 RGB Mid Tower Tempered Glass ATX PC Case Black,PC CASE,16.0,37600.0,0.0,0.0,37600.0,2350.0
2024-10,11546,YGT 420B Micro ATX PC Case Black,PC CASE,19.0,23750.0,0.0,0.0,23750.0,1250.0
2024-10,6579,InPlay Wind 01 Acrylic Side Panel Micro ATX PC Case,PC CASE,10.0,0.0,0.0,0.0,0.0,0.0
2024-10,7367,MSI MAG Forge M100A Auto RGB Micro ATX PC Case Black,PC CASE,7.0,15330.0,0.0,0.0,15330.0,2190.0
2024-10,9897,YGT V100 Micro ATX PC Case with PSU White,PC CASE,9.0,8010.0,0.0,0.0,8010.0,890.0
2024-10,9973,MSI MAG PANO 100R Project Zero Micro ATX PC Case Black,PC CASE,7.0,46550.0,0.0,0.0,46550.0,6650.0
2024-10,10052,Asus Prime 650W 80+ Bronze Power Supply,POWER SUPPLY,9.0,32850.0,0.0,0.0,32850.0,3650.0
2024-10,10208,Asus Prime AP-850W 80+ Gold Full Modular Power Supply,POWER SUPPLY,9.0,67455.0,0.0,0.0,67455.0,7495.0
2024-10,10376,ASRock Pro-650B 650W 80+ Bronze Non-Modular ATX 3.1 Power Supply,POWER SUPPLY,10.0,26500.0,0.0,0.0,26500.0,2650.0
2024-10,10679,ASRock Steel Legend SL-1000G 1000W 80+ Gold Cybenetics Gold ATX 3.1 Full Modular Power Supply,POWER SUPPLY,6.0,56700.0,0.0,0.0,56700.0,9450.0
2024-10,11266,Acer AC-500 500W Non-Modular 80+ Bronze Power Supply Black,POWER SUPPLY,16.0,20000.0,0.0,0.0,20000.0,1250.0
2024-10,11267,Acer AC-650 650W Non-Modular 80+ Bronze Power Supply Black,POWER SUPPLY,16.0,28624.0,0.0,0.0,28624.0,1789.0
2024-10,11332,Acer AC-750 750W Non-Modular 80+ Bronze Power Supply Black,POWER SUPPLY,9.0,18900.0,0.0,0.0,18900.0,2100.0
2024-10,176,Intelligent 700 watts Power Supply,POWER SUPPLY,9.0,4050.0,0.0,0.0,4050.0,450.0
2024-10,4079,MSI MAG A650BN 650Watts 80+ Non-Modular Power Supply Bronze,POWER SUPPLY,9.0,29655.0,0.0,0.0,29655.0,3295.0
2024-10,4080,MSI MAG A550BN 550Watts 80+ Non-Modular Power Supply Bronze,POWER SUPPLY,20.0,57100.0,0.0,0.0,57100.0,2855.0
2024-10,6242,MSI MAG A600DN 600W 80+ Power Supply,POWER SUPPLY,8.0,22120.0,0.0,0.0,22120.0,2765.0
2024-10,7838,MSI MAG A850GL 850Watts PCIE5 80+ Full Modular Power Supply Gold Black,POWER SUPPLY,12.0,86760.0,0.0,0.0,86760.0,7230.0
2024-10,8542,Acer AC-550 550w Full Modular 80plus Bronze Power Supply,POWER SUPPLY,17.0,24395.0,0.0,0.0,24395.0,1435.0
2024-10,8543,Acer AC-650 650w Full Modular  80plus Bronze Power Supply,POWER SUPPLY,12.0,24660.0,0.0,0.0,24660.0,2055.0
2024-10,9703,CoolerMaster MWE 650W V3 (MPE-6501-ACABW-3BUS) 80+ Bronze ATX 3.1 Power Supply,POWER SUPPLY,10.0,38100.0,0.0,0.0,38100.0,3810.0
2024-10,9938,CoolerMaster MWE 750W V3 (MPE-7501-ACABW-3BUS) 80+ Bronze ATX 3.1 Power Supply,POWER SUPPLY,25.0,107950.0,0.0,0.0,107950.0,4318.0
2024-10,11598,Epson L3310 Multi Functional Integrated Ink Tank Printer,PRINTER AND SCANNER,2.0,18100.0,0.0,0.0,18100.0,9050.0
2024-10,11599,Epson L3350 Wi-Fi Multi Functional Integrated Ink Tank Printer,PRINTER AND SCANNER,1.0,10530.0,0.0,0.0,10530.0,10530.0
2024-10,2008,Canon Pixma TS207 Printer Inkjet,PRINTER AND SCANNER,1.0,2230.0,0.0,0.0,2230.0,2230.0
2024-10,10057,AMD Ryzen 9 9900X 4.4GHz AM5 Socket DDR5 Processor TTP,PROCESSOR,6.0,149700.0,0.0,0.0,149700.0,24950.0
2024-10,10102,AMD Ryzen 7 7700 Socket AM5 3.8GHz Processor MPK,PROCESSOR,11.0,131450.0,0.0,0.0,131450.0,11950.0
2024-10,10110,AMD Ryzen 5 5500GT 3.6GHz AM4 Socket DDR4 Processor MPK,PROCESSOR,13.0,105235.0,0.0,0.0,105235.0,8095.0
2024-10,10911,Intel Core i9-14900K Raptor Lake Socket LGA 1700 3.20GHz Processor MPK,PROCESSOR,11.0,351450.0,0.0,0.0,351450.0,31950.0
2024-10,10938,AMD Ryzen 5 8400F 4.2GHz AM5 Socket DDR5 Processor MPK,PROCESSOR,11.0,98450.0,0.0,0.0,98450.0,8950.0
2024-10,11064,AMD Ryzen 5 3400g 3.7ghz AM4 Socket DDR4 Processor MPK,PROCESSOR,11.0,41745.0,0.0,0.0,41745.0,3795.0
2024-10,11065,AMD Ryzen 7 8700F 4.1ghz AM5 Socket DDR5 Processor MPK,PROCESSOR,10.0,94500.0,0.0,0.0,94500.0,9450.0
2024-10,11592,Intel Core Ultra 7 processor 270K Plus LGA 1851 5.5Ghz Processor,PROCESSOR,12.0,251400.0,0.0,0.0,251400.0,20950.0
2024-10,4513,AMD Ryzen 5 5600X Socket AM4 3.7GHz Processor with Wraith Stealth Cooler MPK,PROCESSOR,8.0,71600.0,0.0,0.0,71600.0,8950.0
2024-10,5640,AMD Ryzen 5 5500 Socket Am4 3.6GHz Processor with AMD wraith cooler MPK,PROCESSOR,12.0,62400.0,0.0,0.0,62400.0,5200.0
2024-10,5663,AMD Ryzen 5 5600 Socket Am4 3.5GHz Processor with Wraith stealth cooler MPK,PROCESSOR,12.0,86400.0,0.0,0.0,86400.0,7200.0
2024-10,7098,AMD Ryzen 7 5700G Socket Am4 3.8GHz with Radeon Vega 8 wraith stealth cooler Processor MPK,PROCESSOR,9.0,110250.0,0.0,0.0,110250.0,12250.0
2024-10,7929,AMD Ryzen 7 5700X Socket AM4 3.4GHz Processor with AMD Wraith Stealth cooler MPK,PROCESSOR,15.0,149250.0,0.0,0.0,149250.0,9950.0
2024-10,8432,AMD Ryzen 3 3200g PRO Socket Am4 3.6ghz with Radeon Vega 8 Processor MPK,PROCESSOR,13.0,44135.0,0.0,0.0,44135.0,3395.0
2024-10,9608,AMD RYZEN 7 7800X3D Socket AM5 D5 5.0ghz with Radeon Graphics processor TTP,PROCESSOR,24.0,442800.0,0.0,0.0,442800.0,18450.0
2024-10,9614,AMD RYZEN 7 9800X3D Socket AM5 D5 5.2ghz with Radeon Graphics processor,PROCESSOR,10.0,279500.0,0.0,0.0,279500.0,27950.0
2024-10,9776,AMD Ryzen 5 5600GT 3.6GHz AM4 Socket DDR4 Processor MPK,PROCESSOR,10.0,91950.0,0.0,0.0,91950.0,9195.0
2024-10,9841,Intel Core i5-14400 4.7GHz LGA 1700 Processor MPK,PROCESSOR,9.0,107550.0,0.0,0.0,107550.0,11950.0
2024-10,10697,Lexar NQ100 256GB Solid State Drive SATA 2.5,SOLID STATE DRIVE,30.0,119850.0,0.0,0.0,119850.0,3995.0
2024-10,10797,Lexar NM620 1TB M.2 NVME Solid State Drive,SOLID STATE DRIVE,31.0,251100.0,0.0,0.0,251100.0,8100.0
2024-10,10804,Team Group MP33 512GB M.2 PCIe Gen3.0 x4 NVME 1.3 Solid State Drive,SOLID STATE DRIVE,25.0,156250.0,0.0,0.0,156250.0,6250.0
2024-10,11148,Teamgroup T-Force GA Pro 1TB NVMe M.2 Gen 5 Solid State Drive,SOLID STATE DRIVE,13.0,141050.0,0.0,0.0,141050.0,10850.0
2024-10,11152,Hiksemi Wave S 256B SATA 2.5 Solid State Drive,SOLID STATE DRIVE,26.0,87100.0,0.0,0.0,87100.0,3350.0
2024-10,11269,Hiksemi Wave P 256GB PCIE Gen3 M.2 Solid State Drive,SOLID STATE DRIVE,28.0,97860.0,0.0,0.0,97860.0,3495.0
2024-10,11323,ESGaming 512GB SATA 2.5 Solid State Drive,SOLID STATE DRIVE,26.0,114270.0,0.0,0.0,114270.0,4395.0
2024-10,11577,Apacer AS2280P4 512GB PCIe Gen 3x4 M.2 NVMe Solid State Drive,SOLID STATE DRIVE,12.0,63540.0,0.0,0.0,63540.0,5295.0
2024-10,1681,Team Group GX2 Solid State Drive 256gb SATA 2.5,SOLID STATE DRIVE,21.0,72450.0,0.0,0.0,72450.0,3450.0
2024-10,1909,Lexar NS10 Lite Solid State Drive 120gb SATA 2.5,SOLID STATE DRIVE,24.0,34800.0,0.0,0.0,34800.0,1450.0
2024-10,6856,Team Group MP33 256GB M.2 PCIe NVME Solid State Drive,SOLID STATE DRIVE,22.0,73700.0,0.0,0.0,73700.0,3350.0
2024-10,6936,Adata SU650 Solid State Drive 512GB SATA 2.5,SOLID STATE DRIVE,15.0,74925.0,0.0,0.0,74925.0,4995.0
2024-10,10856,Edifier ES20 Portable Bluetooth Speaker Ivory,SPEAKER,1.0,1685.0,0.0,0.0,1685.0,1685.0
2024-10,422,Edifier M1250 Usb Powered 2.0 Speaker,SPEAKER,1.0,650.0,0.0,0.0,650.0,650.0
2024-10,2991,APC Back-Ups BVX650I-PH 360 Watts 650va with Avr Universal Sockets Ups,UPS & AVR,9.0,19800.0,0.0,0.0,19800.0,2200.0
2024-10,36,Secure 220v Avr,UPS & AVR,14.0,3500.0,0.0,0.0,3500.0,250.0
2024-10,454,Secure 650va Ups,UPS & AVR,9.0,13050.0,0.0,0.0,13050.0,1450.0
2024-11,10653,RAKK Matik USB Gaming Headset LED Illuminated,AUDIO,6.0,1890.0,0.0,0.0,1890.0,315.0
2024-11,10952,EPOS Sennheiser Impact SC 260 ED Headset,AUDIO,4.0,5280.0,0.0,0.0,5280.0,1320.0
2024-11,10993,Logitech G PRO X Wired 7.1 Gaming Headset (League of Legends Edition),AUDIO,3.0,13650.0,0.0,0.0,13650.0,4550.0
2024-11,11507,Accutone UB210 Noise Cancelling Headset Black,AUDIO,4.0,6200.0,0.0,0.0,6200.0,1550.0
2024-11,11508,Accutone Sonar 280 Wireless & Wired Noise Cancelling Headset Black,AUDIO,9.0,18540.0,0.0,0.0,18540.0,2060.0
2024-11,11509,Accutone Converse 95 Noise Cancelling Headset Black,AUDIO,2.0,4640.0,0.0,0.0,4640.0,2320.0
2024-11,11510,Accutone Nexus 2000 MagSafe Speaker Blue,AUDIO,4.0,5000.0,0.0,0.0,5000.0,1250.0
2024-11,11511,Accutone Nexus 2000 MagSafe Speaker Gray,AUDIO,4.0,5000.0,0.0,0.0,5000.0,1250.0
2024-11,11512,Accutone Nexus 2000 MagSafe Speaker Pink,AUDIO,3.0,3750.0,0.0,0.0,3750.0,1250.0
2024-11,7652,RAKK SONIDO 7.1 Virtual Surround RGB Gaming Headset USB Black,AUDIO,2.0,1990.0,0.0,0.0,1990.0,995.0
2024-11,8581,Edifier W820NB Plus Active Noice Cancellation Bluetooth Stereo Wireless Headset Ivory,AUDIO,2.0,3700.0,0.0,0.0,3700.0,1850.0
2024-11,7824,Hikvision E-HWID 2.8MM Eco-HiWatch 2.mm IR Dome E-HWID,CAMERA,7.0,10150.0,0.0,0.0,10150.0,1450.0
2024-11,78,A4Tech KRS-8572 Usb Keyboard and Mouse Black,COMBO,52.0,26520.0,0.0,0.0,26520.0,510.0
2024-11,9301,RAKK APTAS ILLUMINATED / Membrane Keyboard and Mouse / No software / Rainbow lighting / Black,COMBO,42.0,11970.0,0.0,0.0,11970.0,285.0
2024-11,10370,DarkFlash Infinity 34 3in1 ARGB Chassis Fan Black,COOLING,4.0,4600.0,0.0,0.0,4600.0,1150.0
2024-11,10373,DarkFlash Infinity 34 Single ARGB Chassis Fan White,COOLING,4.0,1680.0,0.0,0.0,1680.0,420.0
2024-11,10386,MSI MAG COREFROZR AA13 ARGB CPU Air Cooler black,COOLING,10.0,11950.0,0.0,0.0,11950.0,1195.0
2024-11,10590,YGT Cyber-120IFB 3in1 ARGB Chassis Fan Black,COOLING,8.0,4400.0,0.0,0.0,4400.0,550.0
2024-11,10743,NZXT F120 RGB Duo Triple Pack (RF-D12TF-W1) with RGB Controller Chassis Fan White,COOLING,8.0,12000.0,0.0,0.0,12000.0,1500.0
2024-11,10839,CoolerMaster Hyper 212 3DHP ARGB CPU Air Cooler Black,COOLING,9.0,12555.0,0.0,0.0,12555.0,1395.0
2024-11,10858,DarkFlash E400 Plus Matrix Display CPU Air Cooler White,COOLING,5.0,8250.0,0.0,0.0,8250.0,1650.0
2024-11,10930,CoolerMaster MasterLiquid 240L Core Liquid Cooling Black,COOLING,18.0,66600.0,0.0,0.0,66600.0,3700.0
2024-11,10966,CoolerMaster V4 Alpha 3DHP CPU Air Cooler Black,COOLING,6.0,11370.0,0.0,0.0,11370.0,1895.0
2024-11,10990,BeQuiet Silent Wings 4 (BL094) 120mm PWM High Speed Single Chassis Fan Black,COOLING,11.0,13200.0,0.0,0.0,13200.0,1200.0
2024-11,11005,Asus AR120 ARGB PWM Single Chassis Fan Black,COOLING,5.0,750.0,0.0,0.0,750.0,150.0
2024-11,11159,Jungle Leopard Chill Arc 360mm ARGB Liquid Cooling Black,COOLING,8.0,87600.0,0.0,0.0,87600.0,10950.0
2024-11,11160,Jungle Leopard Chill Arc 360mm ARGB Liquid Cooling White,COOLING,7.0,79065.0,0.0,0.0,79065.0,11295.0
2024-11,11216,CoolerMaster MasterLiquid Core Nex 360 ARGB CPU Liquid Cooler Black,COOLING,7.0,31150.0,0.0,0.0,31150.0,4450.0
2024-11,6174,Deepcool TW-003 CPU Air Cooler,COOLING,12.0,4800.0,0.0,0.0,4800.0,400.0
2024-11,7,AMD Stock Heatsink Fan,COOLING,13.0,1820.0,0.0,0.0,1820.0,140.0
2024-11,7501,DarkFlash DM12 F Single ARGB Chassis Fan Black,COOLING,9.0,2115.0,0.0,0.0,2115.0,235.0
2024-11,7502,DarkFlash DM12 F Single ARGB Chassis Fan White,COOLING,11.0,3135.0,0.0,0.0,3135.0,285.0
2024-11,7505,DarkFlash Infinity24 Single ARGB Chassis Fan Black,COOLING,12.0,3420.0,0.0,0.0,3420.0,285.0
2024-11,9737,MSI MAG Coreliquid A13 240 CPU Liquid Cooler Black,COOLING,10.0,36500.0,0.0,0.0,36500.0,3650.0
2024-11,9835,MSI MAG Coreliquid A13 360 CPU Liquid Cooler Black,COOLING,6.0,25680.0,0.0,0.0,25680.0,4280.0
2024-11,9836,MSI MAG Coreliquid A13 360 CPU Liquid Cooler White,COOLING,11.0,45540.0,0.0,0.0,45540.0,4140.0
2024-11,10425,"ViewSonic VA24G1-H 24"" FHD 144Hz IPS Monitor",DISPLAY,3.0,12450.0,0.0,0.0,12450.0,4150.0
2024-11,10540,"ASUS ROG Strix XG27ACMES 27"" QHD 255Hz-OC Fast IPS Monitor",DISPLAY,3.0,47985.0,0.0,0.0,47985.0,15995.0
2024-11,10711,"ASUS TUF Gaming Series 5 VG259QMR5A 24.5"" FHD 310Hz(OC) Fast-IPS Monitor",DISPLAY,6.0,56970.0,0.0,0.0,56970.0,9495.0
2024-11,10836,"AOC 24G11ZE 23.8"" 240Hz OC FHD Fast IPS Monitor",DISPLAY,11.0,72545.0,0.0,0.0,72545.0,6595.0
2024-11,10918,"Philips 24E2G2200 23.8"" 144Hz IPS FHD Monitor",DISPLAY,13.0,54535.0,0.0,0.0,54535.0,4195.0
2024-11,10919,"Philips 27E2G2200 27"" 144Hz IPS FHD Monitor",DISPLAY,8.0,47960.0,0.0,0.0,47960.0,5995.0
2024-11,10940,"MSI MAG 245F X24 23.8"" 240Hz FHD Rapid IPS Monitor",DISPLAY,5.0,32250.0,0.0,0.0,32250.0,6450.0
2024-11,10941,"MSI MAG 272F X24 27"" 240Hz FHD Rapid IPS Monitor",DISPLAY,13.0,116350.0,0.0,0.0,116350.0,8950.0
2024-11,11074,"AOC 24B36XE 23.8"" FHD 144Hz IPS Monitor",DISPLAY,11.0,46750.0,0.0,0.0,46750.0,4250.0
2024-11,11127,"Nvision N2455GT-B 23.8"" FHD 144Hz IPS Monitor",DISPLAY,5.0,19750.0,0.0,0.0,19750.0,3950.0
2024-11,11151,"MSI MAG 275QF E20 27"" WQHD 200Hz Rapid IPS Monitor",DISPLAY,4.0,46000.0,0.0,0.0,46000.0,11500.0
2024-11,11208,"Gamdias Atlas HD24IF IV 23.8"" 240Hz FHD Fast IPS Monitor Black",DISPLAY,10.0,58700.0,0.0,0.0,58700.0,5870.0
2024-11,11258,"AOC Q27G4SL/WS 27"" QHD 320Hz Fast IPS HDR 400 Monitor",DISPLAY,8.0,110400.0,0.0,0.0,110400.0,13800.0
2024-11,11472,"MSI PRO MP251 E14L 24.5"" 144HZ FHD IPS Monitor",DISPLAY,11.0,47575.0,0.0,0.0,47575.0,4325.0
2024-11,11473,"Asus TUF Gaming VG259QM5A 24.5"" 240Hz IPS Gaming Monitor",DISPLAY,4.0,31580.0,0.0,0.0,31580.0,7895.0
2024-11,11528,"LG 24U411A-B 23.8"" 120Hz FHD IPS Monitor",DISPLAY,6.0,21900.0,0.0,0.0,21900.0,3650.0
2024-11,7785,Nvision N190V8 19' LED Monitor,DISPLAY,12.0,20400.0,0.0,0.0,20400.0,1700.0
2024-11,7786,"Nvision N200V8 20"" LED Monitor",DISPLAY,8.0,13720.0,0.0,0.0,13720.0,1715.0
2024-11,8060,"Nvision H22V8 21.5"" LED Monitor",DISPLAY,6.0,13440.0,0.0,0.0,13440.0,2240.0
2024-11,9904,"Viewsonic VX2479A-HD-PRO 24"" 240Hz FHD 1MS MPRT IPS HDR10 Gaming Monitor",DISPLAY,12.0,75960.0,0.0,0.0,75960.0,6330.0
2024-11,11003,RAKK SUKOG LITE 800x400x3mm Mousepad Black,GAMING SURFACE,16.0,3040.0,0.0,0.0,3040.0,190.0
2024-11,10053,ASUS Dual Nvidia Geforce RTX 3050 OC Edition (DUAL-RTX3050-O6G) 6GB 96-bit GDRR6 Videocard,GRAPHIC CARD,4.0,57800.0,0.0,0.0,57800.0,14450.0
2024-11,10072,MSI Nvidia GeForce RTX 5060 VENTUS 2X OC (G5060-8V2C) 8GB 128-bit GDDR7 Videocard,GRAPHIC CARD,10.0,245000.0,0.0,0.0,245000.0,24500.0
2024-11,10080,Gigabyte Nvidia GeForce RTX 5060 AERO OC (GV-N5060AERO-OC-8GD) 8GB 128-bit GDDR7 Videocard,GRAPHIC CARD,12.0,309000.0,0.0,0.0,309000.0,25750.0
2024-11,10152,MSI GeForce RTX 5070 Ti VENTUS 3X OC (G507T-16V3C) 16GB 256-bit GDDR7 Videocard,GRAPHIC CARD,6.0,395700.0,0.0,0.0,395700.0,65950.0
2024-11,10155,ASUS DUAL GeForce RTX 5060 (DUAL-RTX5060-8G) 8GB 128-bit GDDR7 Videocard,GRAPHIC CARD,7.0,174650.0,0.0,0.0,174650.0,24950.0
2024-11,10206,ASUS Dual RX 7600 EVO OC Edition DUAL-RX7600-O8G-EVO 8GB 128-bit GDDR6 Videocard,GRAPHIC CARD,13.0,298350.0,0.0,0.0,298350.0,22950.0
2024-11,10207,ASUS Prime AMD Radeon RX 9060 XT OC (PRIME-RX9060XT-O16G) 16GB 128-Bit GDDR6 Videocard,GRAPHIC CARD,11.0,384450.0,0.0,0.0,384450.0,34950.0
2024-11,10225,MSI Nvidia GeForce RTX 5060 SHADOW 2X OC (G5060-8S2C) 8GB 128-bit GDDR7 Videocard,GRAPHIC CARD,7.0,174650.0,0.0,0.0,174650.0,24950.0
2024-11,10660,MSI Nvidia GeForce RTX 5050 VENTUS 2X OC (G5050-8V2C) 128-bit GDDR6 Videocard,GRAPHIC CARD,9.0,179550.0,0.0,0.0,179550.0,19950.0
2024-11,11557,ASUS DUAL Nvidia GeForce RTX 5060 Ti OC Edition (DUAL-RTX5060TI-O8G) 8GB 128-bit GDDR7 Videocard,GRAPHIC CARD,4.0,115800.0,0.0,0.0,115800.0,28950.0
2024-11,11591,MSI GeForce RTX 5060 Ventus 2X OC v1 (G5060-8V2CV1) 8GB 128-bit GDDR7 Videocard,GRAPHIC CARD,2.0,51300.0,0.0,0.0,51300.0,25650.0
2024-11,11636,Colorful Nvidia GeForce RTX 3050 6GB V4-V 96-bit GDDR6 Videocard,GRAPHIC CARD,18.0,220500.0,0.0,0.0,220500.0,12250.0
2024-11,8396,MSI GEFORCE RTX 3050 VENTUS 2X OC 6GB 96-bit DDR6 Videocard,GRAPHIC CARD,6.0,85200.0,0.0,0.0,85200.0,14200.0
2024-11,9396,Biostar Rx 580 VA5815RQ82 Dual Cooling Fan 8gb 256bit GDdr5 Gaming Videocard,GRAPHIC CARD,9.0,71550.0,0.0,0.0,71550.0,7950.0
2024-11,9883,Asus Prime AMD Radeon RX 9070 OC (PRIME-RX9070-O16G) 16GB 256-Bit GDDR6 Videocard,GRAPHIC CARD,4.0,191800.0,0.0,0.0,191800.0,47950.0
2024-11,9967,MSI Nvidia GeForce RTX 5070 VENTUS 2X OC 12GB 192-bit GDDR7 Videocard,GRAPHIC CARD,3.0,140850.0,0.0,0.0,140850.0,46950.0
2024-11,160,Seagate 1tb ST1000DM010 Harddisk Drive,HARD DISK,1.0,3450.0,0.0,0.0,3450.0,3450.0
2024-11,11573,Aula S75 Pro RGB Gaming Mechanical Wireless Tri-Mode Keyboard Gradient Pink,KEYBOARD,30.0,73500.0,0.0,0.0,73500.0,2450.0
2024-11,4285,Fantech MAXPOWER MK853 Mechanical Gaming Keyboard White - BLUE Switch,KEYBOARD,21.0,31080.0,0.0,0.0,31080.0,1480.0
2024-11,11564,"Asus Vivobook 14 X1404VA-EB2200WSM 14.0"" FHD Intel Core 5 120U/8GB DDR5/512GB SSD/Win11 Laptop H&S+M365 + Laptop Bag",LAPTOP PR2,1.0,43995.0,0.0,0.0,43995.0,43995.0
2024-11,11583,"MSI Modern 14 F3HMG-039PHNN 14.0""FHD IPS Ryzen™ AI 5 330/8GB DDR5-5600/512GB*1 NVMe SSD PCIe Gen4/Win11 Laptop + OFC + Laptop Bag",LAPTOP PR2,3.0,143385.0,0.0,0.0,143385.0,47795.0
2024-11,11527,"Lenovo V15 G4 ABP 15.6"" FHD Ryzen 7-7730U/8GB DDR4/512GB NVMe SSD/Win11 Pro Laptop SE",LAPTOP PR3,5.0,199975.0,0.0,0.0,199975.0,39995.0
2024-11,11550,"Lenovo V15 G5 IRL 15.6"" Intel Core i5-13420H/16GB DDR5/512GB SSD Laptop/Win11 Laptop SE + Laptop Bag",LAPTOP PR3,6.0,269970.0,0.0,0.0,269970.0,44995.0
2024-11,10286,Lexar LD5S16G56C46ST-BGS 16GB 5600Mhz DDR5 Sodimm Memory,MEMORY,15.0,234000.0,0.0,0.0,234000.0,15600.0
2024-11,10789,Teamgroup Vulcan 16GB 8GBx2 6000Mhz CL38 DDR5 Memory,MEMORY,13.0,188500.0,0.0,0.0,188500.0,14500.0
2024-11,10905,Lexar Ares 8GB LD4U08G32C16LA-RGS 3200Mhz DDR4 RGB Memory Black,MEMORY,12.0,51000.0,0.0,0.0,51000.0,4250.0
2024-11,11052,Biostar Storming V 8GB 3200Mhz DDR4 Memory,MEMORY,8.0,33200.0,0.0,0.0,33200.0,4150.0
2024-11,11185,Crucial 16GB CT16G4SFRA32A 3200Mhz DDR4 Sodimm,MEMORY,15.0,123750.0,0.0,0.0,123750.0,8250.0
2024-11,11327,HKC PC 16gb 3200mhz DDR4 with Heatsink Memory Black,MEMORY,7.0,43365.0,0.0,0.0,43365.0,6195.0
2024-11,11444,FASPEED 8GB 3200Mhz DDR4 with Heatsink Memory,MEMORY,11.0,34650.0,0.0,0.0,34650.0,3150.0
2024-11,11450,HKC PC 8gb 3200mhz DDR4 with Heatsink Memory Black,MEMORY,13.0,44850.0,0.0,0.0,44850.0,3450.0
2024-11,11548,Hiksemi Future 16GB (16x1) HSC516U56C2 5600Mhz CL38 DDR5 Memory Black,MEMORY,16.0,239920.0,0.0,0.0,239920.0,14995.0
2024-11,1372,Ramsta 4gb 1x4 2666mhz Ddr4 Memory,MEMORY,14.0,7000.0,0.0,0.0,7000.0,500.0
2024-11,2489,Ramsta 4gb 1x4 2666mhz Ddr4 Sodimm Memory,MEMORY,17.0,6800.0,0.0,0.0,6800.0,400.0
2024-11,3150,Team Elite TForce Delta 16gb 2x8 3600mhz Ddr4 RGB Memory Black,MEMORY,5.0,45750.0,0.0,0.0,45750.0,9150.0
2024-11,3151,Team Elite TForce Delta 16gb 2x8 3600mhz Ddr4 RGB Memory White,MEMORY,10.0,91500.0,0.0,0.0,91500.0,9150.0
2024-11,4055,Team Elite Plus 8gb 1x8 3200Mhz Ddr4 Memory Black Gold,MEMORY,9.0,42750.0,0.0,0.0,42750.0,4750.0
2024-11,9324,KINGBANK 16GB 1x16 3200mhz DDR4 with Heatsink Memory Silver,MEMORY,12.0,89400.0,0.0,0.0,89400.0,7450.0
2024-11,11579,Y5Plus Intel Core i7 4650U / 8GB DDr3 / 128GB SSD / WIFI 5 DUAL / 4* USB 3.0 / 2* HDMI 2.0 / 1* RJ45 1000Mbps / 1* Type-C / Windows 11 Pro Mini PC,MINI PC,1.0,9950.0,0.0,0.0,9950.0,9950.0
2024-11,10295,Asus B650M-AYW Wifi DDR5 AMD Motherboard,MOTHERBOARD,16.0,116720.0,0.0,0.0,116720.0,7295.0
2024-11,10296,Asus Prime A520M-K/CSM AM4 AMD Motherboard,MOTHERBOARD,12.0,39540.0,0.0,0.0,39540.0,3295.0
2024-11,10647,ASUS PRIME B850M-A WIFI-CSM Socket AM5 DDR5 Motherboard,MOTHERBOARD,12.0,137940.0,0.0,0.0,137940.0,11495.0
2024-11,10675,MSI B650M GAMING WIFI AM5 DDR5 Motherboard,MOTHERBOARD,6.0,44370.0,0.0,0.0,44370.0,7395.0
2024-11,11556,Gigabyte B550M-K Socket Am4 Ddr4 Motherboard,MOTHERBOARD,17.0,84150.0,0.0,0.0,84150.0,4950.0
2024-11,11558,Asus B760M-AYW WIFI Socket LGA 1700 Ddr4 Motherboard,MOTHERBOARD,11.0,102850.0,0.0,0.0,102850.0,9350.0
2024-11,11593,Gigabyte B860M GAMING X WIFI6E LGA1851 Socket Ddr5 Motherboard,MOTHERBOARD,12.0,145140.0,0.0,0.0,145140.0,12095.0
2024-11,2756,MSI B550M Pro VDH Wifi Socket Am4 Ddr4 Motherboard,MOTHERBOARD,10.0,63500.0,0.0,0.0,63500.0,6350.0
2024-11,3367,MSI A520m-A Pro Socket Am4 Ddr4 Motherboard,MOTHERBOARD,15.0,48750.0,0.0,0.0,48750.0,3250.0
2024-11,4492,Asus Prime B550M-A Wifi II Socket Am4 Ddr4 Gaming Motherboard,MOTHERBOARD,26.0,167700.0,0.0,0.0,167700.0,6450.0
2024-11,7615,MSI B650M Project zero socket LGA AM5 DDR5 Motherboard,MOTHERBOARD,8.0,102800.0,0.0,0.0,102800.0,12850.0
2024-11,8617,Asrock A520M-HVS Socket Am4 DDR4 Motherboard,MOTHERBOARD,10.0,31500.0,0.0,0.0,31500.0,3150.0
2024-11,9385,Biostar A520MHP Socket Am4 DDR4 Motherboard,MOTHERBOARD,9.0,26055.0,0.0,0.0,26055.0,2895.0
2024-11,9759,MSI PRO X870-P WIFI Ddr5 AM5 Motherboard,MOTHERBOARD,6.0,107700.0,0.0,0.0,107700.0,17950.0
2024-11,9879,MSI B550M-A PRO Socket Am4 Ddr4 Motherboard,MOTHERBOARD,11.0,51150.0,0.0,0.0,51150.0,4650.0
2024-11,9970,Asus Prime B550M-K ARGB Socket Am4 Ddr4 Motherboard,MOTHERBOARD,13.0,63050.0,0.0,0.0,63050.0,4850.0
2024-11,10488,RAKK DASIG X3 Ambidextrous Hotswap Trimode PAW3311 Huano 80M RGB Gaming Mouse Black,MOUSE,8.0,7960.0,0.0,0.0,7960.0,995.0
2024-11,10489,RAKK DASIG X3 Ambidextrous Hotswap Trimode PAW3311 Huano 80M RGB Gaming Mouse White,MOUSE,8.0,7960.0,0.0,0.0,7960.0,995.0
2024-11,10776,RAKK TALAN AERO X PAW3395 8K Polling Omron Optical Trimode Lightweight 55g Gaming Mouse Black,MOUSE,6.0,13170.0,0.0,0.0,13170.0,2195.0
2024-11,10994,Logitech G 502X Wired Gaming Mouse White,MOUSE,6.0,18570.0,0.0,0.0,18570.0,3095.0
2024-11,3513,Logitech G102 Lightsync Gaming Mouse Black,MOUSE,12.0,11160.0,0.0,0.0,11160.0,930.0
2024-11,3700,Logitech G102 Lightsync Gaming Mouse White,MOUSE,6.0,5580.0,0.0,0.0,5580.0,930.0
2024-11,9299,RAKK DASIG LITE Huano Switch RGB Gaming Mouse,MOUSE,7.0,1960.0,0.0,0.0,1960.0,280.0
2024-11,11172,DITO Home WoWFi Lite 4G WiFi Router,NETWORK DEVICE,1.0,980.0,0.0,0.0,980.0,980.0
2024-11,11173,DITO Home WoWFi Pro 5G WiFi Router,NETWORK DEVICE,6.0,8940.0,0.0,0.0,8940.0,1490.0
2024-11,11356,TP-Link Archer BE220 Dual Band Wi-Fi 7 Router,NETWORK DEVICE,8.0,18000.0,0.0,0.0,18000.0,2250.0
2024-11,11460,ASUS RT-BE50 BE3600 Dual Band WiFi 7 Router,NETWORK DEVICE,2.0,5990.0,0.0,0.0,5990.0,2995.0
2024-11,130,Tp-Link TL-WA901ND Wireless N Access Point,NETWORK DEVICE,1.0,1894.0,0.0,0.0,1894.0,1894.0
2024-11,10146,MSI PANO 110R PZ Mid Tower Gaming PC Case Black,PC CASE,5.0,21000.0,0.0,0.0,21000.0,4200.0
2024-11,10518,NZXT H6 Flow CC-H61FW-01 Tempered Glass ATX PC Case White,PC CASE,9.0,39150.0,0.0,0.0,39150.0,4350.0
2024-11,10519,NZXT H7 Flow (2024) CM-H72FW-01 ATX PC Case White,PC CASE,8.0,37200.0,0.0,0.0,37200.0,4650.0
2024-11,10520,NZXT H7 Flow RGB (2024) CM-H72FB-R1 ATX PC Case Black,PC CASE,7.0,30450.0,0.0,0.0,30450.0,4350.0
2024-11,10668,CoolerMaster Elite 302 ARGB Micro ATX PC Case Black,PC CASE,13.0,38935.0,0.0,0.0,38935.0,2995.0
2024-11,10808,MSI PAG PANO M110A ARGB Micro ATX PC Case Black,PC CASE,9.0,22050.0,0.0,0.0,22050.0,2450.0
2024-11,10828,DarkFlash Floatron F1 Micro ATX PC Case Black & White,PC CASE,7.0,27965.0,0.0,0.0,27965.0,3995.0
2024-11,10928,CoolerMaster Qube 540 Moonstone ATX PC Case,PC CASE,5.0,19975.0,0.0,0.0,19975.0,3995.0
2024-11,10963,CoolerMaster Elite 600 ARGB ATX Mid Tower PC Case Black,PC CASE,14.0,74900.0,0.0,0.0,74900.0,5350.0
2024-11,10972,Asus A31 Tempered Glass Mid Tower ATX PC Case White,PC CASE,11.0,37400.0,0.0,0.0,37400.0,3400.0
2024-11,11002,RAKK TANAN MATX Tempered Glass with PSU and Fans,PC CASE,9.0,11655.0,0.0,0.0,11655.0,1295.0
2024-11,11068,DarkFlash M305 with 3 RGB Fan Micro ATX Tempered Glass Gaming PC Case Black,PC CASE,9.0,12555.0,0.0,0.0,12555.0,1395.0
2024-11,11102,YGT Mars 9 Micro ATX PC Case with PSU Black,PC CASE,13.0,10335.0,0.0,0.0,10335.0,795.0
2024-11,11131,Asus A21 Tempered Glass Micro ATX PC Case Black,PC CASE,4.0,11980.0,0.0,0.0,11980.0,2995.0
2024-11,11306,Gamdias Aura GC10 v2 ARGB Dual Chamber Micro ATX PC Case Black,PC CASE,11.0,27445.0,0.0,0.0,27445.0,2495.0
2024-11,11406,Cougar MX110 RGB Mid Tower Tempered Glass ATX PC Case Black,PC CASE,1.0,2350.0,0.0,0.0,2350.0,2350.0
2024-11,11546,YGT 420B Micro ATX PC Case Black,PC CASE,7.0,8750.0,0.0,0.0,8750.0,1250.0
2024-11,6579,InPlay Wind 01 Acrylic Side Panel Micro ATX PC Case,PC CASE,8.0,0.0,0.0,0.0,0.0,0.0
2024-11,7367,MSI MAG Forge M100A Auto RGB Micro ATX PC Case Black,PC CASE,6.0,13140.0,0.0,0.0,13140.0,2190.0
2024-11,9897,YGT V100 Micro ATX PC Case with PSU White,PC CASE,8.0,7120.0,0.0,0.0,7120.0,890.0
2024-11,9973,MSI MAG PANO 100R Project Zero Micro ATX PC Case Black,PC CASE,5.0,33250.0,0.0,0.0,33250.0,6650.0
2024-11,10052,Asus Prime 650W 80+ Bronze Power Supply,POWER SUPPLY,9.0,32850.0,0.0,0.0,32850.0,3650.0
2024-11,10208,Asus Prime AP-850W 80+ Gold Full Modular Power Supply,POWER SUPPLY,9.0,67455.0,0.0,0.0,67455.0,7495.0
2024-11,10376,ASRock Pro-650B 650W 80+ Bronze Non-Modular ATX 3.1 Power Supply,POWER SUPPLY,7.0,18550.0,0.0,0.0,18550.0,2650.0
2024-11,10679,ASRock Steel Legend SL-1000G 1000W 80+ Gold Cybenetics Gold ATX 3.1 Full Modular Power Supply,POWER SUPPLY,9.0,85050.0,0.0,0.0,85050.0,9450.0
2024-11,11266,Acer AC-500 500W Non-Modular 80+ Bronze Power Supply Black,POWER SUPPLY,17.0,21250.0,0.0,0.0,21250.0,1250.0
2024-11,11267,Acer AC-650 650W Non-Modular 80+ Bronze Power Supply Black,POWER SUPPLY,10.0,17890.0,0.0,0.0,17890.0,1789.0
2024-11,11332,Acer AC-750 750W Non-Modular 80+ Bronze Power Supply Black,POWER SUPPLY,13.0,27300.0,0.0,0.0,27300.0,2100.0
2024-11,176,Intelligent 700 watts Power Supply,POWER SUPPLY,6.0,2700.0,0.0,0.0,2700.0,450.0
2024-11,4079,MSI MAG A650BN 650Watts 80+ Non-Modular Power Supply Bronze,POWER SUPPLY,7.0,23065.0,0.0,0.0,23065.0,3295.0
2024-11,4080,MSI MAG A550BN 550Watts 80+ Non-Modular Power Supply Bronze,POWER SUPPLY,8.0,22840.0,0.0,0.0,22840.0,2855.0
2024-11,6242,MSI MAG A600DN 600W 80+ Power Supply,POWER SUPPLY,20.0,55300.0,0.0,0.0,55300.0,2765.0
2024-11,7838,MSI MAG A850GL 850Watts PCIE5 80+ Full Modular Power Supply Gold Black,POWER SUPPLY,11.0,79530.0,0.0,0.0,79530.0,7230.0
2024-11,8542,Acer AC-550 550w Full Modular 80plus Bronze Power Supply,POWER SUPPLY,7.0,10045.0,0.0,0.0,10045.0,1435.0
2024-11,8543,Acer AC-650 650w Full Modular  80plus Bronze Power Supply,POWER SUPPLY,13.0,26715.0,0.0,0.0,26715.0,2055.0
2024-11,9703,CoolerMaster MWE 650W V3 (MPE-6501-ACABW-3BUS) 80+ Bronze ATX 3.1 Power Supply,POWER SUPPLY,9.0,34290.0,0.0,0.0,34290.0,3810.0
2024-11,9938,CoolerMaster MWE 750W V3 (MPE-7501-ACABW-3BUS) 80+ Bronze ATX 3.1 Power Supply,POWER SUPPLY,4.0,17272.0,0.0,0.0,17272.0,4318.0
2024-11,11599,Epson L3350 Wi-Fi Multi Functional Integrated Ink Tank Printer,PRINTER AND SCANNER,4.0,42120.0,0.0,0.0,42120.0,10530.0
2024-11,2008,Canon Pixma TS207 Printer Inkjet,PRINTER AND SCANNER,2.0,4460.0,0.0,0.0,4460.0,2230.0
2024-11,3940,Epson L121 Ink Tank Printer,PRINTER AND SCANNER,1.0,5450.0,0.0,0.0,5450.0,5450.0
2024-11,10057,AMD Ryzen 9 9900X 4.4GHz AM5 Socket DDR5 Processor TTP,PROCESSOR,4.0,99800.0,0.0,0.0,99800.0,24950.0
2024-11,10102,AMD Ryzen 7 7700 Socket AM5 3.8GHz Processor MPK,PROCESSOR,10.0,119500.0,0.0,0.0,119500.0,11950.0
2024-11,10110,AMD Ryzen 5 5500GT 3.6GHz AM4 Socket DDR4 Processor MPK,PROCESSOR,5.0,40475.0,0.0,0.0,40475.0,8095.0
2024-11,10911,Intel Core i9-14900K Raptor Lake Socket LGA 1700 3.20GHz Processor MPK,PROCESSOR,15.0,479250.0,0.0,0.0,479250.0,31950.0
2024-11,10938,AMD Ryzen 5 8400F 4.2GHz AM5 Socket DDR5 Processor MPK,PROCESSOR,10.0,89500.0,0.0,0.0,89500.0,8950.0
2024-11,11064,AMD Ryzen 5 3400g 3.7ghz AM4 Socket DDR4 Processor MPK,PROCESSOR,7.0,26565.0,0.0,0.0,26565.0,3795.0
2024-11,11065,AMD Ryzen 7 8700F 4.1ghz AM5 Socket DDR5 Processor MPK,PROCESSOR,9.0,85050.0,0.0,0.0,85050.0,9450.0
2024-11,11592,Intel Core Ultra 7 processor 270K Plus LGA 1851 5.5Ghz Processor,PROCESSOR,14.0,293300.0,0.0,0.0,293300.0,20950.0
2024-11,4513,AMD Ryzen 5 5600X Socket AM4 3.7GHz Processor with Wraith Stealth Cooler MPK,PROCESSOR,10.0,89500.0,0.0,0.0,89500.0,8950.0
2024-11,5640,AMD Ryzen 5 5500 Socket Am4 3.6GHz Processor with AMD wraith cooler MPK,PROCESSOR,5.0,26000.0,0.0,0.0,26000.0,5200.0
2024-11,5663,AMD Ryzen 5 5600 Socket Am4 3.5GHz Processor with Wraith stealth cooler MPK,PROCESSOR,13.0,93600.0,0.0,0.0,93600.0,7200.0
2024-11,7098,AMD Ryzen 7 5700G Socket Am4 3.8GHz with Radeon Vega 8 wraith stealth cooler Processor MPK,PROCESSOR,9.0,110250.0,0.0,0.0,110250.0,12250.0
2024-11,7929,AMD Ryzen 7 5700X Socket AM4 3.4GHz Processor with AMD Wraith Stealth cooler MPK,PROCESSOR,7.0,69650.0,0.0,0.0,69650.0,9950.0
2024-11,8432,AMD Ryzen 3 3200g PRO Socket Am4 3.6ghz with Radeon Vega 8 Processor MPK,PROCESSOR,11.0,37345.0,0.0,0.0,37345.0,3395.0
2024-11,9608,AMD RYZEN 7 7800X3D Socket AM5 D5 5.0ghz with Radeon Graphics processor TTP,PROCESSOR,9.0,166050.0,0.0,0.0,166050.0,18450.0
2024-11,9614,AMD RYZEN 7 9800X3D Socket AM5 D5 5.2ghz with Radeon Graphics processor,PROCESSOR,16.0,447200.0,0.0,0.0,447200.0,27950.0
2024-11,9776,AMD Ryzen 5 5600GT 3.6GHz AM4 Socket DDR4 Processor MPK,PROCESSOR,16.0,147120.0,0.0,0.0,147120.0,9195.0
2024-11,9841,Intel Core i5-14400 4.7GHz LGA 1700 Processor MPK,PROCESSOR,7.0,83650.0,0.0,0.0,83650.0,11950.0
2024-11,10697,Lexar NQ100 256GB Solid State Drive SATA 2.5,SOLID STATE DRIVE,22.0,87890.0,0.0,0.0,87890.0,3995.0
2024-11,10797,Lexar NM620 1TB M.2 NVME Solid State Drive,SOLID STATE DRIVE,26.0,210600.0,0.0,0.0,210600.0,8100.0
2024-11,10804,Team Group MP33 512GB M.2 PCIe Gen3.0 x4 NVME 1.3 Solid State Drive,SOLID STATE DRIVE,17.0,106250.0,0.0,0.0,106250.0,6250.0
2024-11,11148,Teamgroup T-Force GA Pro 1TB NVMe M.2 Gen 5 Solid State Drive,SOLID STATE DRIVE,23.0,249550.0,0.0,0.0,249550.0,10850.0
2024-11,11152,Hiksemi Wave S 256B SATA 2.5 Solid State Drive,SOLID STATE DRIVE,16.0,53600.0,0.0,0.0,53600.0,3350.0
2024-11,11269,Hiksemi Wave P 256GB PCIE Gen3 M.2 Solid State Drive,SOLID STATE DRIVE,22.0,76890.0,0.0,0.0,76890.0,3495.0
2024-11,11323,ESGaming 512GB SATA 2.5 Solid State Drive,SOLID STATE DRIVE,23.0,101085.0,0.0,0.0,101085.0,4395.0
2024-11,11577,Apacer AS2280P4 512GB PCIe Gen 3x4 M.2 NVMe Solid State Drive,SOLID STATE DRIVE,13.0,68835.0,0.0,0.0,68835.0,5295.0
2024-11,1681,Team Group GX2 Solid State Drive 256gb SATA 2.5,SOLID STATE DRIVE,10.0,34500.0,0.0,0.0,34500.0,3450.0
2024-11,1909,Lexar NS10 Lite Solid State Drive 120gb SATA 2.5,SOLID STATE DRIVE,21.0,30450.0,0.0,0.0,30450.0,1450.0
2024-11,6856,Team Group MP33 256GB M.2 PCIe NVME Solid State Drive,SOLID STATE DRIVE,11.0,36850.0,0.0,0.0,36850.0,3350.0
2024-11,6936,Adata SU650 Solid State Drive 512GB SATA 2.5,SOLID STATE DRIVE,24.0,119880.0,0.0,0.0,119880.0,4995.0
2024-11,10833,"ORTIZAN C7 Dual-Mode 2.0 Studio Monitors, Active Monitor Speakers, White",SPEAKER,1.0,3195.0,0.0,0.0,3195.0,3195.0
2024-11,10856,Edifier ES20 Portable Bluetooth Speaker Ivory,SPEAKER,1.0,1685.0,0.0,0.0,1685.0,1685.0
2024-11,2991,APC Back-Ups BVX650I-PH 360 Watts 650va with Avr Universal Sockets Ups,UPS & AVR,10.0,22000.0,0.0,0.0,22000.0,2200.0
2024-11,36,Secure 220v Avr,UPS & AVR,6.0,1500.0,0.0,0.0,1500.0,250.0
2024-11,454,Secure 650va Ups,UPS & AVR,5.0,7250.0,0.0,0.0,7250.0,1450.0
2024-12,7374,RAKK PRIYO Cushion Foam Pair,ACCESSORIES,1.0,1.0,0.0,0.0,1.0,1.0
2024-12,10653,RAKK Matik USB Gaming Headset LED Illuminated,AUDIO,7.0,2205.0,0.0,0.0,2205.0,315.0
2024-12,10952,EPOS Sennheiser Impact SC 260 ED Headset,AUDIO,4.0,5280.0,0.0,0.0,5280.0,1320.0
2024-12,10991,Logitech G PRO X Wired 7.1 Gaming Headset,AUDIO,5.0,22750.0,0.0,0.0,22750.0,4550.0
2024-12,10993,Logitech G PRO X Wired 7.1 Gaming Headset (League of Legends Edition),AUDIO,3.0,13650.0,0.0,0.0,13650.0,4550.0
2024-12,11507,Accutone UB210 Noise Cancelling Headset Black,AUDIO,3.0,4650.0,0.0,0.0,4650.0,1550.0
2024-12,11508,Accutone Sonar 280 Wireless & Wired Noise Cancelling Headset Black,AUDIO,1.0,2060.0,0.0,0.0,2060.0,2060.0
2024-12,11509,Accutone Converse 95 Noise Cancelling Headset Black,AUDIO,3.0,6960.0,0.0,0.0,6960.0,2320.0
2024-12,11510,Accutone Nexus 2000 MagSafe Speaker Blue,AUDIO,3.0,3750.0,0.0,0.0,3750.0,1250.0
2024-12,11511,Accutone Nexus 2000 MagSafe Speaker Gray,AUDIO,4.0,5000.0,0.0,0.0,5000.0,1250.0
2024-12,11512,Accutone Nexus 2000 MagSafe Speaker Pink,AUDIO,4.0,5000.0,0.0,0.0,5000.0,1250.0
2024-12,11612,Accutone UB101 Stereo USB Headset Black,AUDIO,2.0,690.0,0.0,0.0,690.0,345.0
2024-12,7652,RAKK SONIDO 7.1 Virtual Surround RGB Gaming Headset USB Black,AUDIO,6.0,5970.0,0.0,0.0,5970.0,995.0
2024-12,8581,Edifier W820NB Plus Active Noice Cancellation Bluetooth Stereo Wireless Headset Ivory,AUDIO,2.0,3700.0,0.0,0.0,3700.0,1850.0
2024-12,11140,Ad-Link CABLE (HDMI BLUEMESH V1.4) 10M,CABLES AND ADAPTERS,1.0,350.0,0.0,0.0,350.0,350.0
2024-12,7824,Hikvision E-HWID 2.8MM Eco-HiWatch 2.mm IR Dome E-HWID,CAMERA,3.0,4350.0,0.0,0.0,4350.0,1450.0
2024-12,78,A4Tech KRS-8572 Usb Keyboard and Mouse Black,COMBO,62.0,31620.0,0.0,0.0,31620.0,510.0
2024-12,9301,RAKK APTAS ILLUMINATED / Membrane Keyboard and Mouse / No software / Rainbow lighting / Black,COMBO,40.0,11400.0,0.0,0.0,11400.0,285.0
2024-12,10370,DarkFlash Infinity 34 3in1 ARGB Chassis Fan Black,COOLING,15.0,17250.0,0.0,0.0,17250.0,1150.0
2024-12,10373,DarkFlash Infinity 34 Single ARGB Chassis Fan White,COOLING,13.0,5460.0,0.0,0.0,5460.0,420.0
2024-12,10386,MSI MAG COREFROZR AA13 ARGB CPU Air Cooler black,COOLING,11.0,13145.0,0.0,0.0,13145.0,1195.0
2024-12,10590,YGT Cyber-120IFB 3in1 ARGB Chassis Fan Black,COOLING,12.0,6600.0,0.0,0.0,6600.0,550.0
2024-12,10743,NZXT F120 RGB Duo Triple Pack (RF-D12TF-W1) with RGB Controller Chassis Fan White,COOLING,7.0,10500.0,0.0,0.0,10500.0,1500.0
2024-12,10839,CoolerMaster Hyper 212 3DHP ARGB CPU Air Cooler Black,COOLING,14.0,19530.0,0.0,0.0,19530.0,1395.0
2024-12,10858,DarkFlash E400 Plus Matrix Display CPU Air Cooler White,COOLING,9.0,14850.0,0.0,0.0,14850.0,1650.0
2024-12,10930,CoolerMaster MasterLiquid 240L Core Liquid Cooling Black,COOLING,12.0,44400.0,0.0,0.0,44400.0,3700.0
2024-12,10966,CoolerMaster V4 Alpha 3DHP CPU Air Cooler Black,COOLING,18.0,34110.0,0.0,0.0,34110.0,1895.0
2024-12,10990,BeQuiet Silent Wings 4 (BL094) 120mm PWM High Speed Single Chassis Fan Black,COOLING,14.0,16800.0,0.0,0.0,16800.0,1200.0
2024-12,11005,Asus AR120 ARGB PWM Single Chassis Fan Black,COOLING,12.0,1800.0,0.0,0.0,1800.0,150.0
2024-12,11159,Jungle Leopard Chill Arc 360mm ARGB Liquid Cooling Black,COOLING,12.0,131400.0,0.0,0.0,131400.0,10950.0
2024-12,11160,Jungle Leopard Chill Arc 360mm ARGB Liquid Cooling White,COOLING,11.0,124245.0,0.0,0.0,124245.0,11295.0
2024-12,11216,CoolerMaster MasterLiquid Core Nex 360 ARGB CPU Liquid Cooler Black,COOLING,7.0,31150.0,0.0,0.0,31150.0,4450.0
2024-12,6174,Deepcool TW-003 CPU Air Cooler,COOLING,17.0,6800.0,0.0,0.0,6800.0,400.0
2024-12,7,AMD Stock Heatsink Fan,COOLING,5.0,700.0,0.0,0.0,700.0,140.0
2024-12,7501,DarkFlash DM12 F Single ARGB Chassis Fan Black,COOLING,9.0,2115.0,0.0,0.0,2115.0,235.0
2024-12,7502,DarkFlash DM12 F Single ARGB Chassis Fan White,COOLING,6.0,1710.0,0.0,0.0,1710.0,285.0
2024-12,7505,DarkFlash Infinity24 Single ARGB Chassis Fan Black,COOLING,5.0,1425.0,0.0,0.0,1425.0,285.0
2024-12,9737,MSI MAG Coreliquid A13 240 CPU Liquid Cooler Black,COOLING,10.0,36500.0,0.0,0.0,36500.0,3650.0
2024-12,9835,MSI MAG Coreliquid A13 360 CPU Liquid Cooler Black,COOLING,6.0,25680.0,0.0,0.0,25680.0,4280.0
2024-12,9836,MSI MAG Coreliquid A13 360 CPU Liquid Cooler White,COOLING,9.0,37260.0,0.0,0.0,37260.0,4140.0
2024-12,10425,"ViewSonic VA24G1-H 24"" FHD 144Hz IPS Monitor",DISPLAY,10.0,41500.0,0.0,0.0,41500.0,4150.0
2024-12,10540,"ASUS ROG Strix XG27ACMES 27"" QHD 255Hz-OC Fast IPS Monitor",DISPLAY,9.0,143955.0,0.0,0.0,143955.0,15995.0
2024-12,10711,"ASUS TUF Gaming Series 5 VG259QMR5A 24.5"" FHD 310Hz(OC) Fast-IPS Monitor",DISPLAY,13.0,123435.0,0.0,0.0,123435.0,9495.0
2024-12,10836,"AOC 24G11ZE 23.8"" 240Hz OC FHD Fast IPS Monitor",DISPLAY,11.0,72545.0,0.0,0.0,72545.0,6595.0
2024-12,10918,"Philips 24E2G2200 23.8"" 144Hz IPS FHD Monitor",DISPLAY,5.0,20975.0,0.0,0.0,20975.0,4195.0
2024-12,10919,"Philips 27E2G2200 27"" 144Hz IPS FHD Monitor",DISPLAY,6.0,35970.0,0.0,0.0,35970.0,5995.0
2024-12,10940,"MSI MAG 245F X24 23.8"" 240Hz FHD Rapid IPS Monitor",DISPLAY,8.0,51600.0,0.0,0.0,51600.0,6450.0
2024-12,10941,"MSI MAG 272F X24 27"" 240Hz FHD Rapid IPS Monitor",DISPLAY,7.0,62650.0,0.0,0.0,62650.0,8950.0
2024-12,11074,"AOC 24B36XE 23.8"" FHD 144Hz IPS Monitor",DISPLAY,8.0,34000.0,0.0,0.0,34000.0,4250.0
2024-12,11127,"Nvision N2455GT-B 23.8"" FHD 144Hz IPS Monitor",DISPLAY,10.0,39500.0,0.0,0.0,39500.0,3950.0
2024-12,11151,"MSI MAG 275QF E20 27"" WQHD 200Hz Rapid IPS Monitor",DISPLAY,13.0,149500.0,0.0,0.0,149500.0,11500.0
2024-12,11208,"Gamdias Atlas HD24IF IV 23.8"" 240Hz FHD Fast IPS Monitor Black",DISPLAY,17.0,99790.0,0.0,0.0,99790.0,5870.0
2024-12,11258,"AOC Q27G4SL/WS 27"" QHD 320Hz Fast IPS HDR 400 Monitor",DISPLAY,6.0,82800.0,0.0,0.0,82800.0,13800.0
2024-12,11472,"MSI PRO MP251 E14L 24.5"" 144HZ FHD IPS Monitor",DISPLAY,12.0,51900.0,0.0,0.0,51900.0,4325.0
2024-12,11473,"Asus TUF Gaming VG259QM5A 24.5"" 240Hz IPS Gaming Monitor",DISPLAY,13.0,102635.0,0.0,0.0,102635.0,7895.0
2024-12,11528,"LG 24U411A-B 23.8"" 120Hz FHD IPS Monitor",DISPLAY,4.0,14600.0,0.0,0.0,14600.0,3650.0
2024-12,7785,Nvision N190V8 19' LED Monitor,DISPLAY,9.0,15300.0,0.0,0.0,15300.0,1700.0
2024-12,7786,"Nvision N200V8 20"" LED Monitor",DISPLAY,11.0,18865.0,0.0,0.0,18865.0,1715.0
2024-12,8060,"Nvision H22V8 21.5"" LED Monitor",DISPLAY,9.0,20160.0,0.0,0.0,20160.0,2240.0
2024-12,9904,"Viewsonic VX2479A-HD-PRO 24"" 240Hz FHD 1MS MPRT IPS HDR10 Gaming Monitor",DISPLAY,5.0,31650.0,0.0,0.0,31650.0,6330.0
2024-12,11003,RAKK SUKOG LITE 800x400x3mm Mousepad Black,GAMING SURFACE,14.0,2660.0,0.0,0.0,2660.0,190.0
2024-12,10053,ASUS Dual Nvidia Geforce RTX 3050 OC Edition (DUAL-RTX3050-O6G) 6GB 96-bit GDRR6 Videocard,GRAPHIC CARD,3.0,43350.0,0.0,0.0,43350.0,14450.0
2024-12,10072,MSI Nvidia GeForce RTX 5060 VENTUS 2X OC (G5060-8V2C) 8GB 128-bit GDDR7 Videocard,GRAPHIC CARD,14.0,343000.0,0.0,0.0,343000.0,24500.0
2024-12,10080,Gigabyte Nvidia GeForce RTX 5060 AERO OC (GV-N5060AERO-OC-8GD) 8GB 128-bit GDDR7 Videocard,GRAPHIC CARD,5.0,128750.0,0.0,0.0,128750.0,25750.0
2024-12,10152,MSI GeForce RTX 5070 Ti VENTUS 3X OC (G507T-16V3C) 16GB 256-bit GDDR7 Videocard,GRAPHIC CARD,6.0,395700.0,0.0,0.0,395700.0,65950.0
2024-12,10155,ASUS DUAL GeForce RTX 5060 (DUAL-RTX5060-8G) 8GB 128-bit GDDR7 Videocard,GRAPHIC CARD,10.0,249500.0,0.0,0.0,249500.0,24950.0
2024-12,10206,ASUS Dual RX 7600 EVO OC Edition DUAL-RX7600-O8G-EVO 8GB 128-bit GDDR6 Videocard,GRAPHIC CARD,6.0,137700.0,0.0,0.0,137700.0,22950.0
2024-12,10207,ASUS Prime AMD Radeon RX 9060 XT OC (PRIME-RX9060XT-O16G) 16GB 128-Bit GDDR6 Videocard,GRAPHIC CARD,11.0,384450.0,0.0,0.0,384450.0,34950.0
2024-12,10225,MSI Nvidia GeForce RTX 5060 SHADOW 2X OC (G5060-8S2C) 8GB 128-bit GDDR7 Videocard,GRAPHIC CARD,6.0,149700.0,0.0,0.0,149700.0,24950.0
2024-12,10660,MSI Nvidia GeForce RTX 5050 VENTUS 2X OC (G5050-8V2C) 128-bit GDDR6 Videocard,GRAPHIC CARD,6.0,119700.0,0.0,0.0,119700.0,19950.0
2024-12,11557,ASUS DUAL Nvidia GeForce RTX 5060 Ti OC Edition (DUAL-RTX5060TI-O8G) 8GB 128-bit GDDR7 Videocard,GRAPHIC CARD,7.0,202650.0,0.0,0.0,202650.0,28950.0
2024-12,11591,MSI GeForce RTX 5060 Ventus 2X OC v1 (G5060-8V2CV1) 8GB 128-bit GDDR7 Videocard,GRAPHIC CARD,16.0,410400.0,0.0,0.0,410400.0,25650.0
2024-12,11636,Colorful Nvidia GeForce RTX 3050 6GB V4-V 96-bit GDDR6 Videocard,GRAPHIC CARD,10.0,122500.0,0.0,0.0,122500.0,12250.0
2024-12,8396,MSI GEFORCE RTX 3050 VENTUS 2X OC 6GB 96-bit DDR6 Videocard,GRAPHIC CARD,5.0,71000.0,0.0,0.0,71000.0,14200.0
2024-12,9396,Biostar Rx 580 VA5815RQ82 Dual Cooling Fan 8gb 256bit GDdr5 Gaming Videocard,GRAPHIC CARD,14.0,111300.0,0.0,0.0,111300.0,7950.0
2024-12,9883,Asus Prime AMD Radeon RX 9070 OC (PRIME-RX9070-O16G) 16GB 256-Bit GDDR6 Videocard,GRAPHIC CARD,7.0,335650.0,0.0,0.0,335650.0,47950.0
2024-12,9967,MSI Nvidia GeForce RTX 5070 VENTUS 2X OC 12GB 192-bit GDDR7 Videocard,GRAPHIC CARD,12.0,563400.0,0.0,0.0,563400.0,46950.0
2024-12,160,Seagate 1tb ST1000DM010 Harddisk Drive,HARD DISK,1.0,3450.0,0.0,0.0,3450.0,3450.0
2024-12,11573,Aula S75 Pro RGB Gaming Mechanical Wireless Tri-Mode Keyboard Gradient Pink,KEYBOARD,24.0,58800.0,0.0,0.0,58800.0,2450.0
2024-12,4285,Fantech MAXPOWER MK853 Mechanical Gaming Keyboard White - BLUE Switch,KEYBOARD,26.0,38480.0,0.0,0.0,38480.0,1480.0
2024-12,11464,"MSI Cyborg 15 A13VE-2453PHNN 15.6"" FHD IPS 144Hz Intel Core i5-13420H/8GB DDR5-5200/512GB NVMe SSD PCIe Gen4/RTX 4050 6GD6/Win11 Laptop",LAPTOP GA2,1.0,58995.0,0.0,0.0,58995.0,58995.0
2024-12,9998,"Gigabyte Gaming A16 CMHH2PH893SH 16.0"" WUXGA 165Hz Intel Core i5-13420H/16GB DDR5/512GB 2x M.2 SSD/ RTX 4050 6GB/Win11Laptop",LAPTOP GA2,5.0,314975.0,0.0,0.0,314975.0,62995.0
2024-12,10205,"Gigabyte Gaming A16 CTHI3PH893SH 16.0"" WUXGA 165Hz Intel Core i7-13620H/16GB DDR5/512GB  2x M.2 SSD/RTX 5050 8GD7/Win11 Laptop",LAPTOP GA3,1.0,68995.0,0.0,0.0,68995.0,68995.0
2024-12,11552,"Asus Vivobook Go 15 E1504FA-BQ5585WSM 15.6""FHD IPS Ryzen 5-40/8GB LPDDR5/512GB M.2 NVMe PCIe 3.0 SSD/Win11 Laptop + HS M365",LAPTOP PR2,1.0,39995.0,0.0,0.0,39995.0,39995.0
2024-12,11461,"MSI Modern 14 F1MG-887PHNN 14.0""FHD IPS Intel Core 7 150U/8GB+8GB DDR4-3200/512GB*1 NVMe SSD PCIe Gen4/Win11 Laptop + OFC + Laptop Bag",LAPTOP PR3,7.0,377965.0,0.0,0.0,377965.0,53995.0
2024-12,11527,"Lenovo V15 G4 ABP 15.6"" FHD Ryzen 7-7730U/8GB DDR4/512GB NVMe SSD/Win11 Pro Laptop SE",LAPTOP PR3,1.0,39995.0,0.0,0.0,39995.0,39995.0
2024-12,11550,"Lenovo V15 G5 IRL 15.6"" Intel Core i5-13420H/16GB DDR5/512GB SSD Laptop/Win11 Laptop SE + Laptop Bag",LAPTOP PR3,2.0,89990.0,0.0,0.0,89990.0,44995.0
2024-12,10286,Lexar LD5S16G56C46ST-BGS 16GB 5600Mhz DDR5 Sodimm Memory,MEMORY,14.0,218400.0,0.0,0.0,218400.0,15600.0
2024-12,10789,Teamgroup Vulcan 16GB 8GBx2 6000Mhz CL38 DDR5 Memory,MEMORY,18.0,261000.0,0.0,0.0,261000.0,14500.0
2024-12,10905,Lexar Ares 8GB LD4U08G32C16LA-RGS 3200Mhz DDR4 RGB Memory Black,MEMORY,16.0,68000.0,0.0,0.0,68000.0,4250.0
2024-12,11052,Biostar Storming V 8GB 3200Mhz DDR4 Memory,MEMORY,14.0,58100.0,0.0,0.0,58100.0,4150.0
2024-12,11185,Crucial 16GB CT16G4SFRA32A 3200Mhz DDR4 Sodimm,MEMORY,19.0,156750.0,0.0,0.0,156750.0,8250.0
2024-12,11327,HKC PC 16gb 3200mhz DDR4 with Heatsink Memory Black,MEMORY,13.0,80535.0,0.0,0.0,80535.0,6195.0
2024-12,11444,FASPEED 8GB 3200Mhz DDR4 with Heatsink Memory,MEMORY,22.0,69300.0,0.0,0.0,69300.0,3150.0
2024-12,11450,HKC PC 8gb 3200mhz DDR4 with Heatsink Memory Black,MEMORY,11.0,37950.0,0.0,0.0,37950.0,3450.0
2024-12,11548,Hiksemi Future 16GB (16x1) HSC516U56C2 5600Mhz CL38 DDR5 Memory Black,MEMORY,18.0,269910.0,0.0,0.0,269910.0,14995.0
2024-12,1372,Ramsta 4gb 1x4 2666mhz Ddr4 Memory,MEMORY,11.0,5500.0,0.0,0.0,5500.0,500.0
2024-12,2489,Ramsta 4gb 1x4 2666mhz Ddr4 Sodimm Memory,MEMORY,13.0,5200.0,0.0,0.0,5200.0,400.0
2024-12,3150,Team Elite TForce Delta 16gb 2x8 3600mhz Ddr4 RGB Memory Black,MEMORY,15.0,137250.0,0.0,0.0,137250.0,9150.0
2024-12,3151,Team Elite TForce Delta 16gb 2x8 3600mhz Ddr4 RGB Memory White,MEMORY,22.0,201300.0,0.0,0.0,201300.0,9150.0
2024-12,4055,Team Elite Plus 8gb 1x8 3200Mhz Ddr4 Memory Black Gold,MEMORY,11.0,52250.0,0.0,0.0,52250.0,4750.0
2024-12,9324,KINGBANK 16GB 1x16 3200mhz DDR4 with Heatsink Memory Silver,MEMORY,17.0,126650.0,0.0,0.0,126650.0,7450.0
2024-12,11448,Y5Pro Intel Core i5 8250U / 16GB DDr4 / 512GB SSD / WIFI 5 DUAL / 4* USB 3.0 / 2* HDMI 2.0 / 1* RJ45 1000Mbps / 1* Type-C / Windows 11 Pro Mini PC,MINI PC,1.0,20950.0,0.0,0.0,20950.0,20950.0
2024-12,11579,Y5Plus Intel Core i7 4650U / 8GB DDr3 / 128GB SSD / WIFI 5 DUAL / 4* USB 3.0 / 2* HDMI 2.0 / 1* RJ45 1000Mbps / 1* Type-C / Windows 11 Pro Mini PC,MINI PC,2.0,19900.0,0.0,0.0,19900.0,9950.0
2024-12,9794,"Nvision A24K6-S-i704-1625 Intel i7-4700M 16GB 256GB SSD 23.8"" FHD IPS All in One PC",MINI PC,3.0,50850.0,0.0,0.0,50850.0,16950.0
2024-12,10295,Asus B650M-AYW Wifi DDR5 AMD Motherboard,MOTHERBOARD,7.0,51065.0,0.0,0.0,51065.0,7295.0
2024-12,10296,Asus Prime A520M-K/CSM AM4 AMD Motherboard,MOTHERBOARD,17.0,56015.0,0.0,0.0,56015.0,3295.0
2024-12,10647,ASUS PRIME B850M-A WIFI-CSM Socket AM5 DDR5 Motherboard,MOTHERBOARD,17.0,195415.0,0.0,0.0,195415.0,11495.0
2024-12,10675,MSI B650M GAMING WIFI AM5 DDR5 Motherboard,MOTHERBOARD,21.0,155295.0,0.0,0.0,155295.0,7395.0
2024-12,11556,Gigabyte B550M-K Socket Am4 Ddr4 Motherboard,MOTHERBOARD,10.0,49500.0,0.0,0.0,49500.0,4950.0
2024-12,11558,Asus B760M-AYW WIFI Socket LGA 1700 Ddr4 Motherboard,MOTHERBOARD,18.0,168300.0,0.0,0.0,168300.0,9350.0
2024-12,11593,Gigabyte B860M GAMING X WIFI6E LGA1851 Socket Ddr5 Motherboard,MOTHERBOARD,15.0,181425.0,0.0,0.0,181425.0,12095.0
2024-12,2756,MSI B550M Pro VDH Wifi Socket Am4 Ddr4 Motherboard,MOTHERBOARD,9.0,57150.0,0.0,0.0,57150.0,6350.0
2024-12,3367,MSI A520m-A Pro Socket Am4 Ddr4 Motherboard,MOTHERBOARD,12.0,39000.0,0.0,0.0,39000.0,3250.0
2024-12,4492,Asus Prime B550M-A Wifi II Socket Am4 Ddr4 Gaming Motherboard,MOTHERBOARD,12.0,77400.0,0.0,0.0,77400.0,6450.0
2024-12,7615,MSI B650M Project zero socket LGA AM5 DDR5 Motherboard,MOTHERBOARD,9.0,115650.0,0.0,0.0,115650.0,12850.0
2024-12,8617,Asrock A520M-HVS Socket Am4 DDR4 Motherboard,MOTHERBOARD,11.0,34650.0,0.0,0.0,34650.0,3150.0
2024-12,9385,Biostar A520MHP Socket Am4 DDR4 Motherboard,MOTHERBOARD,13.0,37635.0,0.0,0.0,37635.0,2895.0
2024-12,9759,MSI PRO X870-P WIFI Ddr5 AM5 Motherboard,MOTHERBOARD,7.0,125650.0,0.0,0.0,125650.0,17950.0
2024-12,9879,MSI B550M-A PRO Socket Am4 Ddr4 Motherboard,MOTHERBOARD,14.0,65100.0,0.0,0.0,65100.0,4650.0
2024-12,9970,Asus Prime B550M-K ARGB Socket Am4 Ddr4 Motherboard,MOTHERBOARD,16.0,77600.0,0.0,0.0,77600.0,4850.0
2024-12,10488,RAKK DASIG X3 Ambidextrous Hotswap Trimode PAW3311 Huano 80M RGB Gaming Mouse Black,MOUSE,14.0,13930.0,0.0,0.0,13930.0,995.0
2024-12,10489,RAKK DASIG X3 Ambidextrous Hotswap Trimode PAW3311 Huano 80M RGB Gaming Mouse White,MOUSE,8.0,7960.0,0.0,0.0,7960.0,995.0
2024-12,10776,RAKK TALAN AERO X PAW3395 8K Polling Omron Optical Trimode Lightweight 55g Gaming Mouse Black,MOUSE,16.0,35120.0,0.0,0.0,35120.0,2195.0
2024-12,10994,Logitech G 502X Wired Gaming Mouse White,MOUSE,7.0,21665.0,0.0,0.0,21665.0,3095.0
2024-12,3513,Logitech G102 Lightsync Gaming Mouse Black,MOUSE,10.0,9300.0,0.0,0.0,9300.0,930.0
2024-12,3700,Logitech G102 Lightsync Gaming Mouse White,MOUSE,10.0,9300.0,0.0,0.0,9300.0,930.0
2024-12,9299,RAKK DASIG LITE Huano Switch RGB Gaming Mouse,MOUSE,9.0,2520.0,0.0,0.0,2520.0,280.0
2024-12,11172,DITO Home WoWFi Lite 4G WiFi Router,NETWORK DEVICE,2.0,1960.0,0.0,0.0,1960.0,980.0
2024-12,11173,DITO Home WoWFi Pro 5G WiFi Router,NETWORK DEVICE,4.0,5960.0,0.0,0.0,5960.0,1490.0
2024-12,11356,TP-Link Archer BE220 Dual Band Wi-Fi 7 Router,NETWORK DEVICE,4.0,9000.0,0.0,0.0,9000.0,2250.0
2024-12,11460,ASUS RT-BE50 BE3600 Dual Band WiFi 7 Router,NETWORK DEVICE,2.0,5990.0,0.0,0.0,5990.0,2995.0
2024-12,130,Tp-Link TL-WA901ND Wireless N Access Point,NETWORK DEVICE,2.0,3788.0,0.0,0.0,3788.0,1894.0
2024-12,1693,TP-Link TL-WR820N 300Mbps Multimode Wi-Fi Router,NETWORK DEVICE,3.0,1470.0,0.0,0.0,1470.0,490.0
2024-12,10146,MSI PANO 110R PZ Mid Tower Gaming PC Case Black,PC CASE,10.0,42000.0,0.0,0.0,42000.0,4200.0
2024-12,10518,NZXT H6 Flow CC-H61FW-01 Tempered Glass ATX PC Case White,PC CASE,18.0,78300.0,0.0,0.0,78300.0,4350.0
2024-12,10519,NZXT H7 Flow (2024) CM-H72FW-01 ATX PC Case White,PC CASE,7.0,32550.0,0.0,0.0,32550.0,4650.0
2024-12,10520,NZXT H7 Flow RGB (2024) CM-H72FB-R1 ATX PC Case Black,PC CASE,9.0,39150.0,0.0,0.0,39150.0,4350.0
2024-12,10668,CoolerMaster Elite 302 ARGB Micro ATX PC Case Black,PC CASE,9.0,26955.0,0.0,0.0,26955.0,2995.0
2024-12,10808,MSI PAG PANO M110A ARGB Micro ATX PC Case Black,PC CASE,13.0,31850.0,0.0,0.0,31850.0,2450.0
2024-12,10828,DarkFlash Floatron F1 Micro ATX PC Case Black & White,PC CASE,12.0,47940.0,0.0,0.0,47940.0,3995.0
2024-12,10928,CoolerMaster Qube 540 Moonstone ATX PC Case,PC CASE,9.0,35955.0,0.0,0.0,35955.0,3995.0
2024-12,10963,CoolerMaster Elite 600 ARGB ATX Mid Tower PC Case Black,PC CASE,7.0,37450.0,0.0,0.0,37450.0,5350.0
2024-12,10972,Asus A31 Tempered Glass Mid Tower ATX PC Case White,PC CASE,12.0,40800.0,0.0,0.0,40800.0,3400.0
2024-12,11002,RAKK TANAN MATX Tempered Glass with PSU and Fans,PC CASE,12.0,15540.0,0.0,0.0,15540.0,1295.0
2024-12,11068,DarkFlash M305 with 3 RGB Fan Micro ATX Tempered Glass Gaming PC Case Black,PC CASE,13.0,18135.0,0.0,0.0,18135.0,1395.0
2024-12,11102,YGT Mars 9 Micro ATX PC Case with PSU Black,PC CASE,7.0,5565.0,0.0,0.0,5565.0,795.0
2024-12,11131,Asus A21 Tempered Glass Micro ATX PC Case Black,PC CASE,12.0,35940.0,0.0,0.0,35940.0,2995.0
2024-12,11306,Gamdias Aura GC10 v2 ARGB Dual Chamber Micro ATX PC Case Black,PC CASE,13.0,32435.0,0.0,0.0,32435.0,2495.0
2024-12,11406,Cougar MX110 RGB Mid Tower Tempered Glass ATX PC Case Black,PC CASE,7.0,16450.0,0.0,0.0,16450.0,2350.0
2024-12,11546,YGT 420B Micro ATX PC Case Black,PC CASE,8.0,10000.0,0.0,0.0,10000.0,1250.0
2024-12,6579,InPlay Wind 01 Acrylic Side Panel Micro ATX PC Case,PC CASE,8.0,0.0,0.0,0.0,0.0,0.0
2024-12,7367,MSI MAG Forge M100A Auto RGB Micro ATX PC Case Black,PC CASE,9.0,19710.0,0.0,0.0,19710.0,2190.0
2024-12,9897,YGT V100 Micro ATX PC Case with PSU White,PC CASE,8.0,7120.0,0.0,0.0,7120.0,890.0
2024-12,9973,MSI MAG PANO 100R Project Zero Micro ATX PC Case Black,PC CASE,13.0,86450.0,0.0,0.0,86450.0,6650.0
2024-12,10052,Asus Prime 650W 80+ Bronze Power Supply,POWER SUPPLY,15.0,54750.0,0.0,0.0,54750.0,3650.0
2024-12,10208,Asus Prime AP-850W 80+ Gold Full Modular Power Supply,POWER SUPPLY,21.0,157395.0,0.0,0.0,157395.0,7495.0
2024-12,10376,ASRock Pro-650B 650W 80+ Bronze Non-Modular ATX 3.1 Power Supply,POWER SUPPLY,14.0,37100.0,0.0,0.0,37100.0,2650.0
2024-12,10679,ASRock Steel Legend SL-1000G 1000W 80+ Gold Cybenetics Gold ATX 3.1 Full Modular Power Supply,POWER SUPPLY,18.0,170100.0,0.0,0.0,170100.0,9450.0
2024-12,11266,Acer AC-500 500W Non-Modular 80+ Bronze Power Supply Black,POWER SUPPLY,8.0,10000.0,0.0,0.0,10000.0,1250.0
2024-12,11267,Acer AC-650 650W Non-Modular 80+ Bronze Power Supply Black,POWER SUPPLY,15.0,26835.0,0.0,0.0,26835.0,1789.0
2024-12,11332,Acer AC-750 750W Non-Modular 80+ Bronze Power Supply Black,POWER SUPPLY,6.0,12600.0,0.0,0.0,12600.0,2100.0
2024-12,176,Intelligent 700 watts Power Supply,POWER SUPPLY,8.0,3600.0,0.0,0.0,3600.0,450.0
2024-12,4079,MSI MAG A650BN 650Watts 80+ Non-Modular Power Supply Bronze,POWER SUPPLY,14.0,46130.0,0.0,0.0,46130.0,3295.0
2024-12,4080,MSI MAG A550BN 550Watts 80+ Non-Modular Power Supply Bronze,POWER SUPPLY,11.0,31405.0,0.0,0.0,31405.0,2855.0
2024-12,6242,MSI MAG A600DN 600W 80+ Power Supply,POWER SUPPLY,14.0,38710.0,0.0,0.0,38710.0,2765.0
2024-12,7838,MSI MAG A850GL 850Watts PCIE5 80+ Full Modular Power Supply Gold Black,POWER SUPPLY,17.0,122910.0,0.0,0.0,122910.0,7230.0
2024-12,8542,Acer AC-550 550w Full Modular 80plus Bronze Power Supply,POWER SUPPLY,12.0,17220.0,0.0,0.0,17220.0,1435.0
2024-12,8543,Acer AC-650 650w Full Modular  80plus Bronze Power Supply,POWER SUPPLY,18.0,36990.0,0.0,0.0,36990.0,2055.0
2024-12,9703,CoolerMaster MWE 650W V3 (MPE-6501-ACABW-3BUS) 80+ Bronze ATX 3.1 Power Supply,POWER SUPPLY,14.0,53340.0,0.0,0.0,53340.0,3810.0
2024-12,9938,CoolerMaster MWE 750W V3 (MPE-7501-ACABW-3BUS) 80+ Bronze ATX 3.1 Power Supply,POWER SUPPLY,8.0,34544.0,0.0,0.0,34544.0,4318.0
2024-12,11598,Epson L3310 Multi Functional Integrated Ink Tank Printer,PRINTER AND SCANNER,1.0,9050.0,0.0,0.0,9050.0,9050.0
2024-12,11599,Epson L3350 Wi-Fi Multi Functional Integrated Ink Tank Printer,PRINTER AND SCANNER,3.0,31590.0,0.0,0.0,31590.0,10530.0
2024-12,2008,Canon Pixma TS207 Printer Inkjet,PRINTER AND SCANNER,3.0,6690.0,0.0,0.0,6690.0,2230.0
2024-12,3940,Epson L121 Ink Tank Printer,PRINTER AND SCANNER,2.0,10900.0,0.0,0.0,10900.0,5450.0
2024-12,10057,AMD Ryzen 9 9900X 4.4GHz AM5 Socket DDR5 Processor TTP,PROCESSOR,10.0,249500.0,0.0,0.0,249500.0,24950.0
2024-12,10102,AMD Ryzen 7 7700 Socket AM5 3.8GHz Processor MPK,PROCESSOR,12.0,143400.0,0.0,0.0,143400.0,11950.0
2024-12,10110,AMD Ryzen 5 5500GT 3.6GHz AM4 Socket DDR4 Processor MPK,PROCESSOR,12.0,97140.0,0.0,0.0,97140.0,8095.0
2024-12,10911,Intel Core i9-14900K Raptor Lake Socket LGA 1700 3.20GHz Processor MPK,PROCESSOR,4.0,127800.0,0.0,0.0,127800.0,31950.0
2024-12,10938,AMD Ryzen 5 8400F 4.2GHz AM5 Socket DDR5 Processor MPK,PROCESSOR,8.0,71600.0,0.0,0.0,71600.0,8950.0
2024-12,11064,AMD Ryzen 5 3400g 3.7ghz AM4 Socket DDR4 Processor MPK,PROCESSOR,12.0,45540.0,0.0,0.0,45540.0,3795.0
2024-12,11065,AMD Ryzen 7 8700F 4.1ghz AM5 Socket DDR5 Processor MPK,PROCESSOR,20.0,189000.0,0.0,0.0,189000.0,9450.0
2024-12,11592,Intel Core Ultra 7 processor 270K Plus LGA 1851 5.5Ghz Processor,PROCESSOR,9.0,188550.0,0.0,0.0,188550.0,20950.0
2024-12,4513,AMD Ryzen 5 5600X Socket AM4 3.7GHz Processor with Wraith Stealth Cooler MPK,PROCESSOR,13.0,116350.0,0.0,0.0,116350.0,8950.0
2024-12,5640,AMD Ryzen 5 5500 Socket Am4 3.6GHz Processor with AMD wraith cooler MPK,PROCESSOR,11.0,57200.0,0.0,0.0,57200.0,5200.0
2024-12,5663,AMD Ryzen 5 5600 Socket Am4 3.5GHz Processor with Wraith stealth cooler MPK,PROCESSOR,14.0,100800.0,0.0,0.0,100800.0,7200.0
2024-12,7098,AMD Ryzen 7 5700G Socket Am4 3.8GHz with Radeon Vega 8 wraith stealth cooler Processor MPK,PROCESSOR,11.0,134750.0,0.0,0.0,134750.0,12250.0
2024-12,7929,AMD Ryzen 7 5700X Socket AM4 3.4GHz Processor with AMD Wraith Stealth cooler MPK,PROCESSOR,12.0,119400.0,0.0,0.0,119400.0,9950.0
2024-12,8432,AMD Ryzen 3 3200g PRO Socket Am4 3.6ghz with Radeon Vega 8 Processor MPK,PROCESSOR,11.0,37345.0,0.0,0.0,37345.0,3395.0
2024-12,9608,AMD RYZEN 7 7800X3D Socket AM5 D5 5.0ghz with Radeon Graphics processor TTP,PROCESSOR,15.0,276750.0,0.0,0.0,276750.0,18450.0
2024-12,9614,AMD RYZEN 7 9800X3D Socket AM5 D5 5.2ghz with Radeon Graphics processor,PROCESSOR,9.0,251550.0,0.0,0.0,251550.0,27950.0
2024-12,9776,AMD Ryzen 5 5600GT 3.6GHz AM4 Socket DDR4 Processor MPK,PROCESSOR,14.0,128730.0,0.0,0.0,128730.0,9195.0
2024-12,9841,Intel Core i5-14400 4.7GHz LGA 1700 Processor MPK,PROCESSOR,6.0,71700.0,0.0,0.0,71700.0,11950.0
2024-12,10697,Lexar NQ100 256GB Solid State Drive SATA 2.5,SOLID STATE DRIVE,23.0,91885.0,0.0,0.0,91885.0,3995.0
2024-12,10797,Lexar NM620 1TB M.2 NVME Solid State Drive,SOLID STATE DRIVE,28.0,226800.0,0.0,0.0,226800.0,8100.0
2024-12,10804,Team Group MP33 512GB M.2 PCIe Gen3.0 x4 NVME 1.3 Solid State Drive,SOLID STATE DRIVE,24.0,150000.0,0.0,0.0,150000.0,6250.0
2024-12,11148,Teamgroup T-Force GA Pro 1TB NVMe M.2 Gen 5 Solid State Drive,SOLID STATE DRIVE,21.0,227850.0,0.0,0.0,227850.0,10850.0
2024-12,11152,Hiksemi Wave S 256B SATA 2.5 Solid State Drive,SOLID STATE DRIVE,23.0,77050.0,0.0,0.0,77050.0,3350.0
2024-12,11269,Hiksemi Wave P 256GB PCIE Gen3 M.2 Solid State Drive,SOLID STATE DRIVE,17.0,59415.0,0.0,0.0,59415.0,3495.0
2024-12,11323,ESGaming 512GB SATA 2.5 Solid State Drive,SOLID STATE DRIVE,26.0,114270.0,0.0,0.0,114270.0,4395.0
2024-12,11577,Apacer AS2280P4 512GB PCIe Gen 3x4 M.2 NVMe Solid State Drive,SOLID STATE DRIVE,26.0,137670.0,0.0,0.0,137670.0,5295.0
2024-12,1681,Team Group GX2 Solid State Drive 256gb SATA 2.5,SOLID STATE DRIVE,10.0,34500.0,0.0,0.0,34500.0,3450.0
2024-12,1909,Lexar NS10 Lite Solid State Drive 120gb SATA 2.5,SOLID STATE DRIVE,21.0,30450.0,0.0,0.0,30450.0,1450.0
2024-12,6856,Team Group MP33 256GB M.2 PCIe NVME Solid State Drive,SOLID STATE DRIVE,25.0,83750.0,0.0,0.0,83750.0,3350.0
2024-12,6936,Adata SU650 Solid State Drive 512GB SATA 2.5,SOLID STATE DRIVE,21.0,104895.0,0.0,0.0,104895.0,4995.0
2024-12,10855,Edifier ES20 Portable Bluetooth Speaker Black,SPEAKER,2.0,3390.0,0.0,0.0,3390.0,1695.0
2024-12,10856,Edifier ES20 Portable Bluetooth Speaker Ivory,SPEAKER,1.0,1685.0,0.0,0.0,1685.0,1685.0
2024-12,503,Edifier R12U Usb Powered Speaker Black,SPEAKER,1.0,950.0,0.0,0.0,950.0,950.0
2024-12,2991,APC Back-Ups BVX650I-PH 360 Watts 650va with Avr Universal Sockets Ups,UPS & AVR,9.0,19800.0,0.0,0.0,19800.0,2200.0
2024-12,36,Secure 220v Avr,UPS & AVR,8.0,2000.0,0.0,0.0,2000.0,250.0
2024-12,454,Secure 650va Ups,UPS & AVR,14.0,20300.0,0.0,0.0,20300.0,1450.0
2025-01,6252,RAKK SINAG98 Polycarbonate Case,ACCESSORIES,1.0,1.0,0.0,0.0,1.0,1.0
2025-01,10653,RAKK Matik USB Gaming Headset LED Illuminated,AUDIO,2.0,630.0,0.0,0.0,630.0,315.0
2025-01,10952,EPOS Sennheiser Impact SC 260 ED Headset,AUDIO,5.0,6600.0,0.0,0.0,6600.0,1320.0
2025-01,10991,Logitech G PRO X Wired 7.1 Gaming Headset,AUDIO,2.0,9100.0,0.0,0.0,9100.0,4550.0
2025-01,10993,Logitech G PRO X Wired 7.1 Gaming Headset (League of Legends Edition),AUDIO,3.0,13650.0,0.0,0.0,13650.0,4550.0
2025-01,11507,Accutone UB210 Noise Cancelling Headset Black,AUDIO,1.0,1550.0,0.0,0.0,1550.0,1550.0
2025-01,11508,Accutone Sonar 280 Wireless & Wired Noise Cancelling Headset Black,AUDIO,4.0,8240.0,0.0,0.0,8240.0,2060.0
2025-01,11509,Accutone Converse 95 Noise Cancelling Headset Black,AUDIO,5.0,11600.0,0.0,0.0,11600.0,2320.0
2025-01,11510,Accutone Nexus 2000 MagSafe Speaker Blue,AUDIO,6.0,7500.0,0.0,0.0,7500.0,1250.0
2025-01,11511,Accutone Nexus 2000 MagSafe Speaker Gray,AUDIO,5.0,6250.0,0.0,0.0,6250.0,1250.0
2025-01,11512,Accutone Nexus 2000 MagSafe Speaker Pink,AUDIO,2.0,2500.0,0.0,0.0,2500.0,1250.0
2025-01,11612,Accutone UB101 Stereo USB Headset Black,AUDIO,4.0,1380.0,0.0,0.0,1380.0,345.0
2025-01,7652,RAKK SONIDO 7.1 Virtual Surround RGB Gaming Headset USB Black,AUDIO,2.0,1990.0,0.0,0.0,1990.0,995.0
2025-01,8581,Edifier W820NB Plus Active Noice Cancellation Bluetooth Stereo Wireless Headset Ivory,AUDIO,1.0,1850.0,0.0,0.0,1850.0,1850.0
2025-01,11144,Ad-Link CABLE (V73) VGA 3+4 (3M),CABLES AND ADAPTERS,1.0,150.0,0.0,0.0,150.0,150.0
2025-01,7824,Hikvision E-HWID 2.8MM Eco-HiWatch 2.mm IR Dome E-HWID,CAMERA,4.0,5800.0,0.0,0.0,5800.0,1450.0
2025-01,78,A4Tech KRS-8572 Usb Keyboard and Mouse Black,COMBO,38.0,19380.0,0.0,0.0,19380.0,510.0
2025-01,9301,RAKK APTAS ILLUMINATED / Membrane Keyboard and Mouse / No software / Rainbow lighting / Black,COMBO,34.0,9690.0,0.0,0.0,9690.0,285.0
2025-01,10370,DarkFlash Infinity 34 3in1 ARGB Chassis Fan Black,COOLING,11.0,12650.0,0.0,0.0,12650.0,1150.0
2025-01,10373,DarkFlash Infinity 34 Single ARGB Chassis Fan White,COOLING,13.0,5460.0,0.0,0.0,5460.0,420.0
2025-01,10386,MSI MAG COREFROZR AA13 ARGB CPU Air Cooler black,COOLING,8.0,9560.0,0.0,0.0,9560.0,1195.0
2025-01,10590,YGT Cyber-120IFB 3in1 ARGB Chassis Fan Black,COOLING,8.0,4400.0,0.0,0.0,4400.0,550.0
2025-01,10743,NZXT F120 RGB Duo Triple Pack (RF-D12TF-W1) with RGB Controller Chassis Fan White,COOLING,9.0,13500.0,0.0,0.0,13500.0,1500.0
2025-01,10839,CoolerMaster Hyper 212 3DHP ARGB CPU Air Cooler Black,COOLING,13.0,18135.0,0.0,0.0,18135.0,1395.0
2025-01,10858,DarkFlash E400 Plus Matrix Display CPU Air Cooler White,COOLING,9.0,14850.0,0.0,0.0,14850.0,1650.0
2025-01,10930,CoolerMaster MasterLiquid 240L Core Liquid Cooling Black,COOLING,5.0,18500.0,0.0,0.0,18500.0,3700.0
2025-01,10966,CoolerMaster V4 Alpha 3DHP CPU Air Cooler Black,COOLING,9.0,17055.0,0.0,0.0,17055.0,1895.0
2025-01,10990,BeQuiet Silent Wings 4 (BL094) 120mm PWM High Speed Single Chassis Fan Black,COOLING,4.0,4800.0,0.0,0.0,4800.0,1200.0
2025-01,11005,Asus AR120 ARGB PWM Single Chassis Fan Black,COOLING,4.0,600.0,0.0,0.0,600.0,150.0
2025-01,11159,Jungle Leopard Chill Arc 360mm ARGB Liquid Cooling Black,COOLING,8.0,87600.0,0.0,0.0,87600.0,10950.0
2025-01,11160,Jungle Leopard Chill Arc 360mm ARGB Liquid Cooling White,COOLING,8.0,90360.0,0.0,0.0,90360.0,11295.0
2025-01,11216,CoolerMaster MasterLiquid Core Nex 360 ARGB CPU Liquid Cooler Black,COOLING,8.0,35600.0,0.0,0.0,35600.0,4450.0
2025-01,6174,Deepcool TW-003 CPU Air Cooler,COOLING,7.0,2800.0,0.0,0.0,2800.0,400.0
2025-01,7,AMD Stock Heatsink Fan,COOLING,9.0,1260.0,0.0,0.0,1260.0,140.0
2025-01,7501,DarkFlash DM12 F Single ARGB Chassis Fan Black,COOLING,7.0,1645.0,0.0,0.0,1645.0,235.0
2025-01,7502,DarkFlash DM12 F Single ARGB Chassis Fan White,COOLING,6.0,1710.0,0.0,0.0,1710.0,285.0
2025-01,7505,DarkFlash Infinity24 Single ARGB Chassis Fan Black,COOLING,9.0,2565.0,0.0,0.0,2565.0,285.0
2025-01,9737,MSI MAG Coreliquid A13 240 CPU Liquid Cooler Black,COOLING,7.0,25550.0,0.0,0.0,25550.0,3650.0
2025-01,9835,MSI MAG Coreliquid A13 360 CPU Liquid Cooler Black,COOLING,4.0,17120.0,0.0,0.0,17120.0,4280.0
2025-01,9836,MSI MAG Coreliquid A13 360 CPU Liquid Cooler White,COOLING,6.0,24840.0,0.0,0.0,24840.0,4140.0
2025-01,10425,"ViewSonic VA24G1-H 24"" FHD 144Hz IPS Monitor",DISPLAY,11.0,45650.0,0.0,0.0,45650.0,4150.0
2025-01,10540,"ASUS ROG Strix XG27ACMES 27"" QHD 255Hz-OC Fast IPS Monitor",DISPLAY,6.0,95970.0,0.0,0.0,95970.0,15995.0
2025-01,10711,"ASUS TUF Gaming Series 5 VG259QMR5A 24.5"" FHD 310Hz(OC) Fast-IPS Monitor",DISPLAY,5.0,47475.0,0.0,0.0,47475.0,9495.0
2025-01,10836,"AOC 24G11ZE 23.8"" 240Hz OC FHD Fast IPS Monitor",DISPLAY,7.0,46165.0,0.0,0.0,46165.0,6595.0
2025-01,10918,"Philips 24E2G2200 23.8"" 144Hz IPS FHD Monitor",DISPLAY,7.0,29365.0,0.0,0.0,29365.0,4195.0
2025-01,10919,"Philips 27E2G2200 27"" 144Hz IPS FHD Monitor",DISPLAY,9.0,53955.0,0.0,0.0,53955.0,5995.0
2025-01,10940,"MSI MAG 245F X24 23.8"" 240Hz FHD Rapid IPS Monitor",DISPLAY,13.0,83850.0,0.0,0.0,83850.0,6450.0
2025-01,10941,"MSI MAG 272F X24 27"" 240Hz FHD Rapid IPS Monitor",DISPLAY,9.0,80550.0,0.0,0.0,80550.0,8950.0
2025-01,11074,"AOC 24B36XE 23.8"" FHD 144Hz IPS Monitor",DISPLAY,12.0,51000.0,0.0,0.0,51000.0,4250.0
2025-01,11127,"Nvision N2455GT-B 23.8"" FHD 144Hz IPS Monitor",DISPLAY,9.0,35550.0,0.0,0.0,35550.0,3950.0
2025-01,11151,"MSI MAG 275QF E20 27"" WQHD 200Hz Rapid IPS Monitor",DISPLAY,7.0,80500.0,0.0,0.0,80500.0,11500.0
2025-01,11208,"Gamdias Atlas HD24IF IV 23.8"" 240Hz FHD Fast IPS Monitor Black",DISPLAY,4.0,23480.0,0.0,0.0,23480.0,5870.0
2025-01,11258,"AOC Q27G4SL/WS 27"" QHD 320Hz Fast IPS HDR 400 Monitor",DISPLAY,9.0,124200.0,0.0,0.0,124200.0,13800.0
2025-01,11472,"MSI PRO MP251 E14L 24.5"" 144HZ FHD IPS Monitor",DISPLAY,11.0,47575.0,0.0,0.0,47575.0,4325.0
2025-01,11473,"Asus TUF Gaming VG259QM5A 24.5"" 240Hz IPS Gaming Monitor",DISPLAY,7.0,55265.0,0.0,0.0,55265.0,7895.0
2025-01,11528,"LG 24U411A-B 23.8"" 120Hz FHD IPS Monitor",DISPLAY,5.0,18250.0,0.0,0.0,18250.0,3650.0
2025-01,7785,Nvision N190V8 19' LED Monitor,DISPLAY,4.0,6800.0,0.0,0.0,6800.0,1700.0
2025-01,7786,"Nvision N200V8 20"" LED Monitor",DISPLAY,3.0,5145.0,0.0,0.0,5145.0,1715.0
2025-01,8060,"Nvision H22V8 21.5"" LED Monitor",DISPLAY,8.0,17920.0,0.0,0.0,17920.0,2240.0
2025-01,9904,"Viewsonic VX2479A-HD-PRO 24"" 240Hz FHD 1MS MPRT IPS HDR10 Gaming Monitor",DISPLAY,7.0,44310.0,0.0,0.0,44310.0,6330.0
2025-01,11003,RAKK SUKOG LITE 800x400x3mm Mousepad Black,GAMING SURFACE,12.0,2280.0,0.0,0.0,2280.0,190.0
2025-01,10053,ASUS Dual Nvidia Geforce RTX 3050 OC Edition (DUAL-RTX3050-O6G) 6GB 96-bit GDRR6 Videocard,GRAPHIC CARD,5.0,72250.0,0.0,0.0,72250.0,14450.0
2025-01,10072,MSI Nvidia GeForce RTX 5060 VENTUS 2X OC (G5060-8V2C) 8GB 128-bit GDDR7 Videocard,GRAPHIC CARD,7.0,171500.0,0.0,0.0,171500.0,24500.0
2025-01,10080,Gigabyte Nvidia GeForce RTX 5060 AERO OC (GV-N5060AERO-OC-8GD) 8GB 128-bit GDDR7 Videocard,GRAPHIC CARD,6.0,154500.0,0.0,0.0,154500.0,25750.0
2025-01,10152,MSI GeForce RTX 5070 Ti VENTUS 3X OC (G507T-16V3C) 16GB 256-bit GDDR7 Videocard,GRAPHIC CARD,7.0,461650.0,0.0,0.0,461650.0,65950.0
2025-01,10155,ASUS DUAL GeForce RTX 5060 (DUAL-RTX5060-8G) 8GB 128-bit GDDR7 Videocard,GRAPHIC CARD,6.0,149700.0,0.0,0.0,149700.0,24950.0
2025-01,10206,ASUS Dual RX 7600 EVO OC Edition DUAL-RX7600-O8G-EVO 8GB 128-bit GDDR6 Videocard,GRAPHIC CARD,11.0,252450.0,0.0,0.0,252450.0,22950.0
2025-01,10207,ASUS Prime AMD Radeon RX 9060 XT OC (PRIME-RX9060XT-O16G) 16GB 128-Bit GDDR6 Videocard,GRAPHIC CARD,4.0,139800.0,0.0,0.0,139800.0,34950.0
2025-01,10225,MSI Nvidia GeForce RTX 5060 SHADOW 2X OC (G5060-8S2C) 8GB 128-bit GDDR7 Videocard,GRAPHIC CARD,10.0,249500.0,0.0,0.0,249500.0,24950.0
2025-01,10660,MSI Nvidia GeForce RTX 5050 VENTUS 2X OC (G5050-8V2C) 128-bit GDDR6 Videocard,GRAPHIC CARD,2.0,39900.0,0.0,0.0,39900.0,19950.0
2025-01,11557,ASUS DUAL Nvidia GeForce RTX 5060 Ti OC Edition (DUAL-RTX5060TI-O8G) 8GB 128-bit GDDR7 Videocard,GRAPHIC CARD,5.0,144750.0,0.0,0.0,144750.0,28950.0
2025-01,11591,MSI GeForce RTX 5060 Ventus 2X OC v1 (G5060-8V2CV1) 8GB 128-bit GDDR7 Videocard,GRAPHIC CARD,12.0,307800.0,0.0,0.0,307800.0,25650.0
2025-01,11636,Colorful Nvidia GeForce RTX 3050 6GB V4-V 96-bit GDDR6 Videocard,GRAPHIC CARD,8.0,98000.0,0.0,0.0,98000.0,12250.0
2025-01,8396,MSI GEFORCE RTX 3050 VENTUS 2X OC 6GB 96-bit DDR6 Videocard,GRAPHIC CARD,9.0,127800.0,0.0,0.0,127800.0,14200.0
2025-01,9396,Biostar Rx 580 VA5815RQ82 Dual Cooling Fan 8gb 256bit GDdr5 Gaming Videocard,GRAPHIC CARD,10.0,79500.0,0.0,0.0,79500.0,7950.0
2025-01,9883,Asus Prime AMD Radeon RX 9070 OC (PRIME-RX9070-O16G) 16GB 256-Bit GDDR6 Videocard,GRAPHIC CARD,10.0,479500.0,0.0,0.0,479500.0,47950.0
2025-01,9967,MSI Nvidia GeForce RTX 5070 VENTUS 2X OC 12GB 192-bit GDDR7 Videocard,GRAPHIC CARD,10.0,469500.0,0.0,0.0,469500.0,46950.0
2025-01,160,Seagate 1tb ST1000DM010 Harddisk Drive,HARD DISK,1.0,3450.0,0.0,0.0,3450.0,3450.0
2025-01,11573,Aula S75 Pro RGB Gaming Mechanical Wireless Tri-Mode Keyboard Gradient Pink,KEYBOARD,33.0,80850.0,0.0,0.0,80850.0,2450.0
2025-01,4285,Fantech MAXPOWER MK853 Mechanical Gaming Keyboard White - BLUE Switch,KEYBOARD,23.0,34040.0,0.0,0.0,34040.0,1480.0
2025-01,11552,"Asus Vivobook Go 15 E1504FA-BQ5585WSM 15.6""FHD IPS Ryzen 5-40/8GB LPDDR5/512GB M.2 NVMe PCIe 3.0 SSD/Win11 Laptop + HS M365",LAPTOP PR2,1.0,39995.0,0.0,0.0,39995.0,39995.0
2025-01,11564,"Asus Vivobook 14 X1404VA-EB2200WSM 14.0"" FHD Intel Core 5 120U/8GB DDR5/512GB SSD/Win11 Laptop H&S+M365 + Laptop Bag",LAPTOP PR2,3.0,131985.0,0.0,0.0,131985.0,43995.0
2025-01,11527,"Lenovo V15 G4 ABP 15.6"" FHD Ryzen 7-7730U/8GB DDR4/512GB NVMe SSD/Win11 Pro Laptop SE",LAPTOP PR3,3.0,119985.0,0.0,0.0,119985.0,39995.0
2025-01,11550,"Lenovo V15 G5 IRL 15.6"" Intel Core i5-13420H/16GB DDR5/512GB SSD Laptop/Win11 Laptop SE + Laptop Bag",LAPTOP PR3,5.0,224975.0,0.0,0.0,224975.0,44995.0
2025-01,10286,Lexar LD5S16G56C46ST-BGS 16GB 5600Mhz DDR5 Sodimm Memory,MEMORY,9.0,140400.0,0.0,0.0,140400.0,15600.0
2025-01,10789,Teamgroup Vulcan 16GB 8GBx2 6000Mhz CL38 DDR5 Memory,MEMORY,12.0,174000.0,0.0,0.0,174000.0,14500.0
2025-01,10905,Lexar Ares 8GB LD4U08G32C16LA-RGS 3200Mhz DDR4 RGB Memory Black,MEMORY,5.0,21250.0,0.0,0.0,21250.0,4250.0
2025-01,11052,Biostar Storming V 8GB 3200Mhz DDR4 Memory,MEMORY,16.0,66400.0,0.0,0.0,66400.0,4150.0
2025-01,11185,Crucial 16GB CT16G4SFRA32A 3200Mhz DDR4 Sodimm,MEMORY,9.0,74250.0,0.0,0.0,74250.0,8250.0
2025-01,11327,HKC PC 16gb 3200mhz DDR4 with Heatsink Memory Black,MEMORY,12.0,74340.0,0.0,0.0,74340.0,6195.0
2025-01,11444,FASPEED 8GB 3200Mhz DDR4 with Heatsink Memory,MEMORY,11.0,34650.0,0.0,0.0,34650.0,3150.0
2025-01,11450,HKC PC 8gb 3200mhz DDR4 with Heatsink Memory Black,MEMORY,18.0,62100.0,0.0,0.0,62100.0,3450.0
2025-01,11548,Hiksemi Future 16GB (16x1) HSC516U56C2 5600Mhz CL38 DDR5 Memory Black,MEMORY,12.0,179940.0,0.0,0.0,179940.0,14995.0
2025-01,1372,Ramsta 4gb 1x4 2666mhz Ddr4 Memory,MEMORY,15.0,7500.0,0.0,0.0,7500.0,500.0
2025-01,2489,Ramsta 4gb 1x4 2666mhz Ddr4 Sodimm Memory,MEMORY,13.0,5200.0,0.0,0.0,5200.0,400.0
2025-01,3150,Team Elite TForce Delta 16gb 2x8 3600mhz Ddr4 RGB Memory Black,MEMORY,11.0,100650.0,0.0,0.0,100650.0,9150.0
2025-01,3151,Team Elite TForce Delta 16gb 2x8 3600mhz Ddr4 RGB Memory White,MEMORY,8.0,73200.0,0.0,0.0,73200.0,9150.0
2025-01,4055,Team Elite Plus 8gb 1x8 3200Mhz Ddr4 Memory Black Gold,MEMORY,7.0,33250.0,0.0,0.0,33250.0,4750.0
2025-01,9324,KINGBANK 16GB 1x16 3200mhz DDR4 with Heatsink Memory Silver,MEMORY,11.0,81950.0,0.0,0.0,81950.0,7450.0
2025-01,11448,Y5Pro Intel Core i5 8250U / 16GB DDr4 / 512GB SSD / WIFI 5 DUAL / 4* USB 3.0 / 2* HDMI 2.0 / 1* RJ45 1000Mbps / 1* Type-C / Windows 11 Pro Mini PC,MINI PC,1.0,20950.0,0.0,0.0,20950.0,20950.0
2025-01,11579,Y5Plus Intel Core i7 4650U / 8GB DDr3 / 128GB SSD / WIFI 5 DUAL / 4* USB 3.0 / 2* HDMI 2.0 / 1* RJ45 1000Mbps / 1* Type-C / Windows 11 Pro Mini PC,MINI PC,1.0,9950.0,0.0,0.0,9950.0,9950.0
2025-01,9794,"Nvision A24K6-S-i704-1625 Intel i7-4700M 16GB 256GB SSD 23.8"" FHD IPS All in One PC",MINI PC,1.0,16950.0,0.0,0.0,16950.0,16950.0
2025-01,10295,Asus B650M-AYW Wifi DDR5 AMD Motherboard,MOTHERBOARD,13.0,94835.0,0.0,0.0,94835.0,7295.0
2025-01,10296,Asus Prime A520M-K/CSM AM4 AMD Motherboard,MOTHERBOARD,16.0,52720.0,0.0,0.0,52720.0,3295.0
2025-01,10647,ASUS PRIME B850M-A WIFI-CSM Socket AM5 DDR5 Motherboard,MOTHERBOARD,7.0,80465.0,0.0,0.0,80465.0,11495.0
2025-01,10675,MSI B650M GAMING WIFI AM5 DDR5 Motherboard,MOTHERBOARD,10.0,73950.0,0.0,0.0,73950.0,7395.0
2025-01,11556,Gigabyte B550M-K Socket Am4 Ddr4 Motherboard,MOTHERBOARD,8.0,39600.0,0.0,0.0,39600.0,4950.0
2025-01,11558,Asus B760M-AYW WIFI Socket LGA 1700 Ddr4 Motherboard,MOTHERBOARD,6.0,56100.0,0.0,0.0,56100.0,9350.0
2025-01,11593,Gigabyte B860M GAMING X WIFI6E LGA1851 Socket Ddr5 Motherboard,MOTHERBOARD,9.0,108855.0,0.0,0.0,108855.0,12095.0
2025-01,2756,MSI B550M Pro VDH Wifi Socket Am4 Ddr4 Motherboard,MOTHERBOARD,16.0,101600.0,0.0,0.0,101600.0,6350.0
2025-01,3367,MSI A520m-A Pro Socket Am4 Ddr4 Motherboard,MOTHERBOARD,14.0,45500.0,0.0,0.0,45500.0,3250.0
2025-01,4492,Asus Prime B550M-A Wifi II Socket Am4 Ddr4 Gaming Motherboard,MOTHERBOARD,8.0,51600.0,0.0,0.0,51600.0,6450.0
2025-01,7615,MSI B650M Project zero socket LGA AM5 DDR5 Motherboard,MOTHERBOARD,4.0,51400.0,0.0,0.0,51400.0,12850.0
2025-01,8617,Asrock A520M-HVS Socket Am4 DDR4 Motherboard,MOTHERBOARD,10.0,31500.0,0.0,0.0,31500.0,3150.0
2025-01,9385,Biostar A520MHP Socket Am4 DDR4 Motherboard,MOTHERBOARD,9.0,26055.0,0.0,0.0,26055.0,2895.0
2025-01,9759,MSI PRO X870-P WIFI Ddr5 AM5 Motherboard,MOTHERBOARD,8.0,143600.0,0.0,0.0,143600.0,17950.0
2025-01,9879,MSI B550M-A PRO Socket Am4 Ddr4 Motherboard,MOTHERBOARD,10.0,46500.0,0.0,0.0,46500.0,4650.0
2025-01,9970,Asus Prime B550M-K ARGB Socket Am4 Ddr4 Motherboard,MOTHERBOARD,6.0,29100.0,0.0,0.0,29100.0,4850.0
2025-01,10488,RAKK DASIG X3 Ambidextrous Hotswap Trimode PAW3311 Huano 80M RGB Gaming Mouse Black,MOUSE,9.0,8955.0,0.0,0.0,8955.0,995.0
2025-01,10489,RAKK DASIG X3 Ambidextrous Hotswap Trimode PAW3311 Huano 80M RGB Gaming Mouse White,MOUSE,12.0,11940.0,0.0,0.0,11940.0,995.0
2025-01,10776,RAKK TALAN AERO X PAW3395 8K Polling Omron Optical Trimode Lightweight 55g Gaming Mouse Black,MOUSE,2.0,4390.0,0.0,0.0,4390.0,2195.0
2025-01,10994,Logitech G 502X Wired Gaming Mouse White,MOUSE,7.0,21665.0,0.0,0.0,21665.0,3095.0
2025-01,3513,Logitech G102 Lightsync Gaming Mouse Black,MOUSE,8.0,7440.0,0.0,0.0,7440.0,930.0
2025-01,3700,Logitech G102 Lightsync Gaming Mouse White,MOUSE,6.0,5580.0,0.0,0.0,5580.0,930.0
2025-01,9299,RAKK DASIG LITE Huano Switch RGB Gaming Mouse,MOUSE,9.0,2520.0,0.0,0.0,2520.0,280.0
2025-01,11173,DITO Home WoWFi Pro 5G WiFi Router,NETWORK DEVICE,3.0,4470.0,0.0,0.0,4470.0,1490.0
2025-01,11356,TP-Link Archer BE220 Dual Band Wi-Fi 7 Router,NETWORK DEVICE,2.0,4500.0,0.0,0.0,4500.0,2250.0
2025-01,11460,ASUS RT-BE50 BE3600 Dual Band WiFi 7 Router,NETWORK DEVICE,6.0,17970.0,0.0,0.0,17970.0,2995.0
2025-01,130,Tp-Link TL-WA901ND Wireless N Access Point,NETWORK DEVICE,5.0,9470.0,0.0,0.0,9470.0,1894.0
2025-01,1693,TP-Link TL-WR820N 300Mbps Multimode Wi-Fi Router,NETWORK DEVICE,2.0,980.0,0.0,0.0,980.0,490.0
2025-01,10146,MSI PANO 110R PZ Mid Tower Gaming PC Case Black,PC CASE,5.0,21000.0,0.0,0.0,21000.0,4200.0
2025-01,10518,NZXT H6 Flow CC-H61FW-01 Tempered Glass ATX PC Case White,PC CASE,8.0,34800.0,0.0,0.0,34800.0,4350.0
2025-01,10519,NZXT H7 Flow (2024) CM-H72FW-01 ATX PC Case White,PC CASE,6.0,27900.0,0.0,0.0,27900.0,4650.0
2025-01,10520,NZXT H7 Flow RGB (2024) CM-H72FB-R1 ATX PC Case Black,PC CASE,8.0,34800.0,0.0,0.0,34800.0,4350.0
2025-01,10668,CoolerMaster Elite 302 ARGB Micro ATX PC Case Black,PC CASE,8.0,23960.0,0.0,0.0,23960.0,2995.0
2025-01,10808,MSI PAG PANO M110A ARGB Micro ATX PC Case Black,PC CASE,11.0,26950.0,0.0,0.0,26950.0,2450.0
2025-01,10828,DarkFlash Floatron F1 Micro ATX PC Case Black & White,PC CASE,12.0,47940.0,0.0,0.0,47940.0,3995.0
2025-01,10928,CoolerMaster Qube 540 Moonstone ATX PC Case,PC CASE,9.0,35955.0,0.0,0.0,35955.0,3995.0
2025-01,10963,CoolerMaster Elite 600 ARGB ATX Mid Tower PC Case Black,PC CASE,9.0,48150.0,0.0,0.0,48150.0,5350.0
2025-01,10972,Asus A31 Tempered Glass Mid Tower ATX PC Case White,PC CASE,2.0,6800.0,0.0,0.0,6800.0,3400.0
2025-01,11002,RAKK TANAN MATX Tempered Glass with PSU and Fans,PC CASE,14.0,18130.0,0.0,0.0,18130.0,1295.0
2025-01,11068,DarkFlash M305 with 3 RGB Fan Micro ATX Tempered Glass Gaming PC Case Black,PC CASE,9.0,12555.0,0.0,0.0,12555.0,1395.0
2025-01,11102,YGT Mars 9 Micro ATX PC Case with PSU Black,PC CASE,4.0,3180.0,0.0,0.0,3180.0,795.0
2025-01,11131,Asus A21 Tempered Glass Micro ATX PC Case Black,PC CASE,13.0,38935.0,0.0,0.0,38935.0,2995.0
2025-01,11306,Gamdias Aura GC10 v2 ARGB Dual Chamber Micro ATX PC Case Black,PC CASE,6.0,14970.0,0.0,0.0,14970.0,2495.0
2025-01,11406,Cougar MX110 RGB Mid Tower Tempered Glass ATX PC Case Black,PC CASE,5.0,11750.0,0.0,0.0,11750.0,2350.0
2025-01,11546,YGT 420B Micro ATX PC Case Black,PC CASE,12.0,15000.0,0.0,0.0,15000.0,1250.0
2025-01,6579,InPlay Wind 01 Acrylic Side Panel Micro ATX PC Case,PC CASE,12.0,0.0,0.0,0.0,0.0,0.0
2025-01,7367,MSI MAG Forge M100A Auto RGB Micro ATX PC Case Black,PC CASE,3.0,6570.0,0.0,0.0,6570.0,2190.0
2025-01,9897,YGT V100 Micro ATX PC Case with PSU White,PC CASE,6.0,5340.0,0.0,0.0,5340.0,890.0
2025-01,9973,MSI MAG PANO 100R Project Zero Micro ATX PC Case Black,PC CASE,2.0,13300.0,0.0,0.0,13300.0,6650.0
2025-01,10052,Asus Prime 650W 80+ Bronze Power Supply,POWER SUPPLY,5.0,18250.0,0.0,0.0,18250.0,3650.0
2025-01,10208,Asus Prime AP-850W 80+ Gold Full Modular Power Supply,POWER SUPPLY,5.0,37475.0,0.0,0.0,37475.0,7495.0
2025-01,10376,ASRock Pro-650B 650W 80+ Bronze Non-Modular ATX 3.1 Power Supply,POWER SUPPLY,13.0,34450.0,0.0,0.0,34450.0,2650.0
2025-01,10679,ASRock Steel Legend SL-1000G 1000W 80+ Gold Cybenetics Gold ATX 3.1 Full Modular Power Supply,POWER SUPPLY,5.0,47250.0,0.0,0.0,47250.0,9450.0
2025-01,11266,Acer AC-500 500W Non-Modular 80+ Bronze Power Supply Black,POWER SUPPLY,15.0,18750.0,0.0,0.0,18750.0,1250.0
2025-01,11267,Acer AC-650 650W Non-Modular 80+ Bronze Power Supply Black,POWER SUPPLY,10.0,17890.0,0.0,0.0,17890.0,1789.0
2025-01,11332,Acer AC-750 750W Non-Modular 80+ Bronze Power Supply Black,POWER SUPPLY,11.0,23100.0,0.0,0.0,23100.0,2100.0
2025-01,176,Intelligent 700 watts Power Supply,POWER SUPPLY,5.0,2250.0,0.0,0.0,2250.0,450.0
2025-01,4079,MSI MAG A650BN 650Watts 80+ Non-Modular Power Supply Bronze,POWER SUPPLY,13.0,42835.0,0.0,0.0,42835.0,3295.0
2025-01,4080,MSI MAG A550BN 550Watts 80+ Non-Modular Power Supply Bronze,POWER SUPPLY,13.0,37115.0,0.0,0.0,37115.0,2855.0
2025-01,6242,MSI MAG A600DN 600W 80+ Power Supply,POWER SUPPLY,15.0,41475.0,0.0,0.0,41475.0,2765.0
2025-01,7838,MSI MAG A850GL 850Watts PCIE5 80+ Full Modular Power Supply Gold Black,POWER SUPPLY,8.0,57840.0,0.0,0.0,57840.0,7230.0
2025-01,8542,Acer AC-550 550w Full Modular 80plus Bronze Power Supply,POWER SUPPLY,6.0,8610.0,0.0,0.0,8610.0,1435.0
2025-01,8543,Acer AC-650 650w Full Modular  80plus Bronze Power Supply,POWER SUPPLY,20.0,41100.0,0.0,0.0,41100.0,2055.0
2025-01,9703,CoolerMaster MWE 650W V3 (MPE-6501-ACABW-3BUS) 80+ Bronze ATX 3.1 Power Supply,POWER SUPPLY,14.0,53340.0,0.0,0.0,53340.0,3810.0
2025-01,9938,CoolerMaster MWE 750W V3 (MPE-7501-ACABW-3BUS) 80+ Bronze ATX 3.1 Power Supply,POWER SUPPLY,12.0,51816.0,0.0,0.0,51816.0,4318.0
2025-01,11598,Epson L3310 Multi Functional Integrated Ink Tank Printer,PRINTER AND SCANNER,1.0,9050.0,0.0,0.0,9050.0,9050.0
2025-01,2008,Canon Pixma TS207 Printer Inkjet,PRINTER AND SCANNER,1.0,2230.0,0.0,0.0,2230.0,2230.0
2025-01,3940,Epson L121 Ink Tank Printer,PRINTER AND SCANNER,2.0,10900.0,0.0,0.0,10900.0,5450.0
2025-01,10057,AMD Ryzen 9 9900X 4.4GHz AM5 Socket DDR5 Processor TTP,PROCESSOR,5.0,124750.0,0.0,0.0,124750.0,24950.0
2025-01,10102,AMD Ryzen 7 7700 Socket AM5 3.8GHz Processor MPK,PROCESSOR,16.0,191200.0,0.0,0.0,191200.0,11950.0
2025-01,10110,AMD Ryzen 5 5500GT 3.6GHz AM4 Socket DDR4 Processor MPK,PROCESSOR,8.0,64760.0,0.0,0.0,64760.0,8095.0
2025-01,10911,Intel Core i9-14900K Raptor Lake Socket LGA 1700 3.20GHz Processor MPK,PROCESSOR,10.0,319500.0,0.0,0.0,319500.0,31950.0
2025-01,10938,AMD Ryzen 5 8400F 4.2GHz AM5 Socket DDR5 Processor MPK,PROCESSOR,10.0,89500.0,0.0,0.0,89500.0,8950.0
2025-01,11064,AMD Ryzen 5 3400g 3.7ghz AM4 Socket DDR4 Processor MPK,PROCESSOR,6.0,22770.0,0.0,0.0,22770.0,3795.0
2025-01,11065,AMD Ryzen 7 8700F 4.1ghz AM5 Socket DDR5 Processor MPK,PROCESSOR,5.0,47250.0,0.0,0.0,47250.0,9450.0
2025-01,11592,Intel Core Ultra 7 processor 270K Plus LGA 1851 5.5Ghz Processor,PROCESSOR,16.0,335200.0,0.0,0.0,335200.0,20950.0
2025-01,4513,AMD Ryzen 5 5600X Socket AM4 3.7GHz Processor with Wraith Stealth Cooler MPK,PROCESSOR,9.0,80550.0,0.0,0.0,80550.0,8950.0
2025-01,5640,AMD Ryzen 5 5500 Socket Am4 3.6GHz Processor with AMD wraith cooler MPK,PROCESSOR,15.0,78000.0,0.0,0.0,78000.0,5200.0
2025-01,5663,AMD Ryzen 5 5600 Socket Am4 3.5GHz Processor with Wraith stealth cooler MPK,PROCESSOR,8.0,57600.0,0.0,0.0,57600.0,7200.0
2025-01,7098,AMD Ryzen 7 5700G Socket Am4 3.8GHz with Radeon Vega 8 wraith stealth cooler Processor MPK,PROCESSOR,7.0,85750.0,0.0,0.0,85750.0,12250.0
2025-01,7929,AMD Ryzen 7 5700X Socket AM4 3.4GHz Processor with AMD Wraith Stealth cooler MPK,PROCESSOR,17.0,169150.0,0.0,0.0,169150.0,9950.0
2025-01,8432,AMD Ryzen 3 3200g PRO Socket Am4 3.6ghz with Radeon Vega 8 Processor MPK,PROCESSOR,7.0,23765.0,0.0,0.0,23765.0,3395.0
2025-01,9608,AMD RYZEN 7 7800X3D Socket AM5 D5 5.0ghz with Radeon Graphics processor TTP,PROCESSOR,7.0,129150.0,0.0,0.0,129150.0,18450.0
2025-01,9614,AMD RYZEN 7 9800X3D Socket AM5 D5 5.2ghz with Radeon Graphics processor,PROCESSOR,10.0,279500.0,0.0,0.0,279500.0,27950.0
2025-01,9776,AMD Ryzen 5 5600GT 3.6GHz AM4 Socket DDR4 Processor MPK,PROCESSOR,8.0,73560.0,0.0,0.0,73560.0,9195.0
2025-01,9841,Intel Core i5-14400 4.7GHz LGA 1700 Processor MPK,PROCESSOR,2.0,23900.0,0.0,0.0,23900.0,11950.0
2025-01,10697,Lexar NQ100 256GB Solid State Drive SATA 2.5,SOLID STATE DRIVE,14.0,55930.0,0.0,0.0,55930.0,3995.0
2025-01,10797,Lexar NM620 1TB M.2 NVME Solid State Drive,SOLID STATE DRIVE,21.0,170100.0,0.0,0.0,170100.0,8100.0
2025-01,10804,Team Group MP33 512GB M.2 PCIe Gen3.0 x4 NVME 1.3 Solid State Drive,SOLID STATE DRIVE,15.0,93750.0,0.0,0.0,93750.0,6250.0
2025-01,11148,Teamgroup T-Force GA Pro 1TB NVMe M.2 Gen 5 Solid State Drive,SOLID STATE DRIVE,9.0,97650.0,0.0,0.0,97650.0,10850.0
2025-01,11152,Hiksemi Wave S 256B SATA 2.5 Solid State Drive,SOLID STATE DRIVE,18.0,60300.0,0.0,0.0,60300.0,3350.0
2025-01,11269,Hiksemi Wave P 256GB PCIE Gen3 M.2 Solid State Drive,SOLID STATE DRIVE,20.0,69900.0,0.0,0.0,69900.0,3495.0
2025-01,11323,ESGaming 512GB SATA 2.5 Solid State Drive,SOLID STATE DRIVE,11.0,48345.0,0.0,0.0,48345.0,4395.0
2025-01,11577,Apacer AS2280P4 512GB PCIe Gen 3x4 M.2 NVMe Solid State Drive,SOLID STATE DRIVE,16.0,84720.0,0.0,0.0,84720.0,5295.0
2025-01,1681,Team Group GX2 Solid State Drive 256gb SATA 2.5,SOLID STATE DRIVE,29.0,100050.0,0.0,0.0,100050.0,3450.0
2025-01,1909,Lexar NS10 Lite Solid State Drive 120gb SATA 2.5,SOLID STATE DRIVE,21.0,30450.0,0.0,0.0,30450.0,1450.0
2025-01,6856,Team Group MP33 256GB M.2 PCIe NVME Solid State Drive,SOLID STATE DRIVE,24.0,80400.0,0.0,0.0,80400.0,3350.0
2025-01,6936,Adata SU650 Solid State Drive 512GB SATA 2.5,SOLID STATE DRIVE,14.0,69930.0,0.0,0.0,69930.0,4995.0
2025-01,10833,"ORTIZAN C7 Dual-Mode 2.0 Studio Monitors, Active Monitor Speakers, White",SPEAKER,1.0,3195.0,0.0,0.0,3195.0,3195.0
2025-01,503,Edifier R12U Usb Powered Speaker Black,SPEAKER,1.0,950.0,0.0,0.0,950.0,950.0
2025-01,9768,Edifier T5 Powered Subwoofer,SPEAKER,1.0,4950.0,0.0,0.0,4950.0,4950.0
2025-01,2991,APC Back-Ups BVX650I-PH 360 Watts 650va with Avr Universal Sockets Ups,UPS & AVR,7.0,15400.0,0.0,0.0,15400.0,2200.0
2025-01,36,Secure 220v Avr,UPS & AVR,8.0,2000.0,0.0,0.0,2000.0,250.0
2025-01,454,Secure 650va Ups,UPS & AVR,5.0,7250.0,0.0,0.0,7250.0,1450.0
2025-02,6252,RAKK SINAG98 Polycarbonate Case,ACCESSORIES,1.0,1.0,0.0,0.0,1.0,1.0
2025-02,10952,EPOS Sennheiser Impact SC 260 ED Headset,AUDIO,3.0,3960.0,0.0,0.0,3960.0,1320.0
2025-02,10991,Logitech G PRO X Wired 7.1 Gaming Headset,AUDIO,3.0,13650.0,0.0,0.0,13650.0,4550.0
2025-02,10993,Logitech G PRO X Wired 7.1 Gaming Headset (League of Legends Edition),AUDIO,3.0,13650.0,0.0,0.0,13650.0,4550.0
2025-02,11507,Accutone UB210 Noise Cancelling Headset Black,AUDIO,4.0,6200.0,0.0,0.0,6200.0,1550.0
2025-02,11508,Accutone Sonar 280 Wireless & Wired Noise Cancelling Headset Black,AUDIO,1.0,2060.0,0.0,0.0,2060.0,2060.0
2025-02,11509,Accutone Converse 95 Noise Cancelling Headset Black,AUDIO,5.0,11600.0,0.0,0.0,11600.0,2320.0
2025-02,11510,Accutone Nexus 2000 MagSafe Speaker Blue,AUDIO,3.0,3750.0,0.0,0.0,3750.0,1250.0
2025-02,11511,Accutone Nexus 2000 MagSafe Speaker Gray,AUDIO,4.0,5000.0,0.0,0.0,5000.0,1250.0
2025-02,11512,Accutone Nexus 2000 MagSafe Speaker Pink,AUDIO,2.0,2500.0,0.0,0.0,2500.0,1250.0
2025-02,11612,Accutone UB101 Stereo USB Headset Black,AUDIO,7.0,2415.0,0.0,0.0,2415.0,345.0
2025-02,7652,RAKK SONIDO 7.1 Virtual Surround RGB Gaming Headset USB Black,AUDIO,3.0,2985.0,0.0,0.0,2985.0,995.0
2025-02,8581,Edifier W820NB Plus Active Noice Cancellation Bluetooth Stereo Wireless Headset Ivory,AUDIO,5.0,9250.0,0.0,0.0,9250.0,1850.0
2025-02,7824,Hikvision E-HWID 2.8MM Eco-HiWatch 2.mm IR Dome E-HWID,CAMERA,8.0,11600.0,0.0,0.0,11600.0,1450.0
2025-02,78,A4Tech KRS-8572 Usb Keyboard and Mouse Black,COMBO,43.0,21930.0,0.0,0.0,21930.0,510.0
2025-02,9301,RAKK APTAS ILLUMINATED / Membrane Keyboard and Mouse / No software / Rainbow lighting / Black,COMBO,47.0,13395.0,0.0,0.0,13395.0,285.0
2025-02,10370,DarkFlash Infinity 34 3in1 ARGB Chassis Fan Black,COOLING,7.0,8050.0,0.0,0.0,8050.0,1150.0
2025-02,10373,DarkFlash Infinity 34 Single ARGB Chassis Fan White,COOLING,18.0,7560.0,0.0,0.0,7560.0,420.0
2025-02,10386,MSI MAG COREFROZR AA13 ARGB CPU Air Cooler black,COOLING,8.0,9560.0,0.0,0.0,9560.0,1195.0
2025-02,10590,YGT Cyber-120IFB 3in1 ARGB Chassis Fan Black,COOLING,11.0,6050.0,0.0,0.0,6050.0,550.0
2025-02,10743,NZXT F120 RGB Duo Triple Pack (RF-D12TF-W1) with RGB Controller Chassis Fan White,COOLING,7.0,10500.0,0.0,0.0,10500.0,1500.0
2025-02,10839,CoolerMaster Hyper 212 3DHP ARGB CPU Air Cooler Black,COOLING,13.0,18135.0,0.0,0.0,18135.0,1395.0
2025-02,10858,DarkFlash E400 Plus Matrix Display CPU Air Cooler White,COOLING,16.0,26400.0,0.0,0.0,26400.0,1650.0
2025-02,10930,CoolerMaster MasterLiquid 240L Core Liquid Cooling Black,COOLING,12.0,44400.0,0.0,0.0,44400.0,3700.0
2025-02,10966,CoolerMaster V4 Alpha 3DHP CPU Air Cooler Black,COOLING,5.0,9475.0,0.0,0.0,9475.0,1895.0
2025-02,10990,BeQuiet Silent Wings 4 (BL094) 120mm PWM High Speed Single Chassis Fan Black,COOLING,4.0,4800.0,0.0,0.0,4800.0,1200.0
2025-02,11005,Asus AR120 ARGB PWM Single Chassis Fan Black,COOLING,14.0,2100.0,0.0,0.0,2100.0,150.0
2025-02,11159,Jungle Leopard Chill Arc 360mm ARGB Liquid Cooling Black,COOLING,13.0,142350.0,0.0,0.0,142350.0,10950.0
2025-02,11160,Jungle Leopard Chill Arc 360mm ARGB Liquid Cooling White,COOLING,9.0,101655.0,0.0,0.0,101655.0,11295.0
2025-02,11216,CoolerMaster MasterLiquid Core Nex 360 ARGB CPU Liquid Cooler Black,COOLING,12.0,53400.0,0.0,0.0,53400.0,4450.0
2025-02,6174,Deepcool TW-003 CPU Air Cooler,COOLING,15.0,6000.0,0.0,0.0,6000.0,400.0
2025-02,7,AMD Stock Heatsink Fan,COOLING,9.0,1260.0,0.0,0.0,1260.0,140.0
2025-02,7501,DarkFlash DM12 F Single ARGB Chassis Fan Black,COOLING,8.0,1880.0,0.0,0.0,1880.0,235.0
2025-02,7502,DarkFlash DM12 F Single ARGB Chassis Fan White,COOLING,7.0,1995.0,0.0,0.0,1995.0,285.0
2025-02,7505,DarkFlash Infinity24 Single ARGB Chassis Fan Black,COOLING,17.0,4845.0,0.0,0.0,4845.0,285.0
2025-02,9737,MSI MAG Coreliquid A13 240 CPU Liquid Cooler Black,COOLING,10.0,36500.0,0.0,0.0,36500.0,3650.0
2025-02,9835,MSI MAG Coreliquid A13 360 CPU Liquid Cooler Black,COOLING,12.0,51360.0,0.0,0.0,51360.0,4280.0
2025-02,9836,MSI MAG Coreliquid A13 360 CPU Liquid Cooler White,COOLING,12.0,49680.0,0.0,0.0,49680.0,4140.0
2025-02,10425,"ViewSonic VA24G1-H 24"" FHD 144Hz IPS Monitor",DISPLAY,4.0,16600.0,0.0,0.0,16600.0,4150.0
2025-02,10540,"ASUS ROG Strix XG27ACMES 27"" QHD 255Hz-OC Fast IPS Monitor",DISPLAY,9.0,143955.0,0.0,0.0,143955.0,15995.0
2025-02,10711,"ASUS TUF Gaming Series 5 VG259QMR5A 24.5"" FHD 310Hz(OC) Fast-IPS Monitor",DISPLAY,3.0,28485.0,0.0,0.0,28485.0,9495.0
2025-02,10836,"AOC 24G11ZE 23.8"" 240Hz OC FHD Fast IPS Monitor",DISPLAY,9.0,59355.0,0.0,0.0,59355.0,6595.0
2025-02,10918,"Philips 24E2G2200 23.8"" 144Hz IPS FHD Monitor",DISPLAY,3.0,12585.0,0.0,0.0,12585.0,4195.0
2025-02,10919,"Philips 27E2G2200 27"" 144Hz IPS FHD Monitor",DISPLAY,7.0,41965.0,0.0,0.0,41965.0,5995.0
2025-02,10940,"MSI MAG 245F X24 23.8"" 240Hz FHD Rapid IPS Monitor",DISPLAY,9.0,58050.0,0.0,0.0,58050.0,6450.0
2025-02,10941,"MSI MAG 272F X24 27"" 240Hz FHD Rapid IPS Monitor",DISPLAY,7.0,62650.0,0.0,0.0,62650.0,8950.0
2025-02,11074,"AOC 24B36XE 23.8"" FHD 144Hz IPS Monitor",DISPLAY,10.0,42500.0,0.0,0.0,42500.0,4250.0
2025-02,11127,"Nvision N2455GT-B 23.8"" FHD 144Hz IPS Monitor",DISPLAY,3.0,11850.0,0.0,0.0,11850.0,3950.0
2025-02,11151,"MSI MAG 275QF E20 27"" WQHD 200Hz Rapid IPS Monitor",DISPLAY,6.0,69000.0,0.0,0.0,69000.0,11500.0
2025-02,11208,"Gamdias Atlas HD24IF IV 23.8"" 240Hz FHD Fast IPS Monitor Black",DISPLAY,11.0,64570.0,0.0,0.0,64570.0,5870.0
2025-02,11258,"AOC Q27G4SL/WS 27"" QHD 320Hz Fast IPS HDR 400 Monitor",DISPLAY,2.0,27600.0,0.0,0.0,27600.0,13800.0
2025-02,11472,"MSI PRO MP251 E14L 24.5"" 144HZ FHD IPS Monitor",DISPLAY,9.0,38925.0,0.0,0.0,38925.0,4325.0
2025-02,11473,"Asus TUF Gaming VG259QM5A 24.5"" 240Hz IPS Gaming Monitor",DISPLAY,8.0,63160.0,0.0,0.0,63160.0,7895.0
2025-02,11528,"LG 24U411A-B 23.8"" 120Hz FHD IPS Monitor",DISPLAY,12.0,43800.0,0.0,0.0,43800.0,3650.0
2025-02,7785,Nvision N190V8 19' LED Monitor,DISPLAY,11.0,18700.0,0.0,0.0,18700.0,1700.0
2025-02,7786,"Nvision N200V8 20"" LED Monitor",DISPLAY,9.0,15435.0,0.0,0.0,15435.0,1715.0
2025-02,8060,"Nvision H22V8 21.5"" LED Monitor",DISPLAY,14.0,31360.0,0.0,0.0,31360.0,2240.0
2025-02,9904,"Viewsonic VX2479A-HD-PRO 24"" 240Hz FHD 1MS MPRT IPS HDR10 Gaming Monitor",DISPLAY,6.0,37980.0,0.0,0.0,37980.0,6330.0
2025-02,11003,RAKK SUKOG LITE 800x400x3mm Mousepad Black,GAMING SURFACE,14.0,2660.0,0.0,0.0,2660.0,190.0
2025-02,10053,ASUS Dual Nvidia Geforce RTX 3050 OC Edition (DUAL-RTX3050-O6G) 6GB 96-bit GDRR6 Videocard,GRAPHIC CARD,4.0,57800.0,0.0,0.0,57800.0,14450.0
2025-02,10072,MSI Nvidia GeForce RTX 5060 VENTUS 2X OC (G5060-8V2C) 8GB 128-bit GDDR7 Videocard,GRAPHIC CARD,6.0,147000.0,0.0,0.0,147000.0,24500.0
2025-02,10080,Gigabyte Nvidia GeForce RTX 5060 AERO OC (GV-N5060AERO-OC-8GD) 8GB 128-bit GDDR7 Videocard,GRAPHIC CARD,7.0,180250.0,0.0,0.0,180250.0,25750.0
2025-02,10152,MSI GeForce RTX 5070 Ti VENTUS 3X OC (G507T-16V3C) 16GB 256-bit GDDR7 Videocard,GRAPHIC CARD,6.0,395700.0,0.0,0.0,395700.0,65950.0
2025-02,10155,ASUS DUAL GeForce RTX 5060 (DUAL-RTX5060-8G) 8GB 128-bit GDDR7 Videocard,GRAPHIC CARD,4.0,99800.0,0.0,0.0,99800.0,24950.0
2025-02,10206,ASUS Dual RX 7600 EVO OC Edition DUAL-RX7600-O8G-EVO 8GB 128-bit GDDR6 Videocard,GRAPHIC CARD,12.0,275400.0,0.0,0.0,275400.0,22950.0
2025-02,10207,ASUS Prime AMD Radeon RX 9060 XT OC (PRIME-RX9060XT-O16G) 16GB 128-Bit GDDR6 Videocard,GRAPHIC CARD,15.0,524250.0,0.0,0.0,524250.0,34950.0
2025-02,10225,MSI Nvidia GeForce RTX 5060 SHADOW 2X OC (G5060-8S2C) 8GB 128-bit GDDR7 Videocard,GRAPHIC CARD,2.0,49900.0,0.0,0.0,49900.0,24950.0
2025-02,10660,MSI Nvidia GeForce RTX 5050 VENTUS 2X OC (G5050-8V2C) 128-bit GDDR6 Videocard,GRAPHIC CARD,8.0,159600.0,0.0,0.0,159600.0,19950.0
2025-02,11557,ASUS DUAL Nvidia GeForce RTX 5060 Ti OC Edition (DUAL-RTX5060TI-O8G) 8GB 128-bit GDDR7 Videocard,GRAPHIC CARD,10.0,289500.0,0.0,0.0,289500.0,28950.0
2025-02,11591,MSI GeForce RTX 5060 Ventus 2X OC v1 (G5060-8V2CV1) 8GB 128-bit GDDR7 Videocard,GRAPHIC CARD,5.0,128250.0,0.0,0.0,128250.0,25650.0
2025-02,11636,Colorful Nvidia GeForce RTX 3050 6GB V4-V 96-bit GDDR6 Videocard,GRAPHIC CARD,6.0,73500.0,0.0,0.0,73500.0,12250.0
2025-02,8396,MSI GEFORCE RTX 3050 VENTUS 2X OC 6GB 96-bit DDR6 Videocard,GRAPHIC CARD,8.0,113600.0,0.0,0.0,113600.0,14200.0
2025-02,9396,Biostar Rx 580 VA5815RQ82 Dual Cooling Fan 8gb 256bit GDdr5 Gaming Videocard,GRAPHIC CARD,6.0,47700.0,0.0,0.0,47700.0,7950.0
2025-02,9883,Asus Prime AMD Radeon RX 9070 OC (PRIME-RX9070-O16G) 16GB 256-Bit GDDR6 Videocard,GRAPHIC CARD,10.0,479500.0,0.0,0.0,479500.0,47950.0
2025-02,9967,MSI Nvidia GeForce RTX 5070 VENTUS 2X OC 12GB 192-bit GDDR7 Videocard,GRAPHIC CARD,4.0,187800.0,0.0,0.0,187800.0,46950.0
2025-02,160,Seagate 1tb ST1000DM010 Harddisk Drive,HARD DISK,2.0,6900.0,0.0,0.0,6900.0,3450.0
2025-02,11573,Aula S75 Pro RGB Gaming Mechanical Wireless Tri-Mode Keyboard Gradient Pink,KEYBOARD,19.0,46550.0,0.0,0.0,46550.0,2450.0
2025-02,4285,Fantech MAXPOWER MK853 Mechanical Gaming Keyboard White - BLUE Switch,KEYBOARD,15.0,22200.0,0.0,0.0,22200.0,1480.0
2025-02,11464,"MSI Cyborg 15 A13VE-2453PHNN 15.6"" FHD IPS 144Hz Intel Core i5-13420H/8GB DDR5-5200/512GB NVMe SSD PCIe Gen4/RTX 4050 6GD6/Win11 Laptop",LAPTOP GA2,2.0,117990.0,0.0,0.0,117990.0,58995.0
2025-02,9998,"Gigabyte Gaming A16 CMHH2PH893SH 16.0"" WUXGA 165Hz Intel Core i5-13420H/16GB DDR5/512GB 2x M.2 SSD/ RTX 4050 6GB/Win11Laptop",LAPTOP GA2,1.0,62995.0,0.0,0.0,62995.0,62995.0
2025-02,11564,"Asus Vivobook 14 X1404VA-EB2200WSM 14.0"" FHD Intel Core 5 120U/8GB DDR5/512GB SSD/Win11 Laptop H&S+M365 + Laptop Bag",LAPTOP PR2,3.0,131985.0,0.0,0.0,131985.0,43995.0
2025-02,11527,"Lenovo V15 G4 ABP 15.6"" FHD Ryzen 7-7730U/8GB DDR4/512GB NVMe SSD/Win11 Pro Laptop SE",LAPTOP PR3,2.0,79990.0,0.0,0.0,79990.0,39995.0
2025-02,11550,"Lenovo V15 G5 IRL 15.6"" Intel Core i5-13420H/16GB DDR5/512GB SSD Laptop/Win11 Laptop SE + Laptop Bag",LAPTOP PR3,1.0,44995.0,0.0,0.0,44995.0,44995.0
2025-02,10286,Lexar LD5S16G56C46ST-BGS 16GB 5600Mhz DDR5 Sodimm Memory,MEMORY,11.0,171600.0,0.0,0.0,171600.0,15600.0
2025-02,10789,Teamgroup Vulcan 16GB 8GBx2 6000Mhz CL38 DDR5 Memory,MEMORY,11.0,159500.0,0.0,0.0,159500.0,14500.0
2025-02,10905,Lexar Ares 8GB LD4U08G32C16LA-RGS 3200Mhz DDR4 RGB Memory Black,MEMORY,15.0,63750.0,0.0,0.0,63750.0,4250.0
2025-02,11052,Biostar Storming V 8GB 3200Mhz DDR4 Memory,MEMORY,11.0,45650.0,0.0,0.0,45650.0,4150.0
2025-02,11185,Crucial 16GB CT16G4SFRA32A 3200Mhz DDR4 Sodimm,MEMORY,15.0,123750.0,0.0,0.0,123750.0,8250.0
2025-02,11327,HKC PC 16gb 3200mhz DDR4 with Heatsink Memory Black,MEMORY,14.0,86730.0,0.0,0.0,86730.0,6195.0
2025-02,11444,FASPEED 8GB 3200Mhz DDR4 with Heatsink Memory,MEMORY,9.0,28350.0,0.0,0.0,28350.0,3150.0
2025-02,11450,HKC PC 8gb 3200mhz DDR4 with Heatsink Memory Black,MEMORY,14.0,48300.0,0.0,0.0,48300.0,3450.0
2025-02,11548,Hiksemi Future 16GB (16x1) HSC516U56C2 5600Mhz CL38 DDR5 Memory Black,MEMORY,21.0,314895.0,0.0,0.0,314895.0,14995.0
2025-02,1372,Ramsta 4gb 1x4 2666mhz Ddr4 Memory,MEMORY,11.0,5500.0,0.0,0.0,5500.0,500.0
2025-02,2489,Ramsta 4gb 1x4 2666mhz Ddr4 Sodimm Memory,MEMORY,7.0,2800.0,0.0,0.0,2800.0,400.0
2025-02,3150,Team Elite TForce Delta 16gb 2x8 3600mhz Ddr4 RGB Memory Black,MEMORY,17.0,155550.0,0.0,0.0,155550.0,9150.0
2025-02,3151,Team Elite TForce Delta 16gb 2x8 3600mhz Ddr4 RGB Memory White,MEMORY,7.0,64050.0,0.0,0.0,64050.0,9150.0
2025-02,4055,Team Elite Plus 8gb 1x8 3200Mhz Ddr4 Memory Black Gold,MEMORY,16.0,76000.0,0.0,0.0,76000.0,4750.0
2025-02,9324,KINGBANK 16GB 1x16 3200mhz DDR4 with Heatsink Memory Silver,MEMORY,8.0,59600.0,0.0,0.0,59600.0,7450.0
2025-02,11448,Y5Pro Intel Core i5 8250U / 16GB DDr4 / 512GB SSD / WIFI 5 DUAL / 4* USB 3.0 / 2* HDMI 2.0 / 1* RJ45 1000Mbps / 1* Type-C / Windows 11 Pro Mini PC,MINI PC,1.0,20950.0,0.0,0.0,20950.0,20950.0
2025-02,11579,Y5Plus Intel Core i7 4650U / 8GB DDr3 / 128GB SSD / WIFI 5 DUAL / 4* USB 3.0 / 2* HDMI 2.0 / 1* RJ45 1000Mbps / 1* Type-C / Windows 11 Pro Mini PC,MINI PC,4.0,39800.0,0.0,0.0,39800.0,9950.0
2025-02,10295,Asus B650M-AYW Wifi DDR5 AMD Motherboard,MOTHERBOARD,9.0,65655.0,0.0,0.0,65655.0,7295.0
2025-02,10296,Asus Prime A520M-K/CSM AM4 AMD Motherboard,MOTHERBOARD,9.0,29655.0,0.0,0.0,29655.0,3295.0
2025-02,10647,ASUS PRIME B850M-A WIFI-CSM Socket AM5 DDR5 Motherboard,MOTHERBOARD,18.0,206910.0,0.0,0.0,206910.0,11495.0
2025-02,10675,MSI B650M GAMING WIFI AM5 DDR5 Motherboard,MOTHERBOARD,10.0,73950.0,0.0,0.0,73950.0,7395.0
2025-02,11556,Gigabyte B550M-K Socket Am4 Ddr4 Motherboard,MOTHERBOARD,10.0,49500.0,0.0,0.0,49500.0,4950.0
2025-02,11558,Asus B760M-AYW WIFI Socket LGA 1700 Ddr4 Motherboard,MOTHERBOARD,21.0,196350.0,0.0,0.0,196350.0,9350.0
2025-02,11593,Gigabyte B860M GAMING X WIFI6E LGA1851 Socket Ddr5 Motherboard,MOTHERBOARD,10.0,120950.0,0.0,0.0,120950.0,12095.0
2025-02,2756,MSI B550M Pro VDH Wifi Socket Am4 Ddr4 Motherboard,MOTHERBOARD,18.0,114300.0,0.0,0.0,114300.0,6350.0
2025-02,3367,MSI A520m-A Pro Socket Am4 Ddr4 Motherboard,MOTHERBOARD,10.0,32500.0,0.0,0.0,32500.0,3250.0
2025-02,4492,Asus Prime B550M-A Wifi II Socket Am4 Ddr4 Gaming Motherboard,MOTHERBOARD,12.0,77400.0,0.0,0.0,77400.0,6450.0
2025-02,7615,MSI B650M Project zero socket LGA AM5 DDR5 Motherboard,MOTHERBOARD,10.0,128500.0,0.0,0.0,128500.0,12850.0
2025-02,8617,Asrock A520M-HVS Socket Am4 DDR4 Motherboard,MOTHERBOARD,8.0,25200.0,0.0,0.0,25200.0,3150.0
2025-02,9385,Biostar A520MHP Socket Am4 DDR4 Motherboard,MOTHERBOARD,8.0,23160.0,0.0,0.0,23160.0,2895.0
2025-02,9759,MSI PRO X870-P WIFI Ddr5 AM5 Motherboard,MOTHERBOARD,9.0,161550.0,0.0,0.0,161550.0,17950.0
2025-02,9879,MSI B550M-A PRO Socket Am4 Ddr4 Motherboard,MOTHERBOARD,18.0,83700.0,0.0,0.0,83700.0,4650.0
2025-02,9970,Asus Prime B550M-K ARGB Socket Am4 Ddr4 Motherboard,MOTHERBOARD,8.0,38800.0,0.0,0.0,38800.0,4850.0
2025-02,10488,RAKK DASIG X3 Ambidextrous Hotswap Trimode PAW3311 Huano 80M RGB Gaming Mouse Black,MOUSE,10.0,9950.0,0.0,0.0,9950.0,995.0
2025-02,10489,RAKK DASIG X3 Ambidextrous Hotswap Trimode PAW3311 Huano 80M RGB Gaming Mouse White,MOUSE,3.0,2985.0,0.0,0.0,2985.0,995.0
2025-02,10776,RAKK TALAN AERO X PAW3395 8K Polling Omron Optical Trimode Lightweight 55g Gaming Mouse Black,MOUSE,7.0,15365.0,0.0,0.0,15365.0,2195.0
2025-02,10994,Logitech G 502X Wired Gaming Mouse White,MOUSE,10.0,30950.0,0.0,0.0,30950.0,3095.0
2025-02,3513,Logitech G102 Lightsync Gaming Mouse Black,MOUSE,13.0,12090.0,0.0,0.0,12090.0,930.0
2025-02,3700,Logitech G102 Lightsync Gaming Mouse White,MOUSE,11.0,10230.0,0.0,0.0,10230.0,930.0
2025-02,9299,RAKK DASIG LITE Huano Switch RGB Gaming Mouse,MOUSE,8.0,2240.0,0.0,0.0,2240.0,280.0
2025-02,11172,DITO Home WoWFi Lite 4G WiFi Router,NETWORK DEVICE,6.0,5880.0,0.0,0.0,5880.0,980.0
2025-02,11173,DITO Home WoWFi Pro 5G WiFi Router,NETWORK DEVICE,1.0,1490.0,0.0,0.0,1490.0,1490.0
2025-02,11356,TP-Link Archer BE220 Dual Band Wi-Fi 7 Router,NETWORK DEVICE,2.0,4500.0,0.0,0.0,4500.0,2250.0
2025-02,11460,ASUS RT-BE50 BE3600 Dual Band WiFi 7 Router,NETWORK DEVICE,5.0,14975.0,0.0,0.0,14975.0,2995.0
2025-02,130,Tp-Link TL-WA901ND Wireless N Access Point,NETWORK DEVICE,1.0,1894.0,0.0,0.0,1894.0,1894.0
2025-02,1693,TP-Link TL-WR820N 300Mbps Multimode Wi-Fi Router,NETWORK DEVICE,3.0,1470.0,0.0,0.0,1470.0,490.0
2025-02,10146,MSI PANO 110R PZ Mid Tower Gaming PC Case Black,PC CASE,2.0,8400.0,0.0,0.0,8400.0,4200.0
2025-02,10518,NZXT H6 Flow CC-H61FW-01 Tempered Glass ATX PC Case White,PC CASE,11.0,47850.0,0.0,0.0,47850.0,4350.0
2025-02,10519,NZXT H7 Flow (2024) CM-H72FW-01 ATX PC Case White,PC CASE,5.0,23250.0,0.0,0.0,23250.0,4650.0
2025-02,10520,NZXT H7 Flow RGB (2024) CM-H72FB-R1 ATX PC Case Black,PC CASE,5.0,21750.0,0.0,0.0,21750.0,4350.0
2025-02,10668,CoolerMaster Elite 302 ARGB Micro ATX PC Case Black,PC CASE,9.0,26955.0,0.0,0.0,26955.0,2995.0
2025-02,10808,MSI PAG PANO M110A ARGB Micro ATX PC Case Black,PC CASE,5.0,12250.0,0.0,0.0,12250.0,2450.0
2025-02,10828,DarkFlash Floatron F1 Micro ATX PC Case Black & White,PC CASE,9.0,35955.0,0.0,0.0,35955.0,3995.0
2025-02,10928,CoolerMaster Qube 540 Moonstone ATX PC Case,PC CASE,8.0,31960.0,0.0,0.0,31960.0,3995.0
2025-02,10963,CoolerMaster Elite 600 ARGB ATX Mid Tower PC Case Black,PC CASE,10.0,53500.0,0.0,0.0,53500.0,5350.0
2025-02,10972,Asus A31 Tempered Glass Mid Tower ATX PC Case White,PC CASE,8.0,27200.0,0.0,0.0,27200.0,3400.0
2025-02,11002,RAKK TANAN MATX Tempered Glass with PSU and Fans,PC CASE,5.0,6475.0,0.0,0.0,6475.0,1295.0
2025-02,11068,DarkFlash M305 with 3 RGB Fan Micro ATX Tempered Glass Gaming PC Case Black,PC CASE,11.0,15345.0,0.0,0.0,15345.0,1395.0
2025-02,11102,YGT Mars 9 Micro ATX PC Case with PSU Black,PC CASE,6.0,4770.0,0.0,0.0,4770.0,795.0
2025-02,11131,Asus A21 Tempered Glass Micro ATX PC Case Black,PC CASE,6.0,17970.0,0.0,0.0,17970.0,2995.0
2025-02,11306,Gamdias Aura GC10 v2 ARGB Dual Chamber Micro ATX PC Case Black,PC CASE,14.0,34930.0,0.0,0.0,34930.0,2495.0
2025-02,11406,Cougar MX110 RGB Mid Tower Tempered Glass ATX PC Case Black,PC CASE,9.0,21150.0,0.0,0.0,21150.0,2350.0
2025-02,11546,YGT 420B Micro ATX PC Case Black,PC CASE,13.0,16250.0,0.0,0.0,16250.0,1250.0
2025-02,6579,InPlay Wind 01 Acrylic Side Panel Micro ATX PC Case,PC CASE,7.0,0.0,0.0,0.0,0.0,0.0
2025-02,7367,MSI MAG Forge M100A Auto RGB Micro ATX PC Case Black,PC CASE,5.0,10950.0,0.0,0.0,10950.0,2190.0
2025-02,9897,YGT V100 Micro ATX PC Case with PSU White,PC CASE,9.0,8010.0,0.0,0.0,8010.0,890.0
2025-02,9973,MSI MAG PANO 100R Project Zero Micro ATX PC Case Black,PC CASE,6.0,39900.0,0.0,0.0,39900.0,6650.0
2025-02,10052,Asus Prime 650W 80+ Bronze Power Supply,POWER SUPPLY,7.0,25550.0,0.0,0.0,25550.0,3650.0
2025-02,10208,Asus Prime AP-850W 80+ Gold Full Modular Power Supply,POWER SUPPLY,11.0,82445.0,0.0,0.0,82445.0,7495.0
2025-02,10376,ASRock Pro-650B 650W 80+ Bronze Non-Modular ATX 3.1 Power Supply,POWER SUPPLY,5.0,13250.0,0.0,0.0,13250.0,2650.0
2025-02,10679,ASRock Steel Legend SL-1000G 1000W 80+ Gold Cybenetics Gold ATX 3.1 Full Modular Power Supply,POWER SUPPLY,6.0,56700.0,0.0,0.0,56700.0,9450.0
2025-02,11266,Acer AC-500 500W Non-Modular 80+ Bronze Power Supply Black,POWER SUPPLY,6.0,7500.0,0.0,0.0,7500.0,1250.0
2025-02,11267,Acer AC-650 650W Non-Modular 80+ Bronze Power Supply Black,POWER SUPPLY,9.0,16101.0,0.0,0.0,16101.0,1789.0
2025-02,11332,Acer AC-750 750W Non-Modular 80+ Bronze Power Supply Black,POWER SUPPLY,12.0,25200.0,0.0,0.0,25200.0,2100.0
2025-02,176,Intelligent 700 watts Power Supply,POWER SUPPLY,14.0,6300.0,0.0,0.0,6300.0,450.0
2025-02,4079,MSI MAG A650BN 650Watts 80+ Non-Modular Power Supply Bronze,POWER SUPPLY,7.0,23065.0,0.0,0.0,23065.0,3295.0
2025-02,4080,MSI MAG A550BN 550Watts 80+ Non-Modular Power Supply Bronze,POWER SUPPLY,10.0,28550.0,0.0,0.0,28550.0,2855.0
2025-02,6242,MSI MAG A600DN 600W 80+ Power Supply,POWER SUPPLY,16.0,44240.0,0.0,0.0,44240.0,2765.0
2025-02,7838,MSI MAG A850GL 850Watts PCIE5 80+ Full Modular Power Supply Gold Black,POWER SUPPLY,11.0,79530.0,0.0,0.0,79530.0,7230.0
2025-02,8542,Acer AC-550 550w Full Modular 80plus Bronze Power Supply,POWER SUPPLY,8.0,11480.0,0.0,0.0,11480.0,1435.0
2025-02,8543,Acer AC-650 650w Full Modular  80plus Bronze Power Supply,POWER SUPPLY,7.0,14385.0,0.0,0.0,14385.0,2055.0
2025-02,9703,CoolerMaster MWE 650W V3 (MPE-6501-ACABW-3BUS) 80+ Bronze ATX 3.1 Power Supply,POWER SUPPLY,26.0,99060.0,0.0,0.0,99060.0,3810.0
2025-02,9938,CoolerMaster MWE 750W V3 (MPE-7501-ACABW-3BUS) 80+ Bronze ATX 3.1 Power Supply,POWER SUPPLY,8.0,34544.0,0.0,0.0,34544.0,4318.0
2025-02,11598,Epson L3310 Multi Functional Integrated Ink Tank Printer,PRINTER AND SCANNER,2.0,18100.0,0.0,0.0,18100.0,9050.0
2025-02,2008,Canon Pixma TS207 Printer Inkjet,PRINTER AND SCANNER,1.0,2230.0,0.0,0.0,2230.0,2230.0
2025-02,3940,Epson L121 Ink Tank Printer,PRINTER AND SCANNER,4.0,21800.0,0.0,0.0,21800.0,5450.0
2025-02,10057,AMD Ryzen 9 9900X 4.4GHz AM5 Socket DDR5 Processor TTP,PROCESSOR,7.0,174650.0,0.0,0.0,174650.0,24950.0
2025-02,10102,AMD Ryzen 7 7700 Socket AM5 3.8GHz Processor MPK,PROCESSOR,11.0,131450.0,0.0,0.0,131450.0,11950.0
2025-02,10110,AMD Ryzen 5 5500GT 3.6GHz AM4 Socket DDR4 Processor MPK,PROCESSOR,16.0,129520.0,0.0,0.0,129520.0,8095.0
2025-02,10911,Intel Core i9-14900K Raptor Lake Socket LGA 1700 3.20GHz Processor MPK,PROCESSOR,7.0,223650.0,0.0,0.0,223650.0,31950.0
2025-02,10938,AMD Ryzen 5 8400F 4.2GHz AM5 Socket DDR5 Processor MPK,PROCESSOR,13.0,116350.0,0.0,0.0,116350.0,8950.0
2025-02,11064,AMD Ryzen 5 3400g 3.7ghz AM4 Socket DDR4 Processor MPK,PROCESSOR,11.0,41745.0,0.0,0.0,41745.0,3795.0
2025-02,11065,AMD Ryzen 7 8700F 4.1ghz AM5 Socket DDR5 Processor MPK,PROCESSOR,11.0,103950.0,0.0,0.0,103950.0,9450.0
2025-02,11592,Intel Core Ultra 7 processor 270K Plus LGA 1851 5.5Ghz Processor,PROCESSOR,8.0,167600.0,0.0,0.0,167600.0,20950.0
2025-02,4513,AMD Ryzen 5 5600X Socket AM4 3.7GHz Processor with Wraith Stealth Cooler MPK,PROCESSOR,10.0,89500.0,0.0,0.0,89500.0,8950.0
2025-02,5640,AMD Ryzen 5 5500 Socket Am4 3.6GHz Processor with AMD wraith cooler MPK,PROCESSOR,11.0,57200.0,0.0,0.0,57200.0,5200.0
2025-02,5663,AMD Ryzen 5 5600 Socket Am4 3.5GHz Processor with Wraith stealth cooler MPK,PROCESSOR,20.0,144000.0,0.0,0.0,144000.0,7200.0
2025-02,7098,AMD Ryzen 7 5700G Socket Am4 3.8GHz with Radeon Vega 8 wraith stealth cooler Processor MPK,PROCESSOR,11.0,134750.0,0.0,0.0,134750.0,12250.0
2025-02,7929,AMD Ryzen 7 5700X Socket AM4 3.4GHz Processor with AMD Wraith Stealth cooler MPK,PROCESSOR,11.0,109450.0,0.0,0.0,109450.0,9950.0
2025-02,8432,AMD Ryzen 3 3200g PRO Socket Am4 3.6ghz with Radeon Vega 8 Processor MPK,PROCESSOR,13.0,44135.0,0.0,0.0,44135.0,3395.0
2025-02,9608,AMD RYZEN 7 7800X3D Socket AM5 D5 5.0ghz with Radeon Graphics processor TTP,PROCESSOR,10.0,184500.0,0.0,0.0,184500.0,18450.0
2025-02,9614,AMD RYZEN 7 9800X3D Socket AM5 D5 5.2ghz with Radeon Graphics processor,PROCESSOR,7.0,195650.0,0.0,0.0,195650.0,27950.0
2025-02,9776,AMD Ryzen 5 5600GT 3.6GHz AM4 Socket DDR4 Processor MPK,PROCESSOR,8.0,73560.0,0.0,0.0,73560.0,9195.0
2025-02,9841,Intel Core i5-14400 4.7GHz LGA 1700 Processor MPK,PROCESSOR,8.0,95600.0,0.0,0.0,95600.0,11950.0
2025-02,10697,Lexar NQ100 256GB Solid State Drive SATA 2.5,SOLID STATE DRIVE,19.0,75905.0,0.0,0.0,75905.0,3995.0
2025-02,10797,Lexar NM620 1TB M.2 NVME Solid State Drive,SOLID STATE DRIVE,13.0,105300.0,0.0,0.0,105300.0,8100.0
2025-02,10804,Team Group MP33 512GB M.2 PCIe Gen3.0 x4 NVME 1.3 Solid State Drive,SOLID STATE DRIVE,16.0,100000.0,0.0,0.0,100000.0,6250.0
2025-02,11148,Teamgroup T-Force GA Pro 1TB NVMe M.2 Gen 5 Solid State Drive,SOLID STATE DRIVE,16.0,173600.0,0.0,0.0,173600.0,10850.0
2025-02,11152,Hiksemi Wave S 256B SATA 2.5 Solid State Drive,SOLID STATE DRIVE,24.0,80400.0,0.0,0.0,80400.0,3350.0
2025-02,11269,Hiksemi Wave P 256GB PCIE Gen3 M.2 Solid State Drive,SOLID STATE DRIVE,15.0,52425.0,0.0,0.0,52425.0,3495.0
2025-02,11323,ESGaming 512GB SATA 2.5 Solid State Drive,SOLID STATE DRIVE,14.0,61530.0,0.0,0.0,61530.0,4395.0
2025-02,11577,Apacer AS2280P4 512GB PCIe Gen 3x4 M.2 NVMe Solid State Drive,SOLID STATE DRIVE,22.0,116490.0,0.0,0.0,116490.0,5295.0
2025-02,1681,Team Group GX2 Solid State Drive 256gb SATA 2.5,SOLID STATE DRIVE,21.0,72450.0,0.0,0.0,72450.0,3450.0
2025-02,1909,Lexar NS10 Lite Solid State Drive 120gb SATA 2.5,SOLID STATE DRIVE,14.0,20300.0,0.0,0.0,20300.0,1450.0
2025-02,6856,Team Group MP33 256GB M.2 PCIe NVME Solid State Drive,SOLID STATE DRIVE,19.0,63650.0,0.0,0.0,63650.0,3350.0
2025-02,6936,Adata SU650 Solid State Drive 512GB SATA 2.5,SOLID STATE DRIVE,18.0,89910.0,0.0,0.0,89910.0,4995.0
2025-02,10832,"ORTIZAN C7 Dual-Mode 2.0 Studio Monitors, Active Monitor Speakers, Black",SPEAKER,2.0,6390.0,0.0,0.0,6390.0,3195.0
2025-02,10855,Edifier ES20 Portable Bluetooth Speaker Black,SPEAKER,1.0,1695.0,0.0,0.0,1695.0,1695.0
2025-02,10870,InPlay MS002 Mini Speaker Black,SPEAKER,2.0,420.0,0.0,0.0,420.0,210.0
2025-02,422,Edifier M1250 Usb Powered 2.0 Speaker,SPEAKER,1.0,650.0,0.0,0.0,650.0,650.0
2025-02,503,Edifier R12U Usb Powered Speaker Black,SPEAKER,1.0,950.0,0.0,0.0,950.0,950.0
2025-02,2991,APC Back-Ups BVX650I-PH 360 Watts 650va with Avr Universal Sockets Ups,UPS & AVR,16.0,35200.0,0.0,0.0,35200.0,2200.0
2025-02,36,Secure 220v Avr,UPS & AVR,9.0,2250.0,0.0,0.0,2250.0,250.0
2025-02,454,Secure 650va Ups,UPS & AVR,6.0,8700.0,0.0,0.0,8700.0,1450.0
2025-03,7374,RAKK PRIYO Cushion Foam Pair,ACCESSORIES,1.0,1.0,0.0,0.0,1.0,1.0
2025-03,10653,RAKK Matik USB Gaming Headset LED Illuminated,AUDIO,4.0,1260.0,0.0,0.0,1260.0,315.0
2025-03,10952,EPOS Sennheiser Impact SC 260 ED Headset,AUDIO,3.0,3960.0,0.0,0.0,3960.0,1320.0
2025-03,10991,Logitech G PRO X Wired 7.1 Gaming Headset,AUDIO,3.0,13650.0,0.0,0.0,13650.0,4550.0
2025-03,11507,Accutone UB210 Noise Cancelling Headset Black,AUDIO,4.0,6200.0,0.0,0.0,6200.0,1550.0
2025-03,11508,Accutone Sonar 280 Wireless & Wired Noise Cancelling Headset Black,AUDIO,8.0,16480.0,0.0,0.0,16480.0,2060.0
2025-03,11509,Accutone Converse 95 Noise Cancelling Headset Black,AUDIO,4.0,9280.0,0.0,0.0,9280.0,2320.0
2025-03,11510,Accutone Nexus 2000 MagSafe Speaker Blue,AUDIO,8.0,10000.0,0.0,0.0,10000.0,1250.0
2025-03,11511,Accutone Nexus 2000 MagSafe Speaker Gray,AUDIO,4.0,5000.0,0.0,0.0,5000.0,1250.0
2025-03,11512,Accutone Nexus 2000 MagSafe Speaker Pink,AUDIO,2.0,2500.0,0.0,0.0,2500.0,1250.0
2025-03,11612,Accutone UB101 Stereo USB Headset Black,AUDIO,3.0,1035.0,0.0,0.0,1035.0,345.0
2025-03,7652,RAKK SONIDO 7.1 Virtual Surround RGB Gaming Headset USB Black,AUDIO,5.0,4975.0,0.0,0.0,4975.0,995.0
2025-03,8581,Edifier W820NB Plus Active Noice Cancellation Bluetooth Stereo Wireless Headset Ivory,AUDIO,3.0,5550.0,0.0,0.0,5550.0,1850.0
2025-03,7824,Hikvision E-HWID 2.8MM Eco-HiWatch 2.mm IR Dome E-HWID,CAMERA,4.0,5800.0,0.0,0.0,5800.0,1450.0
2025-03,78,A4Tech KRS-8572 Usb Keyboard and Mouse Black,COMBO,37.0,18870.0,0.0,0.0,18870.0,510.0
2025-03,9301,RAKK APTAS ILLUMINATED / Membrane Keyboard and Mouse / No software / Rainbow lighting / Black,COMBO,68.0,19380.0,0.0,0.0,19380.0,285.0
2025-03,10370,DarkFlash Infinity 34 3in1 ARGB Chassis Fan Black,COOLING,13.0,14950.0,0.0,0.0,14950.0,1150.0
2025-03,10373,DarkFlash Infinity 34 Single ARGB Chassis Fan White,COOLING,7.0,2940.0,0.0,0.0,2940.0,420.0
2025-03,10386,MSI MAG COREFROZR AA13 ARGB CPU Air Cooler black,COOLING,10.0,11950.0,0.0,0.0,11950.0,1195.0
2025-03,10590,YGT Cyber-120IFB 3in1 ARGB Chassis Fan Black,COOLING,14.0,7700.0,0.0,0.0,7700.0,550.0
2025-03,10743,NZXT F120 RGB Duo Triple Pack (RF-D12TF-W1) with RGB Controller Chassis Fan White,COOLING,14.0,21000.0,0.0,0.0,21000.0,1500.0
2025-03,10839,CoolerMaster Hyper 212 3DHP ARGB CPU Air Cooler Black,COOLING,16.0,22320.0,0.0,0.0,22320.0,1395.0
2025-03,10858,DarkFlash E400 Plus Matrix Display CPU Air Cooler White,COOLING,5.0,8250.0,0.0,0.0,8250.0,1650.0
2025-03,10930,CoolerMaster MasterLiquid 240L Core Liquid Cooling Black,COOLING,7.0,25900.0,0.0,0.0,25900.0,3700.0
2025-03,10966,CoolerMaster V4 Alpha 3DHP CPU Air Cooler Black,COOLING,7.0,13265.0,0.0,0.0,13265.0,1895.0
2025-03,10990,BeQuiet Silent Wings 4 (BL094) 120mm PWM High Speed Single Chassis Fan Black,COOLING,9.0,10800.0,0.0,0.0,10800.0,1200.0
2025-03,11005,Asus AR120 ARGB PWM Single Chassis Fan Black,COOLING,15.0,2250.0,0.0,0.0,2250.0,150.0
2025-03,11159,Jungle Leopard Chill Arc 360mm ARGB Liquid Cooling Black,COOLING,8.0,87600.0,0.0,0.0,87600.0,10950.0
2025-03,11160,Jungle Leopard Chill Arc 360mm ARGB Liquid Cooling White,COOLING,9.0,101655.0,0.0,0.0,101655.0,11295.0
2025-03,11216,CoolerMaster MasterLiquid Core Nex 360 ARGB CPU Liquid Cooler Black,COOLING,12.0,53400.0,0.0,0.0,53400.0,4450.0
2025-03,6174,Deepcool TW-003 CPU Air Cooler,COOLING,9.0,3600.0,0.0,0.0,3600.0,400.0
2025-03,7,AMD Stock Heatsink Fan,COOLING,6.0,840.0,0.0,0.0,840.0,140.0
2025-03,7501,DarkFlash DM12 F Single ARGB Chassis Fan Black,COOLING,12.0,2820.0,0.0,0.0,2820.0,235.0
2025-03,7502,DarkFlash DM12 F Single ARGB Chassis Fan White,COOLING,18.0,5130.0,0.0,0.0,5130.0,285.0
2025-03,7505,DarkFlash Infinity24 Single ARGB Chassis Fan Black,COOLING,9.0,2565.0,0.0,0.0,2565.0,285.0
2025-03,9737,MSI MAG Coreliquid A13 240 CPU Liquid Cooler Black,COOLING,12.0,43800.0,0.0,0.0,43800.0,3650.0
2025-03,9835,MSI MAG Coreliquid A13 360 CPU Liquid Cooler Black,COOLING,12.0,51360.0,0.0,0.0,51360.0,4280.0
2025-03,9836,MSI MAG Coreliquid A13 360 CPU Liquid Cooler White,COOLING,11.0,45540.0,0.0,0.0,45540.0,4140.0
2025-03,10425,"ViewSonic VA24G1-H 24"" FHD 144Hz IPS Monitor",DISPLAY,12.0,49800.0,0.0,0.0,49800.0,4150.0
2025-03,10540,"ASUS ROG Strix XG27ACMES 27"" QHD 255Hz-OC Fast IPS Monitor",DISPLAY,8.0,127960.0,0.0,0.0,127960.0,15995.0
2025-03,10711,"ASUS TUF Gaming Series 5 VG259QMR5A 24.5"" FHD 310Hz(OC) Fast-IPS Monitor",DISPLAY,6.0,56970.0,0.0,0.0,56970.0,9495.0
2025-03,10836,"AOC 24G11ZE 23.8"" 240Hz OC FHD Fast IPS Monitor",DISPLAY,6.0,39570.0,0.0,0.0,39570.0,6595.0
2025-03,10918,"Philips 24E2G2200 23.8"" 144Hz IPS FHD Monitor",DISPLAY,8.0,33560.0,0.0,0.0,33560.0,4195.0
2025-03,10919,"Philips 27E2G2200 27"" 144Hz IPS FHD Monitor",DISPLAY,6.0,35970.0,0.0,0.0,35970.0,5995.0
2025-03,10940,"MSI MAG 245F X24 23.8"" 240Hz FHD Rapid IPS Monitor",DISPLAY,11.0,70950.0,0.0,0.0,70950.0,6450.0
2025-03,10941,"MSI MAG 272F X24 27"" 240Hz FHD Rapid IPS Monitor",DISPLAY,14.0,125300.0,0.0,0.0,125300.0,8950.0
2025-03,11074,"AOC 24B36XE 23.8"" FHD 144Hz IPS Monitor",DISPLAY,6.0,25500.0,0.0,0.0,25500.0,4250.0
2025-03,11127,"Nvision N2455GT-B 23.8"" FHD 144Hz IPS Monitor",DISPLAY,8.0,31600.0,0.0,0.0,31600.0,3950.0
2025-03,11151,"MSI MAG 275QF E20 27"" WQHD 200Hz Rapid IPS Monitor",DISPLAY,2.0,23000.0,0.0,0.0,23000.0,11500.0
2025-03,11208,"Gamdias Atlas HD24IF IV 23.8"" 240Hz FHD Fast IPS Monitor Black",DISPLAY,9.0,52830.0,0.0,0.0,52830.0,5870.0
2025-03,11258,"AOC Q27G4SL/WS 27"" QHD 320Hz Fast IPS HDR 400 Monitor",DISPLAY,10.0,138000.0,0.0,0.0,138000.0,13800.0
2025-03,11472,"MSI PRO MP251 E14L 24.5"" 144HZ FHD IPS Monitor",DISPLAY,10.0,43250.0,0.0,0.0,43250.0,4325.0
2025-03,11473,"Asus TUF Gaming VG259QM5A 24.5"" 240Hz IPS Gaming Monitor",DISPLAY,14.0,110530.0,0.0,0.0,110530.0,7895.0
2025-03,11528,"LG 24U411A-B 23.8"" 120Hz FHD IPS Monitor",DISPLAY,11.0,40150.0,0.0,0.0,40150.0,3650.0
2025-03,7785,Nvision N190V8 19' LED Monitor,DISPLAY,5.0,8500.0,0.0,0.0,8500.0,1700.0
2025-03,7786,"Nvision N200V8 20"" LED Monitor",DISPLAY,6.0,10290.0,0.0,0.0,10290.0,1715.0
2025-03,8060,"Nvision H22V8 21.5"" LED Monitor",DISPLAY,8.0,17920.0,0.0,0.0,17920.0,2240.0
2025-03,9904,"Viewsonic VX2479A-HD-PRO 24"" 240Hz FHD 1MS MPRT IPS HDR10 Gaming Monitor",DISPLAY,14.0,88620.0,0.0,0.0,88620.0,6330.0
2025-03,11003,RAKK SUKOG LITE 800x400x3mm Mousepad Black,GAMING SURFACE,22.0,4180.0,0.0,0.0,4180.0,190.0
2025-03,10053,ASUS Dual Nvidia Geforce RTX 3050 OC Edition (DUAL-RTX3050-O6G) 6GB 96-bit GDRR6 Videocard,GRAPHIC CARD,6.0,86700.0,0.0,0.0,86700.0,14450.0
2025-03,10072,MSI Nvidia GeForce RTX 5060 VENTUS 2X OC (G5060-8V2C) 8GB 128-bit GDDR7 Videocard,GRAPHIC CARD,7.0,171500.0,0.0,0.0,171500.0,24500.0
2025-03,10080,Gigabyte Nvidia GeForce RTX 5060 AERO OC (GV-N5060AERO-OC-8GD) 8GB 128-bit GDDR7 Videocard,GRAPHIC CARD,6.0,154500.0,0.0,0.0,154500.0,25750.0
2025-03,10152,MSI GeForce RTX 5070 Ti VENTUS 3X OC (G507T-16V3C) 16GB 256-bit GDDR7 Videocard,GRAPHIC CARD,5.0,329750.0,0.0,0.0,329750.0,65950.0
2025-03,10155,ASUS DUAL GeForce RTX 5060 (DUAL-RTX5060-8G) 8GB 128-bit GDDR7 Videocard,GRAPHIC CARD,5.0,124750.0,0.0,0.0,124750.0,24950.0
2025-03,10206,ASUS Dual RX 7600 EVO OC Edition DUAL-RX7600-O8G-EVO 8GB 128-bit GDDR6 Videocard,GRAPHIC CARD,8.0,183600.0,0.0,0.0,183600.0,22950.0
2025-03,10207,ASUS Prime AMD Radeon RX 9060 XT OC (PRIME-RX9060XT-O16G) 16GB 128-Bit GDDR6 Videocard,GRAPHIC CARD,4.0,139800.0,0.0,0.0,139800.0,34950.0
2025-03,10225,MSI Nvidia GeForce RTX 5060 SHADOW 2X OC (G5060-8S2C) 8GB 128-bit GDDR7 Videocard,GRAPHIC CARD,12.0,299400.0,0.0,0.0,299400.0,24950.0
2025-03,10660,MSI Nvidia GeForce RTX 5050 VENTUS 2X OC (G5050-8V2C) 128-bit GDDR6 Videocard,GRAPHIC CARD,9.0,179550.0,0.0,0.0,179550.0,19950.0
2025-03,11557,ASUS DUAL Nvidia GeForce RTX 5060 Ti OC Edition (DUAL-RTX5060TI-O8G) 8GB 128-bit GDDR7 Videocard,GRAPHIC CARD,8.0,231600.0,0.0,0.0,231600.0,28950.0
2025-03,11591,MSI GeForce RTX 5060 Ventus 2X OC v1 (G5060-8V2CV1) 8GB 128-bit GDDR7 Videocard,GRAPHIC CARD,10.0,256500.0,0.0,0.0,256500.0,25650.0
2025-03,11636,Colorful Nvidia GeForce RTX 3050 6GB V4-V 96-bit GDDR6 Videocard,GRAPHIC CARD,8.0,98000.0,0.0,0.0,98000.0,12250.0
2025-03,8396,MSI GEFORCE RTX 3050 VENTUS 2X OC 6GB 96-bit DDR6 Videocard,GRAPHIC CARD,6.0,85200.0,0.0,0.0,85200.0,14200.0
2025-03,9396,Biostar Rx 580 VA5815RQ82 Dual Cooling Fan 8gb 256bit GDdr5 Gaming Videocard,GRAPHIC CARD,10.0,79500.0,0.0,0.0,79500.0,7950.0
2025-03,9883,Asus Prime AMD Radeon RX 9070 OC (PRIME-RX9070-O16G) 16GB 256-Bit GDDR6 Videocard,GRAPHIC CARD,5.0,239750.0,0.0,0.0,239750.0,47950.0
2025-03,9967,MSI Nvidia GeForce RTX 5070 VENTUS 2X OC 12GB 192-bit GDDR7 Videocard,GRAPHIC CARD,8.0,375600.0,0.0,0.0,375600.0,46950.0
2025-03,11573,Aula S75 Pro RGB Gaming Mechanical Wireless Tri-Mode Keyboard Gradient Pink,KEYBOARD,27.0,66150.0,0.0,0.0,66150.0,2450.0
2025-03,4285,Fantech MAXPOWER MK853 Mechanical Gaming Keyboard White - BLUE Switch,KEYBOARD,26.0,38480.0,0.0,0.0,38480.0,1480.0
2025-03,11464,"MSI Cyborg 15 A13VE-2453PHNN 15.6"" FHD IPS 144Hz Intel Core i5-13420H/8GB DDR5-5200/512GB NVMe SSD PCIe Gen4/RTX 4050 6GD6/Win11 Laptop",LAPTOP GA2,2.0,117990.0,0.0,0.0,117990.0,58995.0
2025-03,9998,"Gigabyte Gaming A16 CMHH2PH893SH 16.0"" WUXGA 165Hz Intel Core i5-13420H/16GB DDR5/512GB 2x M.2 SSD/ RTX 4050 6GB/Win11Laptop",LAPTOP GA2,2.0,125990.0,0.0,0.0,125990.0,62995.0
2025-03,11552,"Asus Vivobook Go 15 E1504FA-BQ5585WSM 15.6""FHD IPS Ryzen 5-40/8GB LPDDR5/512GB M.2 NVMe PCIe 3.0 SSD/Win11 Laptop + HS M365",LAPTOP PR2,1.0,39995.0,0.0,0.0,39995.0,39995.0
2025-03,11564,"Asus Vivobook 14 X1404VA-EB2200WSM 14.0"" FHD Intel Core 5 120U/8GB DDR5/512GB SSD/Win11 Laptop H&S+M365 + Laptop Bag",LAPTOP PR2,2.0,87990.0,0.0,0.0,87990.0,43995.0
2025-03,11583,"MSI Modern 14 F3HMG-039PHNN 14.0""FHD IPS Ryzen™ AI 5 330/8GB DDR5-5600/512GB*1 NVMe SSD PCIe Gen4/Win11 Laptop + OFC + Laptop Bag",LAPTOP PR2,2.0,95590.0,0.0,0.0,95590.0,47795.0
2025-03,11461,"MSI Modern 14 F1MG-887PHNN 14.0""FHD IPS Intel Core 7 150U/8GB+8GB DDR4-3200/512GB*1 NVMe SSD PCIe Gen4/Win11 Laptop + OFC + Laptop Bag",LAPTOP PR3,1.0,53995.0,0.0,0.0,53995.0,53995.0
2025-03,11550,"Lenovo V15 G5 IRL 15.6"" Intel Core i5-13420H/16GB DDR5/512GB SSD Laptop/Win11 Laptop SE + Laptop Bag",LAPTOP PR3,1.0,44995.0,0.0,0.0,44995.0,44995.0
2025-03,10286,Lexar LD5S16G56C46ST-BGS 16GB 5600Mhz DDR5 Sodimm Memory,MEMORY,15.0,234000.0,0.0,0.0,234000.0,15600.0
2025-03,10789,Teamgroup Vulcan 16GB 8GBx2 6000Mhz CL38 DDR5 Memory,MEMORY,9.0,130500.0,0.0,0.0,130500.0,14500.0
2025-03,10905,Lexar Ares 8GB LD4U08G32C16LA-RGS 3200Mhz DDR4 RGB Memory Black,MEMORY,15.0,63750.0,0.0,0.0,63750.0,4250.0
2025-03,11052,Biostar Storming V 8GB 3200Mhz DDR4 Memory,MEMORY,8.0,33200.0,0.0,0.0,33200.0,4150.0
2025-03,11185,Crucial 16GB CT16G4SFRA32A 3200Mhz DDR4 Sodimm,MEMORY,16.0,132000.0,0.0,0.0,132000.0,8250.0
2025-03,11327,HKC PC 16gb 3200mhz DDR4 with Heatsink Memory Black,MEMORY,11.0,68145.0,0.0,0.0,68145.0,6195.0
2025-03,11444,FASPEED 8GB 3200Mhz DDR4 with Heatsink Memory,MEMORY,12.0,37800.0,0.0,0.0,37800.0,3150.0
2025-03,11450,HKC PC 8gb 3200mhz DDR4 with Heatsink Memory Black,MEMORY,21.0,72450.0,0.0,0.0,72450.0,3450.0
2025-03,11548,Hiksemi Future 16GB (16x1) HSC516U56C2 5600Mhz CL38 DDR5 Memory Black,MEMORY,23.0,344885.0,0.0,0.0,344885.0,14995.0
2025-03,1372,Ramsta 4gb 1x4 2666mhz Ddr4 Memory,MEMORY,13.0,6500.0,0.0,0.0,6500.0,500.0
2025-03,2489,Ramsta 4gb 1x4 2666mhz Ddr4 Sodimm Memory,MEMORY,15.0,6000.0,0.0,0.0,6000.0,400.0
2025-03,3150,Team Elite TForce Delta 16gb 2x8 3600mhz Ddr4 RGB Memory Black,MEMORY,22.0,201300.0,0.0,0.0,201300.0,9150.0
2025-03,3151,Team Elite TForce Delta 16gb 2x8 3600mhz Ddr4 RGB Memory White,MEMORY,7.0,64050.0,0.0,0.0,64050.0,9150.0
2025-03,4055,Team Elite Plus 8gb 1x8 3200Mhz Ddr4 Memory Black Gold,MEMORY,17.0,80750.0,0.0,0.0,80750.0,4750.0
2025-03,9324,KINGBANK 16GB 1x16 3200mhz DDR4 with Heatsink Memory Silver,MEMORY,22.0,163900.0,0.0,0.0,163900.0,7450.0
2025-03,11448,Y5Pro Intel Core i5 8250U / 16GB DDr4 / 512GB SSD / WIFI 5 DUAL / 4* USB 3.0 / 2* HDMI 2.0 / 1* RJ45 1000Mbps / 1* Type-C / Windows 11 Pro Mini PC,MINI PC,7.0,146650.0,0.0,0.0,146650.0,20950.0
2025-03,11579,Y5Plus Intel Core i7 4650U / 8GB DDr3 / 128GB SSD / WIFI 5 DUAL / 4* USB 3.0 / 2* HDMI 2.0 / 1* RJ45 1000Mbps / 1* Type-C / Windows 11 Pro Mini PC,MINI PC,3.0,29850.0,0.0,0.0,29850.0,9950.0
2025-03,9794,"Nvision A24K6-S-i704-1625 Intel i7-4700M 16GB 256GB SSD 23.8"" FHD IPS All in One PC",MINI PC,6.0,101700.0,0.0,0.0,101700.0,16950.0
2025-03,10295,Asus B650M-AYW Wifi DDR5 AMD Motherboard,MOTHERBOARD,17.0,124015.0,0.0,0.0,124015.0,7295.0
2025-03,10296,Asus Prime A520M-K/CSM AM4 AMD Motherboard,MOTHERBOARD,6.0,19770.0,0.0,0.0,19770.0,3295.0
2025-03,10647,ASUS PRIME B850M-A WIFI-CSM Socket AM5 DDR5 Motherboard,MOTHERBOARD,9.0,103455.0,0.0,0.0,103455.0,11495.0
2025-03,10675,MSI B650M GAMING WIFI AM5 DDR5 Motherboard,MOTHERBOARD,10.0,73950.0,0.0,0.0,73950.0,7395.0
2025-03,11556,Gigabyte B550M-K Socket Am4 Ddr4 Motherboard,MOTHERBOARD,9.0,44550.0,0.0,0.0,44550.0,4950.0
2025-03,11558,Asus B760M-AYW WIFI Socket LGA 1700 Ddr4 Motherboard,MOTHERBOARD,11.0,102850.0,0.0,0.0,102850.0,9350.0
2025-03,11593,Gigabyte B860M GAMING X WIFI6E LGA1851 Socket Ddr5 Motherboard,MOTHERBOARD,18.0,217710.0,0.0,0.0,217710.0,12095.0
2025-03,2756,MSI B550M Pro VDH Wifi Socket Am4 Ddr4 Motherboard,MOTHERBOARD,22.0,139700.0,0.0,0.0,139700.0,6350.0
2025-03,3367,MSI A520m-A Pro Socket Am4 Ddr4 Motherboard,MOTHERBOARD,13.0,42250.0,0.0,0.0,42250.0,3250.0
2025-03,4492,Asus Prime B550M-A Wifi II Socket Am4 Ddr4 Gaming Motherboard,MOTHERBOARD,15.0,96750.0,0.0,0.0,96750.0,6450.0
2025-03,7615,MSI B650M Project zero socket LGA AM5 DDR5 Motherboard,MOTHERBOARD,19.0,244150.0,0.0,0.0,244150.0,12850.0
2025-03,8617,Asrock A520M-HVS Socket Am4 DDR4 Motherboard,MOTHERBOARD,21.0,66150.0,0.0,0.0,66150.0,3150.0
2025-03,9385,Biostar A520MHP Socket Am4 DDR4 Motherboard,MOTHERBOARD,11.0,31845.0,0.0,0.0,31845.0,2895.0
2025-03,9759,MSI PRO X870-P WIFI Ddr5 AM5 Motherboard,MOTHERBOARD,6.0,107700.0,0.0,0.0,107700.0,17950.0
2025-03,9879,MSI B550M-A PRO Socket Am4 Ddr4 Motherboard,MOTHERBOARD,5.0,23250.0,0.0,0.0,23250.0,4650.0
2025-03,9970,Asus Prime B550M-K ARGB Socket Am4 Ddr4 Motherboard,MOTHERBOARD,17.0,82450.0,0.0,0.0,82450.0,4850.0
2025-03,10488,RAKK DASIG X3 Ambidextrous Hotswap Trimode PAW3311 Huano 80M RGB Gaming Mouse Black,MOUSE,10.0,9950.0,0.0,0.0,9950.0,995.0
2025-03,10489,RAKK DASIG X3 Ambidextrous Hotswap Trimode PAW3311 Huano 80M RGB Gaming Mouse White,MOUSE,13.0,12935.0,0.0,0.0,12935.0,995.0
2025-03,10776,RAKK TALAN AERO X PAW3395 8K Polling Omron Optical Trimode Lightweight 55g Gaming Mouse Black,MOUSE,11.0,24145.0,0.0,0.0,24145.0,2195.0
2025-03,10994,Logitech G 502X Wired Gaming Mouse White,MOUSE,11.0,34045.0,0.0,0.0,34045.0,3095.0
2025-03,3513,Logitech G102 Lightsync Gaming Mouse Black,MOUSE,15.0,13950.0,0.0,0.0,13950.0,930.0
2025-03,3700,Logitech G102 Lightsync Gaming Mouse White,MOUSE,6.0,5580.0,0.0,0.0,5580.0,930.0
2025-03,9299,RAKK DASIG LITE Huano Switch RGB Gaming Mouse,MOUSE,9.0,2520.0,0.0,0.0,2520.0,280.0
2025-03,11172,DITO Home WoWFi Lite 4G WiFi Router,NETWORK DEVICE,1.0,980.0,0.0,0.0,980.0,980.0
2025-03,11173,DITO Home WoWFi Pro 5G WiFi Router,NETWORK DEVICE,3.0,4470.0,0.0,0.0,4470.0,1490.0
2025-03,11356,TP-Link Archer BE220 Dual Band Wi-Fi 7 Router,NETWORK DEVICE,1.0,2250.0,0.0,0.0,2250.0,2250.0
2025-03,11460,ASUS RT-BE50 BE3600 Dual Band WiFi 7 Router,NETWORK DEVICE,1.0,2995.0,0.0,0.0,2995.0,2995.0
2025-03,130,Tp-Link TL-WA901ND Wireless N Access Point,NETWORK DEVICE,5.0,9470.0,0.0,0.0,9470.0,1894.0
2025-03,1693,TP-Link TL-WR820N 300Mbps Multimode Wi-Fi Router,NETWORK DEVICE,2.0,980.0,0.0,0.0,980.0,490.0
2025-03,10146,MSI PANO 110R PZ Mid Tower Gaming PC Case Black,PC CASE,10.0,42000.0,0.0,0.0,42000.0,4200.0
2025-03,10518,NZXT H6 Flow CC-H61FW-01 Tempered Glass ATX PC Case White,PC CASE,18.0,78300.0,0.0,0.0,78300.0,4350.0
2025-03,10519,NZXT H7 Flow (2024) CM-H72FW-01 ATX PC Case White,PC CASE,8.0,37200.0,0.0,0.0,37200.0,4650.0
2025-03,10520,NZXT H7 Flow RGB (2024) CM-H72FB-R1 ATX PC Case Black,PC CASE,17.0,73950.0,0.0,0.0,73950.0,4350.0
2025-03,10668,CoolerMaster Elite 302 ARGB Micro ATX PC Case Black,PC CASE,8.0,23960.0,0.0,0.0,23960.0,2995.0
2025-03,10808,MSI PAG PANO M110A ARGB Micro ATX PC Case Black,PC CASE,6.0,14700.0,0.0,0.0,14700.0,2450.0
2025-03,10828,DarkFlash Floatron F1 Micro ATX PC Case Black & White,PC CASE,9.0,35955.0,0.0,0.0,35955.0,3995.0
2025-03,10928,CoolerMaster Qube 540 Moonstone ATX PC Case,PC CASE,10.0,39950.0,0.0,0.0,39950.0,3995.0
2025-03,10963,CoolerMaster Elite 600 ARGB ATX Mid Tower PC Case Black,PC CASE,14.0,74900.0,0.0,0.0,74900.0,5350.0
2025-03,10972,Asus A31 Tempered Glass Mid Tower ATX PC Case White,PC CASE,3.0,10200.0,0.0,0.0,10200.0,3400.0
2025-03,11002,RAKK TANAN MATX Tempered Glass with PSU and Fans,PC CASE,7.0,9065.0,0.0,0.0,9065.0,1295.0
2025-03,11068,DarkFlash M305 with 3 RGB Fan Micro ATX Tempered Glass Gaming PC Case Black,PC CASE,9.0,12555.0,0.0,0.0,12555.0,1395.0
2025-03,11102,YGT Mars 9 Micro ATX PC Case with PSU Black,PC CASE,11.0,8745.0,0.0,0.0,8745.0,795.0
2025-03,11131,Asus A21 Tempered Glass Micro ATX PC Case Black,PC CASE,13.0,38935.0,0.0,0.0,38935.0,2995.0
2025-03,11306,Gamdias Aura GC10 v2 ARGB Dual Chamber Micro ATX PC Case Black,PC CASE,13.0,32435.0,0.0,0.0,32435.0,2495.0
2025-03,11406,Cougar MX110 RGB Mid Tower Tempered Glass ATX PC Case Black,PC CASE,11.0,25850.0,0.0,0.0,25850.0,2350.0
2025-03,11546,YGT 420B Micro ATX PC Case Black,PC CASE,16.0,20000.0,0.0,0.0,20000.0,1250.0
2025-03,6579,InPlay Wind 01 Acrylic Side Panel Micro ATX PC Case,PC CASE,10.0,0.0,0.0,0.0,0.0,0.0
2025-03,7367,MSI MAG Forge M100A Auto RGB Micro ATX PC Case Black,PC CASE,6.0,13140.0,0.0,0.0,13140.0,2190.0
2025-03,9897,YGT V100 Micro ATX PC Case with PSU White,PC CASE,10.0,8900.0,0.0,0.0,8900.0,890.0
2025-03,9973,MSI MAG PANO 100R Project Zero Micro ATX PC Case Black,PC CASE,8.0,53200.0,0.0,0.0,53200.0,6650.0
2025-03,10052,Asus Prime 650W 80+ Bronze Power Supply,POWER SUPPLY,8.0,29200.0,0.0,0.0,29200.0,3650.0
2025-03,10208,Asus Prime AP-850W 80+ Gold Full Modular Power Supply,POWER SUPPLY,7.0,52465.0,0.0,0.0,52465.0,7495.0
2025-03,10376,ASRock Pro-650B 650W 80+ Bronze Non-Modular ATX 3.1 Power Supply,POWER SUPPLY,8.0,21200.0,0.0,0.0,21200.0,2650.0
2025-03,10679,ASRock Steel Legend SL-1000G 1000W 80+ Gold Cybenetics Gold ATX 3.1 Full Modular Power Supply,POWER SUPPLY,20.0,189000.0,0.0,0.0,189000.0,9450.0
2025-03,11266,Acer AC-500 500W Non-Modular 80+ Bronze Power Supply Black,POWER SUPPLY,8.0,10000.0,0.0,0.0,10000.0,1250.0
2025-03,11267,Acer AC-650 650W Non-Modular 80+ Bronze Power Supply Black,POWER SUPPLY,10.0,17890.0,0.0,0.0,17890.0,1789.0
2025-03,11332,Acer AC-750 750W Non-Modular 80+ Bronze Power Supply Black,POWER SUPPLY,11.0,23100.0,0.0,0.0,23100.0,2100.0
2025-03,176,Intelligent 700 watts Power Supply,POWER SUPPLY,11.0,4950.0,0.0,0.0,4950.0,450.0
2025-03,4079,MSI MAG A650BN 650Watts 80+ Non-Modular Power Supply Bronze,POWER SUPPLY,8.0,26360.0,0.0,0.0,26360.0,3295.0
2025-03,4080,MSI MAG A550BN 550Watts 80+ Non-Modular Power Supply Bronze,POWER SUPPLY,19.0,54245.0,0.0,0.0,54245.0,2855.0
2025-03,6242,MSI MAG A600DN 600W 80+ Power Supply,POWER SUPPLY,13.0,35945.0,0.0,0.0,35945.0,2765.0
2025-03,7838,MSI MAG A850GL 850Watts PCIE5 80+ Full Modular Power Supply Gold Black,POWER SUPPLY,14.0,101220.0,0.0,0.0,101220.0,7230.0
2025-03,8542,Acer AC-550 550w Full Modular 80plus Bronze Power Supply,POWER SUPPLY,9.0,12915.0,0.0,0.0,12915.0,1435.0
2025-03,8543,Acer AC-650 650w Full Modular  80plus Bronze Power Supply,POWER SUPPLY,9.0,18495.0,0.0,0.0,18495.0,2055.0
2025-03,9703,CoolerMaster MWE 650W V3 (MPE-6501-ACABW-3BUS) 80+ Bronze ATX 3.1 Power Supply,POWER SUPPLY,14.0,53340.0,0.0,0.0,53340.0,3810.0
2025-03,9938,CoolerMaster MWE 750W V3 (MPE-7501-ACABW-3BUS) 80+ Bronze ATX 3.1 Power Supply,POWER SUPPLY,13.0,56134.0,0.0,0.0,56134.0,4318.0
2025-03,11598,Epson L3310 Multi Functional Integrated Ink Tank Printer,PRINTER AND SCANNER,2.0,18100.0,0.0,0.0,18100.0,9050.0
2025-03,11599,Epson L3350 Wi-Fi Multi Functional Integrated Ink Tank Printer,PRINTER AND SCANNER,1.0,10530.0,0.0,0.0,10530.0,10530.0
2025-03,2008,Canon Pixma TS207 Printer Inkjet,PRINTER AND SCANNER,2.0,4460.0,0.0,0.0,4460.0,2230.0
2025-03,4804,Canon Pixma MG3070S Compact Wireless All-In-One Printer,PRINTER AND SCANNER,1.0,3425.0,0.0,0.0,3425.0,3425.0
2025-03,10057,AMD Ryzen 9 9900X 4.4GHz AM5 Socket DDR5 Processor TTP,PROCESSOR,11.0,274450.0,0.0,0.0,274450.0,24950.0
2025-03,10102,AMD Ryzen 7 7700 Socket AM5 3.8GHz Processor MPK,PROCESSOR,12.0,143400.0,0.0,0.0,143400.0,11950.0
2025-03,10110,AMD Ryzen 5 5500GT 3.6GHz AM4 Socket DDR4 Processor MPK,PROCESSOR,16.0,129520.0,0.0,0.0,129520.0,8095.0
2025-03,10911,Intel Core i9-14900K Raptor Lake Socket LGA 1700 3.20GHz Processor MPK,PROCESSOR,17.0,543150.0,0.0,0.0,543150.0,31950.0
2025-03,10938,AMD Ryzen 5 8400F 4.2GHz AM5 Socket DDR5 Processor MPK,PROCESSOR,13.0,116350.0,0.0,0.0,116350.0,8950.0
2025-03,11064,AMD Ryzen 5 3400g 3.7ghz AM4 Socket DDR4 Processor MPK,PROCESSOR,16.0,60720.0,0.0,0.0,60720.0,3795.0
2025-03,11065,AMD Ryzen 7 8700F 4.1ghz AM5 Socket DDR5 Processor MPK,PROCESSOR,13.0,122850.0,0.0,0.0,122850.0,9450.0
2025-03,11592,Intel Core Ultra 7 processor 270K Plus LGA 1851 5.5Ghz Processor,PROCESSOR,16.0,335200.0,0.0,0.0,335200.0,20950.0
2025-03,4513,AMD Ryzen 5 5600X Socket AM4 3.7GHz Processor with Wraith Stealth Cooler MPK,PROCESSOR,15.0,134250.0,0.0,0.0,134250.0,8950.0
2025-03,5640,AMD Ryzen 5 5500 Socket Am4 3.6GHz Processor with AMD wraith cooler MPK,PROCESSOR,17.0,88400.0,0.0,0.0,88400.0,5200.0
2025-03,5663,AMD Ryzen 5 5600 Socket Am4 3.5GHz Processor with Wraith stealth cooler MPK,PROCESSOR,10.0,72000.0,0.0,0.0,72000.0,7200.0
2025-03,7098,AMD Ryzen 7 5700G Socket Am4 3.8GHz with Radeon Vega 8 wraith stealth cooler Processor MPK,PROCESSOR,13.0,159250.0,0.0,0.0,159250.0,12250.0
2025-03,7929,AMD Ryzen 7 5700X Socket AM4 3.4GHz Processor with AMD Wraith Stealth cooler MPK,PROCESSOR,12.0,119400.0,0.0,0.0,119400.0,9950.0
2025-03,8432,AMD Ryzen 3 3200g PRO Socket Am4 3.6ghz with Radeon Vega 8 Processor MPK,PROCESSOR,17.0,57715.0,0.0,0.0,57715.0,3395.0
2025-03,9608,AMD RYZEN 7 7800X3D Socket AM5 D5 5.0ghz with Radeon Graphics processor TTP,PROCESSOR,15.0,276750.0,0.0,0.0,276750.0,18450.0
2025-03,9614,AMD RYZEN 7 9800X3D Socket AM5 D5 5.2ghz with Radeon Graphics processor,PROCESSOR,9.0,251550.0,0.0,0.0,251550.0,27950.0
2025-03,9776,AMD Ryzen 5 5600GT 3.6GHz AM4 Socket DDR4 Processor MPK,PROCESSOR,8.0,73560.0,0.0,0.0,73560.0,9195.0
2025-03,9841,Intel Core i5-14400 4.7GHz LGA 1700 Processor MPK,PROCESSOR,13.0,155350.0,0.0,0.0,155350.0,11950.0
2025-03,10697,Lexar NQ100 256GB Solid State Drive SATA 2.5,SOLID STATE DRIVE,26.0,103870.0,0.0,0.0,103870.0,3995.0
2025-03,10797,Lexar NM620 1TB M.2 NVME Solid State Drive,SOLID STATE DRIVE,17.0,137700.0,0.0,0.0,137700.0,8100.0
2025-03,10804,Team Group MP33 512GB M.2 PCIe Gen3.0 x4 NVME 1.3 Solid State Drive,SOLID STATE DRIVE,23.0,143750.0,0.0,0.0,143750.0,6250.0
2025-03,11148,Teamgroup T-Force GA Pro 1TB NVMe M.2 Gen 5 Solid State Drive,SOLID STATE DRIVE,28.0,303800.0,0.0,0.0,303800.0,10850.0
2025-03,11152,Hiksemi Wave S 256B SATA 2.5 Solid State Drive,SOLID STATE DRIVE,27.0,90450.0,0.0,0.0,90450.0,3350.0
2025-03,11269,Hiksemi Wave P 256GB PCIE Gen3 M.2 Solid State Drive,SOLID STATE DRIVE,12.0,41940.0,0.0,0.0,41940.0,3495.0
2025-03,11323,ESGaming 512GB SATA 2.5 Solid State Drive,SOLID STATE DRIVE,15.0,65925.0,0.0,0.0,65925.0,4395.0
2025-03,11577,Apacer AS2280P4 512GB PCIe Gen 3x4 M.2 NVMe Solid State Drive,SOLID STATE DRIVE,21.0,111195.0,0.0,0.0,111195.0,5295.0
2025-03,1681,Team Group GX2 Solid State Drive 256gb SATA 2.5,SOLID STATE DRIVE,12.0,41400.0,0.0,0.0,41400.0,3450.0
2025-03,1909,Lexar NS10 Lite Solid State Drive 120gb SATA 2.5,SOLID STATE DRIVE,22.0,31900.0,0.0,0.0,31900.0,1450.0
2025-03,6856,Team Group MP33 256GB M.2 PCIe NVME Solid State Drive,SOLID STATE DRIVE,16.0,53600.0,0.0,0.0,53600.0,3350.0
2025-03,6936,Adata SU650 Solid State Drive 512GB SATA 2.5,SOLID STATE DRIVE,13.0,64935.0,0.0,0.0,64935.0,4995.0
2025-03,10832,"ORTIZAN C7 Dual-Mode 2.0 Studio Monitors, Active Monitor Speakers, Black",SPEAKER,1.0,3195.0,0.0,0.0,3195.0,3195.0
2025-03,10833,"ORTIZAN C7 Dual-Mode 2.0 Studio Monitors, Active Monitor Speakers, White",SPEAKER,3.0,9585.0,0.0,0.0,9585.0,3195.0
2025-03,10856,Edifier ES20 Portable Bluetooth Speaker Ivory,SPEAKER,1.0,1685.0,0.0,0.0,1685.0,1685.0
2025-03,2991,APC Back-Ups BVX650I-PH 360 Watts 650va with Avr Universal Sockets Ups,UPS & AVR,10.0,22000.0,0.0,0.0,22000.0,2200.0
2025-03,36,Secure 220v Avr,UPS & AVR,6.0,1500.0,0.0,0.0,1500.0,250.0
2025-03,454,Secure 650va Ups,UPS & AVR,8.0,11600.0,0.0,0.0,11600.0,1450.0
2025-04,10653,RAKK Matik USB Gaming Headset LED Illuminated,AUDIO,5.0,1575.0,0.0,0.0,1575.0,315.0
2025-04,10991,Logitech G PRO X Wired 7.1 Gaming Headset,AUDIO,2.0,9100.0,0.0,0.0,9100.0,4550.0
2025-04,10993,Logitech G PRO X Wired 7.1 Gaming Headset (League of Legends Edition),AUDIO,1.0,4550.0,0.0,0.0,4550.0,4550.0
2025-04,11507,Accutone UB210 Noise Cancelling Headset Black,AUDIO,4.0,6200.0,0.0,0.0,6200.0,1550.0
2025-04,11508,Accutone Sonar 280 Wireless & Wired Noise Cancelling Headset Black,AUDIO,4.0,8240.0,0.0,0.0,8240.0,2060.0
2025-04,11509,Accutone Converse 95 Noise Cancelling Headset Black,AUDIO,3.0,6960.0,0.0,0.0,6960.0,2320.0
2025-04,11510,Accutone Nexus 2000 MagSafe Speaker Blue,AUDIO,7.0,8750.0,0.0,0.0,8750.0,1250.0
2025-04,11511,Accutone Nexus 2000 MagSafe Speaker Gray,AUDIO,2.0,2500.0,0.0,0.0,2500.0,1250.0
2025-04,11512,Accutone Nexus 2000 MagSafe Speaker Pink,AUDIO,2.0,2500.0,0.0,0.0,2500.0,1250.0
2025-04,11612,Accutone UB101 Stereo USB Headset Black,AUDIO,2.0,690.0,0.0,0.0,690.0,345.0
2025-04,7652,RAKK SONIDO 7.1 Virtual Surround RGB Gaming Headset USB Black,AUDIO,5.0,4975.0,0.0,0.0,4975.0,995.0
2025-04,8581,Edifier W820NB Plus Active Noice Cancellation Bluetooth Stereo Wireless Headset Ivory,AUDIO,3.0,5550.0,0.0,0.0,5550.0,1850.0
2025-04,11134,Ad-Link ADAPTER (A53) DP TO VGA CONVERTER,CABLES AND ADAPTERS,1.0,220.0,0.0,0.0,220.0,220.0
2025-04,11144,Ad-Link CABLE (V73) VGA 3+4 (3M),CABLES AND ADAPTERS,2.0,300.0,0.0,0.0,300.0,150.0
2025-04,7824,Hikvision E-HWID 2.8MM Eco-HiWatch 2.mm IR Dome E-HWID,CAMERA,6.0,8700.0,0.0,0.0,8700.0,1450.0
2025-04,78,A4Tech KRS-8572 Usb Keyboard and Mouse Black,COMBO,38.0,19380.0,0.0,0.0,19380.0,510.0
2025-04,9301,RAKK APTAS ILLUMINATED / Membrane Keyboard and Mouse / No software / Rainbow lighting / Black,COMBO,39.0,11115.0,0.0,0.0,11115.0,285.0
2025-04,10370,DarkFlash Infinity 34 3in1 ARGB Chassis Fan Black,COOLING,9.0,10350.0,0.0,0.0,10350.0,1150.0
2025-04,10373,DarkFlash Infinity 34 Single ARGB Chassis Fan White,COOLING,8.0,3360.0,0.0,0.0,3360.0,420.0
2025-04,10386,MSI MAG COREFROZR AA13 ARGB CPU Air Cooler black,COOLING,7.0,8365.0,0.0,0.0,8365.0,1195.0
2025-04,10590,YGT Cyber-120IFB 3in1 ARGB Chassis Fan Black,COOLING,6.0,3300.0,0.0,0.0,3300.0,550.0
2025-04,10743,NZXT F120 RGB Duo Triple Pack (RF-D12TF-W1) with RGB Controller Chassis Fan White,COOLING,5.0,7500.0,0.0,0.0,7500.0,1500.0
2025-04,10839,CoolerMaster Hyper 212 3DHP ARGB CPU Air Cooler Black,COOLING,7.0,9765.0,0.0,0.0,9765.0,1395.0
2025-04,10858,DarkFlash E400 Plus Matrix Display CPU Air Cooler White,COOLING,7.0,11550.0,0.0,0.0,11550.0,1650.0
2025-04,10930,CoolerMaster MasterLiquid 240L Core Liquid Cooling Black,COOLING,11.0,40700.0,0.0,0.0,40700.0,3700.0
2025-04,10966,CoolerMaster V4 Alpha 3DHP CPU Air Cooler Black,COOLING,4.0,7580.0,0.0,0.0,7580.0,1895.0
2025-04,10990,BeQuiet Silent Wings 4 (BL094) 120mm PWM High Speed Single Chassis Fan Black,COOLING,10.0,12000.0,0.0,0.0,12000.0,1200.0
2025-04,11005,Asus AR120 ARGB PWM Single Chassis Fan Black,COOLING,12.0,1800.0,0.0,0.0,1800.0,150.0
2025-04,11159,Jungle Leopard Chill Arc 360mm ARGB Liquid Cooling Black,COOLING,8.0,87600.0,0.0,0.0,87600.0,10950.0
2025-04,11160,Jungle Leopard Chill Arc 360mm ARGB Liquid Cooling White,COOLING,8.0,90360.0,0.0,0.0,90360.0,11295.0
2025-04,11216,CoolerMaster MasterLiquid Core Nex 360 ARGB CPU Liquid Cooler Black,COOLING,10.0,44500.0,0.0,0.0,44500.0,4450.0
2025-04,6174,Deepcool TW-003 CPU Air Cooler,COOLING,5.0,2000.0,0.0,0.0,2000.0,400.0
2025-04,7,AMD Stock Heatsink Fan,COOLING,16.0,2240.0,0.0,0.0,2240.0,140.0
2025-04,7501,DarkFlash DM12 F Single ARGB Chassis Fan Black,COOLING,5.0,1175.0,0.0,0.0,1175.0,235.0
2025-04,7502,DarkFlash DM12 F Single ARGB Chassis Fan White,COOLING,8.0,2280.0,0.0,0.0,2280.0,285.0
2025-04,7505,DarkFlash Infinity24 Single ARGB Chassis Fan Black,COOLING,9.0,2565.0,0.0,0.0,2565.0,285.0
2025-04,9737,MSI MAG Coreliquid A13 240 CPU Liquid Cooler Black,COOLING,7.0,25550.0,0.0,0.0,25550.0,3650.0
2025-04,9835,MSI MAG Coreliquid A13 360 CPU Liquid Cooler Black,COOLING,10.0,42800.0,0.0,0.0,42800.0,4280.0
2025-04,9836,MSI MAG Coreliquid A13 360 CPU Liquid Cooler White,COOLING,7.0,28980.0,0.0,0.0,28980.0,4140.0
2025-04,10425,"ViewSonic VA24G1-H 24"" FHD 144Hz IPS Monitor",DISPLAY,13.0,53950.0,0.0,0.0,53950.0,4150.0
2025-04,10540,"ASUS ROG Strix XG27ACMES 27"" QHD 255Hz-OC Fast IPS Monitor",DISPLAY,3.0,47985.0,0.0,0.0,47985.0,15995.0
2025-04,10711,"ASUS TUF Gaming Series 5 VG259QMR5A 24.5"" FHD 310Hz(OC) Fast-IPS Monitor",DISPLAY,6.0,56970.0,0.0,0.0,56970.0,9495.0
2025-04,10836,"AOC 24G11ZE 23.8"" 240Hz OC FHD Fast IPS Monitor",DISPLAY,4.0,26380.0,0.0,0.0,26380.0,6595.0
2025-04,10918,"Philips 24E2G2200 23.8"" 144Hz IPS FHD Monitor",DISPLAY,6.0,25170.0,0.0,0.0,25170.0,4195.0
2025-04,10919,"Philips 27E2G2200 27"" 144Hz IPS FHD Monitor",DISPLAY,5.0,29975.0,0.0,0.0,29975.0,5995.0
2025-04,10940,"MSI MAG 245F X24 23.8"" 240Hz FHD Rapid IPS Monitor",DISPLAY,4.0,25800.0,0.0,0.0,25800.0,6450.0
2025-04,10941,"MSI MAG 272F X24 27"" 240Hz FHD Rapid IPS Monitor",DISPLAY,4.0,35800.0,0.0,0.0,35800.0,8950.0
2025-04,11074,"AOC 24B36XE 23.8"" FHD 144Hz IPS Monitor",DISPLAY,8.0,34000.0,0.0,0.0,34000.0,4250.0
2025-04,11127,"Nvision N2455GT-B 23.8"" FHD 144Hz IPS Monitor",DISPLAY,3.0,11850.0,0.0,0.0,11850.0,3950.0
2025-04,11151,"MSI MAG 275QF E20 27"" WQHD 200Hz Rapid IPS Monitor",DISPLAY,3.0,34500.0,0.0,0.0,34500.0,11500.0
2025-04,11208,"Gamdias Atlas HD24IF IV 23.8"" 240Hz FHD Fast IPS Monitor Black",DISPLAY,10.0,58700.0,0.0,0.0,58700.0,5870.0
2025-04,11258,"AOC Q27G4SL/WS 27"" QHD 320Hz Fast IPS HDR 400 Monitor",DISPLAY,8.0,110400.0,0.0,0.0,110400.0,13800.0
2025-04,11472,"MSI PRO MP251 E14L 24.5"" 144HZ FHD IPS Monitor",DISPLAY,9.0,38925.0,0.0,0.0,38925.0,4325.0
2025-04,11473,"Asus TUF Gaming VG259QM5A 24.5"" 240Hz IPS Gaming Monitor",DISPLAY,14.0,110530.0,0.0,0.0,110530.0,7895.0
2025-04,11528,"LG 24U411A-B 23.8"" 120Hz FHD IPS Monitor",DISPLAY,5.0,18250.0,0.0,0.0,18250.0,3650.0
2025-04,7785,Nvision N190V8 19' LED Monitor,DISPLAY,11.0,18700.0,0.0,0.0,18700.0,1700.0
2025-04,7786,"Nvision N200V8 20"" LED Monitor",DISPLAY,6.0,10290.0,0.0,0.0,10290.0,1715.0
2025-04,8060,"Nvision H22V8 21.5"" LED Monitor",DISPLAY,10.0,22400.0,0.0,0.0,22400.0,2240.0
2025-04,9904,"Viewsonic VX2479A-HD-PRO 24"" 240Hz FHD 1MS MPRT IPS HDR10 Gaming Monitor",DISPLAY,8.0,50640.0,0.0,0.0,50640.0,6330.0
2025-04,11003,RAKK SUKOG LITE 800x400x3mm Mousepad Black,GAMING SURFACE,12.0,2280.0,0.0,0.0,2280.0,190.0
2025-04,10053,ASUS Dual Nvidia Geforce RTX 3050 OC Edition (DUAL-RTX3050-O6G) 6GB 96-bit GDRR6 Videocard,GRAPHIC CARD,4.0,57800.0,0.0,0.0,57800.0,14450.0
2025-04,10072,MSI Nvidia GeForce RTX 5060 VENTUS 2X OC (G5060-8V2C) 8GB 128-bit GDDR7 Videocard,GRAPHIC CARD,8.0,196000.0,0.0,0.0,196000.0,24500.0
2025-04,10080,Gigabyte Nvidia GeForce RTX 5060 AERO OC (GV-N5060AERO-OC-8GD) 8GB 128-bit GDDR7 Videocard,GRAPHIC CARD,9.0,231750.0,0.0,0.0,231750.0,25750.0
2025-04,10152,MSI GeForce RTX 5070 Ti VENTUS 3X OC (G507T-16V3C) 16GB 256-bit GDDR7 Videocard,GRAPHIC CARD,8.0,527600.0,0.0,0.0,527600.0,65950.0
2025-04,10155,ASUS DUAL GeForce RTX 5060 (DUAL-RTX5060-8G) 8GB 128-bit GDDR7 Videocard,GRAPHIC CARD,2.0,49900.0,0.0,0.0,49900.0,24950.0
2025-04,10206,ASUS Dual RX 7600 EVO OC Edition DUAL-RX7600-O8G-EVO 8GB 128-bit GDDR6 Videocard,GRAPHIC CARD,7.0,160650.0,0.0,0.0,160650.0,22950.0
2025-04,10207,ASUS Prime AMD Radeon RX 9060 XT OC (PRIME-RX9060XT-O16G) 16GB 128-Bit GDDR6 Videocard,GRAPHIC CARD,5.0,174750.0,0.0,0.0,174750.0,34950.0
2025-04,10225,MSI Nvidia GeForce RTX 5060 SHADOW 2X OC (G5060-8S2C) 8GB 128-bit GDDR7 Videocard,GRAPHIC CARD,2.0,49900.0,0.0,0.0,49900.0,24950.0
2025-04,10660,MSI Nvidia GeForce RTX 5050 VENTUS 2X OC (G5050-8V2C) 128-bit GDDR6 Videocard,GRAPHIC CARD,7.0,139650.0,0.0,0.0,139650.0,19950.0
2025-04,11557,ASUS DUAL Nvidia GeForce RTX 5060 Ti OC Edition (DUAL-RTX5060TI-O8G) 8GB 128-bit GDDR7 Videocard,GRAPHIC CARD,9.0,260550.0,0.0,0.0,260550.0,28950.0
2025-04,11591,MSI GeForce RTX 5060 Ventus 2X OC v1 (G5060-8V2CV1) 8GB 128-bit GDDR7 Videocard,GRAPHIC CARD,10.0,256500.0,0.0,0.0,256500.0,25650.0
2025-04,11636,Colorful Nvidia GeForce RTX 3050 6GB V4-V 96-bit GDDR6 Videocard,GRAPHIC CARD,10.0,122500.0,0.0,0.0,122500.0,12250.0
2025-04,8396,MSI GEFORCE RTX 3050 VENTUS 2X OC 6GB 96-bit DDR6 Videocard,GRAPHIC CARD,5.0,71000.0,0.0,0.0,71000.0,14200.0
2025-04,9396,Biostar Rx 580 VA5815RQ82 Dual Cooling Fan 8gb 256bit GDdr5 Gaming Videocard,GRAPHIC CARD,18.0,143100.0,0.0,0.0,143100.0,7950.0
2025-04,9883,Asus Prime AMD Radeon RX 9070 OC (PRIME-RX9070-O16G) 16GB 256-Bit GDDR6 Videocard,GRAPHIC CARD,11.0,527450.0,0.0,0.0,527450.0,47950.0
2025-04,9967,MSI Nvidia GeForce RTX 5070 VENTUS 2X OC 12GB 192-bit GDDR7 Videocard,GRAPHIC CARD,4.0,187800.0,0.0,0.0,187800.0,46950.0
2025-04,160,Seagate 1tb ST1000DM010 Harddisk Drive,HARD DISK,5.0,17250.0,0.0,0.0,17250.0,3450.0
2025-04,11573,Aula S75 Pro RGB Gaming Mechanical Wireless Tri-Mode Keyboard Gradient Pink,KEYBOARD,25.0,61250.0,0.0,0.0,61250.0,2450.0
2025-04,4285,Fantech MAXPOWER MK853 Mechanical Gaming Keyboard White - BLUE Switch,KEYBOARD,19.0,28120.0,0.0,0.0,28120.0,1480.0
2025-04,11464,"MSI Cyborg 15 A13VE-2453PHNN 15.6"" FHD IPS 144Hz Intel Core i5-13420H/8GB DDR5-5200/512GB NVMe SSD PCIe Gen4/RTX 4050 6GD6/Win11 Laptop",LAPTOP GA2,2.0,117990.0,0.0,0.0,117990.0,58995.0
2025-04,9998,"Gigabyte Gaming A16 CMHH2PH893SH 16.0"" WUXGA 165Hz Intel Core i5-13420H/16GB DDR5/512GB 2x M.2 SSD/ RTX 4050 6GB/Win11Laptop",LAPTOP GA2,1.0,62995.0,0.0,0.0,62995.0,62995.0
2025-04,11583,"MSI Modern 14 F3HMG-039PHNN 14.0""FHD IPS Ryzen™ AI 5 330/8GB DDR5-5600/512GB*1 NVMe SSD PCIe Gen4/Win11 Laptop + OFC + Laptop Bag",LAPTOP PR2,1.0,47795.0,0.0,0.0,47795.0,47795.0
2025-04,11461,"MSI Modern 14 F1MG-887PHNN 14.0""FHD IPS Intel Core 7 150U/8GB+8GB DDR4-3200/512GB*1 NVMe SSD PCIe Gen4/Win11 Laptop + OFC + Laptop Bag",LAPTOP PR3,4.0,215980.0,0.0,0.0,215980.0,53995.0
2025-04,11527,"Lenovo V15 G4 ABP 15.6"" FHD Ryzen 7-7730U/8GB DDR4/512GB NVMe SSD/Win11 Pro Laptop SE",LAPTOP PR3,1.0,39995.0,0.0,0.0,39995.0,39995.0
2025-04,11550,"Lenovo V15 G5 IRL 15.6"" Intel Core i5-13420H/16GB DDR5/512GB SSD Laptop/Win11 Laptop SE + Laptop Bag",LAPTOP PR3,1.0,44995.0,0.0,0.0,44995.0,44995.0
2025-04,10286,Lexar LD5S16G56C46ST-BGS 16GB 5600Mhz DDR5 Sodimm Memory,MEMORY,20.0,312000.0,0.0,0.0,312000.0,15600.0
2025-04,10789,Teamgroup Vulcan 16GB 8GBx2 6000Mhz CL38 DDR5 Memory,MEMORY,14.0,203000.0,0.0,0.0,203000.0,14500.0
2025-04,10905,Lexar Ares 8GB LD4U08G32C16LA-RGS 3200Mhz DDR4 RGB Memory Black,MEMORY,12.0,51000.0,0.0,0.0,51000.0,4250.0
2025-04,11052,Biostar Storming V 8GB 3200Mhz DDR4 Memory,MEMORY,13.0,53950.0,0.0,0.0,53950.0,4150.0
2025-04,11185,Crucial 16GB CT16G4SFRA32A 3200Mhz DDR4 Sodimm,MEMORY,15.0,123750.0,0.0,0.0,123750.0,8250.0
2025-04,11327,HKC PC 16gb 3200mhz DDR4 with Heatsink Memory Black,MEMORY,11.0,68145.0,0.0,0.0,68145.0,6195.0
2025-04,11444,FASPEED 8GB 3200Mhz DDR4 with Heatsink Memory,MEMORY,9.0,28350.0,0.0,0.0,28350.0,3150.0
2025-04,11450,HKC PC 8gb 3200mhz DDR4 with Heatsink Memory Black,MEMORY,21.0,72450.0,0.0,0.0,72450.0,3450.0
2025-04,11548,Hiksemi Future 16GB (16x1) HSC516U56C2 5600Mhz CL38 DDR5 Memory Black,MEMORY,6.0,89970.0,0.0,0.0,89970.0,14995.0
2025-04,1372,Ramsta 4gb 1x4 2666mhz Ddr4 Memory,MEMORY,11.0,5500.0,0.0,0.0,5500.0,500.0
2025-04,2489,Ramsta 4gb 1x4 2666mhz Ddr4 Sodimm Memory,MEMORY,20.0,8000.0,0.0,0.0,8000.0,400.0
2025-04,3150,Team Elite TForce Delta 16gb 2x8 3600mhz Ddr4 RGB Memory Black,MEMORY,18.0,164700.0,0.0,0.0,164700.0,9150.0
2025-04,3151,Team Elite TForce Delta 16gb 2x8 3600mhz Ddr4 RGB Memory White,MEMORY,8.0,73200.0,0.0,0.0,73200.0,9150.0
2025-04,4055,Team Elite Plus 8gb 1x8 3200Mhz Ddr4 Memory Black Gold,MEMORY,9.0,42750.0,0.0,0.0,42750.0,4750.0
2025-04,9324,KINGBANK 16GB 1x16 3200mhz DDR4 with Heatsink Memory Silver,MEMORY,19.0,141550.0,0.0,0.0,141550.0,7450.0
2025-04,11579,Y5Plus Intel Core i7 4650U / 8GB DDr3 / 128GB SSD / WIFI 5 DUAL / 4* USB 3.0 / 2* HDMI 2.0 / 1* RJ45 1000Mbps / 1* Type-C / Windows 11 Pro Mini PC,MINI PC,4.0,39800.0,0.0,0.0,39800.0,9950.0
2025-04,9794,"Nvision A24K6-S-i704-1625 Intel i7-4700M 16GB 256GB SSD 23.8"" FHD IPS All in One PC",MINI PC,1.0,16950.0,0.0,0.0,16950.0,16950.0
2025-04,10295,Asus B650M-AYW Wifi DDR5 AMD Motherboard,MOTHERBOARD,16.0,116720.0,0.0,0.0,116720.0,7295.0
2025-04,10296,Asus Prime A520M-K/CSM AM4 AMD Motherboard,MOTHERBOARD,9.0,29655.0,0.0,0.0,29655.0,3295.0
2025-04,10647,ASUS PRIME B850M-A WIFI-CSM Socket AM5 DDR5 Motherboard,MOTHERBOARD,12.0,137940.0,0.0,0.0,137940.0,11495.0
2025-04,10675,MSI B650M GAMING WIFI AM5 DDR5 Motherboard,MOTHERBOARD,11.0,81345.0,0.0,0.0,81345.0,7395.0
2025-04,11556,Gigabyte B550M-K Socket Am4 Ddr4 Motherboard,MOTHERBOARD,14.0,69300.0,0.0,0.0,69300.0,4950.0
2025-04,11558,Asus B760M-AYW WIFI Socket LGA 1700 Ddr4 Motherboard,MOTHERBOARD,5.0,46750.0,0.0,0.0,46750.0,9350.0
2025-04,11593,Gigabyte B860M GAMING X WIFI6E LGA1851 Socket Ddr5 Motherboard,MOTHERBOARD,13.0,157235.0,0.0,0.0,157235.0,12095.0
2025-04,2756,MSI B550M Pro VDH Wifi Socket Am4 Ddr4 Motherboard,MOTHERBOARD,9.0,57150.0,0.0,0.0,57150.0,6350.0
2025-04,3367,MSI A520m-A Pro Socket Am4 Ddr4 Motherboard,MOTHERBOARD,7.0,22750.0,0.0,0.0,22750.0,3250.0
2025-04,4492,Asus Prime B550M-A Wifi II Socket Am4 Ddr4 Gaming Motherboard,MOTHERBOARD,5.0,32250.0,0.0,0.0,32250.0,6450.0
2025-04,7615,MSI B650M Project zero socket LGA AM5 DDR5 Motherboard,MOTHERBOARD,8.0,102800.0,0.0,0.0,102800.0,12850.0
2025-04,8617,Asrock A520M-HVS Socket Am4 DDR4 Motherboard,MOTHERBOARD,9.0,28350.0,0.0,0.0,28350.0,3150.0
2025-04,9385,Biostar A520MHP Socket Am4 DDR4 Motherboard,MOTHERBOARD,16.0,46320.0,0.0,0.0,46320.0,2895.0
2025-04,9759,MSI PRO X870-P WIFI Ddr5 AM5 Motherboard,MOTHERBOARD,9.0,161550.0,0.0,0.0,161550.0,17950.0
2025-04,9879,MSI B550M-A PRO Socket Am4 Ddr4 Motherboard,MOTHERBOARD,16.0,74400.0,0.0,0.0,74400.0,4650.0
2025-04,9970,Asus Prime B550M-K ARGB Socket Am4 Ddr4 Motherboard,MOTHERBOARD,12.0,58200.0,0.0,0.0,58200.0,4850.0
2025-04,10488,RAKK DASIG X3 Ambidextrous Hotswap Trimode PAW3311 Huano 80M RGB Gaming Mouse Black,MOUSE,8.0,7960.0,0.0,0.0,7960.0,995.0
2025-04,10489,RAKK DASIG X3 Ambidextrous Hotswap Trimode PAW3311 Huano 80M RGB Gaming Mouse White,MOUSE,6.0,5970.0,0.0,0.0,5970.0,995.0
2025-04,10776,RAKK TALAN AERO X PAW3395 8K Polling Omron Optical Trimode Lightweight 55g Gaming Mouse Black,MOUSE,8.0,17560.0,0.0,0.0,17560.0,2195.0
2025-04,10994,Logitech G 502X Wired Gaming Mouse White,MOUSE,7.0,21665.0,0.0,0.0,21665.0,3095.0
2025-04,3513,Logitech G102 Lightsync Gaming Mouse Black,MOUSE,8.0,7440.0,0.0,0.0,7440.0,930.0
2025-04,3700,Logitech G102 Lightsync Gaming Mouse White,MOUSE,6.0,5580.0,0.0,0.0,5580.0,930.0
2025-04,9299,RAKK DASIG LITE Huano Switch RGB Gaming Mouse,MOUSE,11.0,3080.0,0.0,0.0,3080.0,280.0
2025-04,11172,DITO Home WoWFi Lite 4G WiFi Router,NETWORK DEVICE,1.0,980.0,0.0,0.0,980.0,980.0
2025-04,11173,DITO Home WoWFi Pro 5G WiFi Router,NETWORK DEVICE,2.0,2980.0,0.0,0.0,2980.0,1490.0
2025-04,11356,TP-Link Archer BE220 Dual Band Wi-Fi 7 Router,NETWORK DEVICE,1.0,2250.0,0.0,0.0,2250.0,2250.0
2025-04,11460,ASUS RT-BE50 BE3600 Dual Band WiFi 7 Router,NETWORK DEVICE,1.0,2995.0,0.0,0.0,2995.0,2995.0
2025-04,130,Tp-Link TL-WA901ND Wireless N Access Point,NETWORK DEVICE,2.0,3788.0,0.0,0.0,3788.0,1894.0
2025-04,1693,TP-Link TL-WR820N 300Mbps Multimode Wi-Fi Router,NETWORK DEVICE,1.0,490.0,0.0,0.0,490.0,490.0
2025-04,10146,MSI PANO 110R PZ Mid Tower Gaming PC Case Black,PC CASE,7.0,29400.0,0.0,0.0,29400.0,4200.0
2025-04,10518,NZXT H6 Flow CC-H61FW-01 Tempered Glass ATX PC Case White,PC CASE,3.0,13050.0,0.0,0.0,13050.0,4350.0
2025-04,10519,NZXT H7 Flow (2024) CM-H72FW-01 ATX PC Case White,PC CASE,18.0,83700.0,0.0,0.0,83700.0,4650.0
2025-04,10520,NZXT H7 Flow RGB (2024) CM-H72FB-R1 ATX PC Case Black,PC CASE,10.0,43500.0,0.0,0.0,43500.0,4350.0
2025-04,10668,CoolerMaster Elite 302 ARGB Micro ATX PC Case Black,PC CASE,13.0,38935.0,0.0,0.0,38935.0,2995.0
2025-04,10808,MSI PAG PANO M110A ARGB Micro ATX PC Case Black,PC CASE,8.0,19600.0,0.0,0.0,19600.0,2450.0
2025-04,10828,DarkFlash Floatron F1 Micro ATX PC Case Black & White,PC CASE,8.0,31960.0,0.0,0.0,31960.0,3995.0
2025-04,10928,CoolerMaster Qube 540 Moonstone ATX PC Case,PC CASE,4.0,15980.0,0.0,0.0,15980.0,3995.0
2025-04,10963,CoolerMaster Elite 600 ARGB ATX Mid Tower PC Case Black,PC CASE,9.0,48150.0,0.0,0.0,48150.0,5350.0
2025-04,10972,Asus A31 Tempered Glass Mid Tower ATX PC Case White,PC CASE,8.0,27200.0,0.0,0.0,27200.0,3400.0
2025-04,11002,RAKK TANAN MATX Tempered Glass with PSU and Fans,PC CASE,4.0,5180.0,0.0,0.0,5180.0,1295.0
2025-04,11068,DarkFlash M305 with 3 RGB Fan Micro ATX Tempered Glass Gaming PC Case Black,PC CASE,8.0,11160.0,0.0,0.0,11160.0,1395.0
2025-04,11102,YGT Mars 9 Micro ATX PC Case with PSU Black,PC CASE,7.0,5565.0,0.0,0.0,5565.0,795.0
2025-04,11131,Asus A21 Tempered Glass Micro ATX PC Case Black,PC CASE,6.0,17970.0,0.0,0.0,17970.0,2995.0
2025-04,11306,Gamdias Aura GC10 v2 ARGB Dual Chamber Micro ATX PC Case Black,PC CASE,5.0,12475.0,0.0,0.0,12475.0,2495.0
2025-04,11406,Cougar MX110 RGB Mid Tower Tempered Glass ATX PC Case Black,PC CASE,5.0,11750.0,0.0,0.0,11750.0,2350.0
2025-04,11546,YGT 420B Micro ATX PC Case Black,PC CASE,14.0,17500.0,0.0,0.0,17500.0,1250.0
2025-04,6579,InPlay Wind 01 Acrylic Side Panel Micro ATX PC Case,PC CASE,12.0,0.0,0.0,0.0,0.0,0.0
2025-04,7367,MSI MAG Forge M100A Auto RGB Micro ATX PC Case Black,PC CASE,7.0,15330.0,0.0,0.0,15330.0,2190.0
2025-04,9897,YGT V100 Micro ATX PC Case with PSU White,PC CASE,12.0,10680.0,0.0,0.0,10680.0,890.0
2025-04,9973,MSI MAG PANO 100R Project Zero Micro ATX PC Case Black,PC CASE,9.0,59850.0,0.0,0.0,59850.0,6650.0
2025-04,10052,Asus Prime 650W 80+ Bronze Power Supply,POWER SUPPLY,7.0,25550.0,0.0,0.0,25550.0,3650.0
2025-04,10208,Asus Prime AP-850W 80+ Gold Full Modular Power Supply,POWER SUPPLY,12.0,89940.0,0.0,0.0,89940.0,7495.0
2025-04,10376,ASRock Pro-650B 650W 80+ Bronze Non-Modular ATX 3.1 Power Supply,POWER SUPPLY,8.0,21200.0,0.0,0.0,21200.0,2650.0
2025-04,10679,ASRock Steel Legend SL-1000G 1000W 80+ Gold Cybenetics Gold ATX 3.1 Full Modular Power Supply,POWER SUPPLY,13.0,122850.0,0.0,0.0,122850.0,9450.0
2025-04,11266,Acer AC-500 500W Non-Modular 80+ Bronze Power Supply Black,POWER SUPPLY,17.0,21250.0,0.0,0.0,21250.0,1250.0
2025-04,11267,Acer AC-650 650W Non-Modular 80+ Bronze Power Supply Black,POWER SUPPLY,14.0,25046.0,0.0,0.0,25046.0,1789.0
2025-04,11332,Acer AC-750 750W Non-Modular 80+ Bronze Power Supply Black,POWER SUPPLY,9.0,18900.0,0.0,0.0,18900.0,2100.0
2025-04,176,Intelligent 700 watts Power Supply,POWER SUPPLY,12.0,5400.0,0.0,0.0,5400.0,450.0
2025-04,4079,MSI MAG A650BN 650Watts 80+ Non-Modular Power Supply Bronze,POWER SUPPLY,10.0,32950.0,0.0,0.0,32950.0,3295.0
2025-04,4080,MSI MAG A550BN 550Watts 80+ Non-Modular Power Supply Bronze,POWER SUPPLY,10.0,28550.0,0.0,0.0,28550.0,2855.0
2025-04,6242,MSI MAG A600DN 600W 80+ Power Supply,POWER SUPPLY,10.0,27650.0,0.0,0.0,27650.0,2765.0
2025-04,7838,MSI MAG A850GL 850Watts PCIE5 80+ Full Modular Power Supply Gold Black,POWER SUPPLY,10.0,72300.0,0.0,0.0,72300.0,7230.0
2025-04,8542,Acer AC-550 550w Full Modular 80plus Bronze Power Supply,POWER SUPPLY,8.0,11480.0,0.0,0.0,11480.0,1435.0
2025-04,8543,Acer AC-650 650w Full Modular  80plus Bronze Power Supply,POWER SUPPLY,13.0,26715.0,0.0,0.0,26715.0,2055.0
2025-04,9703,CoolerMaster MWE 650W V3 (MPE-6501-ACABW-3BUS) 80+ Bronze ATX 3.1 Power Supply,POWER SUPPLY,15.0,57150.0,0.0,0.0,57150.0,3810.0
2025-04,9938,CoolerMaster MWE 750W V3 (MPE-7501-ACABW-3BUS) 80+ Bronze ATX 3.1 Power Supply,POWER SUPPLY,12.0,51816.0,0.0,0.0,51816.0,4318.0
2025-04,11598,Epson L3310 Multi Functional Integrated Ink Tank Printer,PRINTER AND SCANNER,1.0,9050.0,0.0,0.0,9050.0,9050.0
2025-04,2008,Canon Pixma TS207 Printer Inkjet,PRINTER AND SCANNER,2.0,4460.0,0.0,0.0,4460.0,2230.0
2025-04,3940,Epson L121 Ink Tank Printer,PRINTER AND SCANNER,2.0,10900.0,0.0,0.0,10900.0,5450.0
2025-04,4804,Canon Pixma MG3070S Compact Wireless All-In-One Printer,PRINTER AND SCANNER,1.0,3425.0,0.0,0.0,3425.0,3425.0
2025-04,10057,AMD Ryzen 9 9900X 4.4GHz AM5 Socket DDR5 Processor TTP,PROCESSOR,8.0,199600.0,0.0,0.0,199600.0,24950.0
2025-04,10102,AMD Ryzen 7 7700 Socket AM5 3.8GHz Processor MPK,PROCESSOR,9.0,107550.0,0.0,0.0,107550.0,11950.0
2025-04,10110,AMD Ryzen 5 5500GT 3.6GHz AM4 Socket DDR4 Processor MPK,PROCESSOR,9.0,72855.0,0.0,0.0,72855.0,8095.0
2025-04,10911,Intel Core i9-14900K Raptor Lake Socket LGA 1700 3.20GHz Processor MPK,PROCESSOR,8.0,255600.0,0.0,0.0,255600.0,31950.0
2025-04,10938,AMD Ryzen 5 8400F 4.2GHz AM5 Socket DDR5 Processor MPK,PROCESSOR,16.0,143200.0,0.0,0.0,143200.0,8950.0
2025-04,11064,AMD Ryzen 5 3400g 3.7ghz AM4 Socket DDR4 Processor MPK,PROCESSOR,9.0,34155.0,0.0,0.0,34155.0,3795.0
2025-04,11065,AMD Ryzen 7 8700F 4.1ghz AM5 Socket DDR5 Processor MPK,PROCESSOR,11.0,103950.0,0.0,0.0,103950.0,9450.0
2025-04,11592,Intel Core Ultra 7 processor 270K Plus LGA 1851 5.5Ghz Processor,PROCESSOR,7.0,146650.0,0.0,0.0,146650.0,20950.0
2025-04,4513,AMD Ryzen 5 5600X Socket AM4 3.7GHz Processor with Wraith Stealth Cooler MPK,PROCESSOR,10.0,89500.0,0.0,0.0,89500.0,8950.0
2025-04,5640,AMD Ryzen 5 5500 Socket Am4 3.6GHz Processor with AMD wraith cooler MPK,PROCESSOR,17.0,88400.0,0.0,0.0,88400.0,5200.0
2025-04,5663,AMD Ryzen 5 5600 Socket Am4 3.5GHz Processor with Wraith stealth cooler MPK,PROCESSOR,6.0,43200.0,0.0,0.0,43200.0,7200.0
2025-04,7098,AMD Ryzen 7 5700G Socket Am4 3.8GHz with Radeon Vega 8 wraith stealth cooler Processor MPK,PROCESSOR,9.0,110250.0,0.0,0.0,110250.0,12250.0
2025-04,7929,AMD Ryzen 7 5700X Socket AM4 3.4GHz Processor with AMD Wraith Stealth cooler MPK,PROCESSOR,12.0,119400.0,0.0,0.0,119400.0,9950.0
2025-04,8432,AMD Ryzen 3 3200g PRO Socket Am4 3.6ghz with Radeon Vega 8 Processor MPK,PROCESSOR,6.0,20370.0,0.0,0.0,20370.0,3395.0
2025-04,9608,AMD RYZEN 7 7800X3D Socket AM5 D5 5.0ghz with Radeon Graphics processor TTP,PROCESSOR,15.0,276750.0,0.0,0.0,276750.0,18450.0
2025-04,9614,AMD RYZEN 7 9800X3D Socket AM5 D5 5.2ghz with Radeon Graphics processor,PROCESSOR,6.0,167700.0,0.0,0.0,167700.0,27950.0
2025-04,9776,AMD Ryzen 5 5600GT 3.6GHz AM4 Socket DDR4 Processor MPK,PROCESSOR,12.0,110340.0,0.0,0.0,110340.0,9195.0
2025-04,9841,Intel Core i5-14400 4.7GHz LGA 1700 Processor MPK,PROCESSOR,13.0,155350.0,0.0,0.0,155350.0,11950.0
2025-04,10697,Lexar NQ100 256GB Solid State Drive SATA 2.5,SOLID STATE DRIVE,16.0,63920.0,0.0,0.0,63920.0,3995.0
2025-04,10797,Lexar NM620 1TB M.2 NVME Solid State Drive,SOLID STATE DRIVE,13.0,105300.0,0.0,0.0,105300.0,8100.0
2025-04,10804,Team Group MP33 512GB M.2 PCIe Gen3.0 x4 NVME 1.3 Solid State Drive,SOLID STATE DRIVE,12.0,75000.0,0.0,0.0,75000.0,6250.0
2025-04,11148,Teamgroup T-Force GA Pro 1TB NVMe M.2 Gen 5 Solid State Drive,SOLID STATE DRIVE,15.0,162750.0,0.0,0.0,162750.0,10850.0
2025-04,11152,Hiksemi Wave S 256B SATA 2.5 Solid State Drive,SOLID STATE DRIVE,18.0,60300.0,0.0,0.0,60300.0,3350.0
2025-04,11269,Hiksemi Wave P 256GB PCIE Gen3 M.2 Solid State Drive,SOLID STATE DRIVE,15.0,52425.0,0.0,0.0,52425.0,3495.0
2025-04,11323,ESGaming 512GB SATA 2.5 Solid State Drive,SOLID STATE DRIVE,24.0,105480.0,0.0,0.0,105480.0,4395.0
2025-04,11577,Apacer AS2280P4 512GB PCIe Gen 3x4 M.2 NVMe Solid State Drive,SOLID STATE DRIVE,22.0,116490.0,0.0,0.0,116490.0,5295.0
2025-04,1681,Team Group GX2 Solid State Drive 256gb SATA 2.5,SOLID STATE DRIVE,21.0,72450.0,0.0,0.0,72450.0,3450.0
2025-04,1909,Lexar NS10 Lite Solid State Drive 120gb SATA 2.5,SOLID STATE DRIVE,18.0,26100.0,0.0,0.0,26100.0,1450.0
2025-04,6856,Team Group MP33 256GB M.2 PCIe NVME Solid State Drive,SOLID STATE DRIVE,15.0,50250.0,0.0,0.0,50250.0,3350.0
2025-04,6936,Adata SU650 Solid State Drive 512GB SATA 2.5,SOLID STATE DRIVE,26.0,129870.0,0.0,0.0,129870.0,4995.0
2025-04,10832,"ORTIZAN C7 Dual-Mode 2.0 Studio Monitors, Active Monitor Speakers, Black",SPEAKER,1.0,3195.0,0.0,0.0,3195.0,3195.0
2025-04,10856,Edifier ES20 Portable Bluetooth Speaker Ivory,SPEAKER,1.0,1685.0,0.0,0.0,1685.0,1685.0
2025-04,10870,InPlay MS002 Mini Speaker Black,SPEAKER,1.0,210.0,0.0,0.0,210.0,210.0
2025-04,9768,Edifier T5 Powered Subwoofer,SPEAKER,1.0,4950.0,0.0,0.0,4950.0,4950.0
2025-04,2991,APC Back-Ups BVX650I-PH 360 Watts 650va with Avr Universal Sockets Ups,UPS & AVR,6.0,13200.0,0.0,0.0,13200.0,2200.0
2025-04,36,Secure 220v Avr,UPS & AVR,5.0,1250.0,0.0,0.0,1250.0,250.0
2025-04,454,Secure 650va Ups,UPS & AVR,5.0,7250.0,0.0,0.0,7250.0,1450.0
2025-05,10653,RAKK Matik USB Gaming Headset LED Illuminated,AUDIO,5.0,1575.0,0.0,0.0,1575.0,315.0
2025-05,10952,EPOS Sennheiser Impact SC 260 ED Headset,AUDIO,5.0,6600.0,0.0,0.0,6600.0,1320.0
2025-05,10991,Logitech G PRO X Wired 7.1 Gaming Headset,AUDIO,7.0,31850.0,0.0,0.0,31850.0,4550.0
2025-05,10993,Logitech G PRO X Wired 7.1 Gaming Headset (League of Legends Edition),AUDIO,3.0,13650.0,0.0,0.0,13650.0,4550.0
2025-05,11507,Accutone UB210 Noise Cancelling Headset Black,AUDIO,3.0,4650.0,0.0,0.0,4650.0,1550.0
2025-05,11508,Accutone Sonar 280 Wireless & Wired Noise Cancelling Headset Black,AUDIO,5.0,10300.0,0.0,0.0,10300.0,2060.0
2025-05,11509,Accutone Converse 95 Noise Cancelling Headset Black,AUDIO,5.0,11600.0,0.0,0.0,11600.0,2320.0
2025-05,11510,Accutone Nexus 2000 MagSafe Speaker Blue,AUDIO,1.0,1250.0,0.0,0.0,1250.0,1250.0
2025-05,11512,Accutone Nexus 2000 MagSafe Speaker Pink,AUDIO,3.0,3750.0,0.0,0.0,3750.0,1250.0
2025-05,11612,Accutone UB101 Stereo USB Headset Black,AUDIO,4.0,1380.0,0.0,0.0,1380.0,345.0
2025-05,7652,RAKK SONIDO 7.1 Virtual Surround RGB Gaming Headset USB Black,AUDIO,7.0,6965.0,0.0,0.0,6965.0,995.0
2025-05,8581,Edifier W820NB Plus Active Noice Cancellation Bluetooth Stereo Wireless Headset Ivory,AUDIO,6.0,11100.0,0.0,0.0,11100.0,1850.0
2025-05,7824,Hikvision E-HWID 2.8MM Eco-HiWatch 2.mm IR Dome E-HWID,CAMERA,9.0,13050.0,0.0,0.0,13050.0,1450.0
2025-05,78,A4Tech KRS-8572 Usb Keyboard and Mouse Black,COMBO,47.0,23970.0,0.0,0.0,23970.0,510.0
2025-05,9301,RAKK APTAS ILLUMINATED / Membrane Keyboard and Mouse / No software / Rainbow lighting / Black,COMBO,39.0,11115.0,0.0,0.0,11115.0,285.0
2025-05,10370,DarkFlash Infinity 34 3in1 ARGB Chassis Fan Black,COOLING,13.0,14950.0,0.0,0.0,14950.0,1150.0
2025-05,10373,DarkFlash Infinity 34 Single ARGB Chassis Fan White,COOLING,5.0,2100.0,0.0,0.0,2100.0,420.0
2025-05,10386,MSI MAG COREFROZR AA13 ARGB CPU Air Cooler black,COOLING,9.0,10755.0,0.0,0.0,10755.0,1195.0
2025-05,10590,YGT Cyber-120IFB 3in1 ARGB Chassis Fan Black,COOLING,13.0,7150.0,0.0,0.0,7150.0,550.0
2025-05,10743,NZXT F120 RGB Duo Triple Pack (RF-D12TF-W1) with RGB Controller Chassis Fan White,COOLING,10.0,15000.0,0.0,0.0,15000.0,1500.0
2025-05,10839,CoolerMaster Hyper 212 3DHP ARGB CPU Air Cooler Black,COOLING,10.0,13950.0,0.0,0.0,13950.0,1395.0
2025-05,10858,DarkFlash E400 Plus Matrix Display CPU Air Cooler White,COOLING,18.0,29700.0,0.0,0.0,29700.0,1650.0
2025-05,10930,CoolerMaster MasterLiquid 240L Core Liquid Cooling Black,COOLING,5.0,18500.0,0.0,0.0,18500.0,3700.0
2025-05,10966,CoolerMaster V4 Alpha 3DHP CPU Air Cooler Black,COOLING,16.0,30320.0,0.0,0.0,30320.0,1895.0
2025-05,10990,BeQuiet Silent Wings 4 (BL094) 120mm PWM High Speed Single Chassis Fan Black,COOLING,8.0,9600.0,0.0,0.0,9600.0,1200.0
2025-05,11005,Asus AR120 ARGB PWM Single Chassis Fan Black,COOLING,9.0,1350.0,0.0,0.0,1350.0,150.0
2025-05,11159,Jungle Leopard Chill Arc 360mm ARGB Liquid Cooling Black,COOLING,10.0,109500.0,0.0,0.0,109500.0,10950.0
2025-05,11160,Jungle Leopard Chill Arc 360mm ARGB Liquid Cooling White,COOLING,9.0,101655.0,0.0,0.0,101655.0,11295.0
2025-05,11216,CoolerMaster MasterLiquid Core Nex 360 ARGB CPU Liquid Cooler Black,COOLING,13.0,57850.0,0.0,0.0,57850.0,4450.0
2025-05,6174,Deepcool TW-003 CPU Air Cooler,COOLING,11.0,4400.0,0.0,0.0,4400.0,400.0
2025-05,7,AMD Stock Heatsink Fan,COOLING,7.0,980.0,0.0,0.0,980.0,140.0
2025-05,7501,DarkFlash DM12 F Single ARGB Chassis Fan Black,COOLING,11.0,2585.0,0.0,0.0,2585.0,235.0
2025-05,7502,DarkFlash DM12 F Single ARGB Chassis Fan White,COOLING,9.0,2565.0,0.0,0.0,2565.0,285.0
2025-05,7505,DarkFlash Infinity24 Single ARGB Chassis Fan Black,COOLING,6.0,1710.0,0.0,0.0,1710.0,285.0
2025-05,9737,MSI MAG Coreliquid A13 240 CPU Liquid Cooler Black,COOLING,12.0,43800.0,0.0,0.0,43800.0,3650.0
2025-05,9835,MSI MAG Coreliquid A13 360 CPU Liquid Cooler Black,COOLING,6.0,25680.0,0.0,0.0,25680.0,4280.0
2025-05,9836,MSI MAG Coreliquid A13 360 CPU Liquid Cooler White,COOLING,11.0,45540.0,0.0,0.0,45540.0,4140.0
2025-05,10425,"ViewSonic VA24G1-H 24"" FHD 144Hz IPS Monitor",DISPLAY,9.0,37350.0,0.0,0.0,37350.0,4150.0
2025-05,10540,"ASUS ROG Strix XG27ACMES 27"" QHD 255Hz-OC Fast IPS Monitor",DISPLAY,7.0,111965.0,0.0,0.0,111965.0,15995.0
2025-05,10711,"ASUS TUF Gaming Series 5 VG259QMR5A 24.5"" FHD 310Hz(OC) Fast-IPS Monitor",DISPLAY,8.0,75960.0,0.0,0.0,75960.0,9495.0
2025-05,10836,"AOC 24G11ZE 23.8"" 240Hz OC FHD Fast IPS Monitor",DISPLAY,7.0,46165.0,0.0,0.0,46165.0,6595.0
2025-05,10918,"Philips 24E2G2200 23.8"" 144Hz IPS FHD Monitor",DISPLAY,7.0,29365.0,0.0,0.0,29365.0,4195.0
2025-05,10919,"Philips 27E2G2200 27"" 144Hz IPS FHD Monitor",DISPLAY,8.0,47960.0,0.0,0.0,47960.0,5995.0
2025-05,10940,"MSI MAG 245F X24 23.8"" 240Hz FHD Rapid IPS Monitor",DISPLAY,10.0,64500.0,0.0,0.0,64500.0,6450.0
2025-05,10941,"MSI MAG 272F X24 27"" 240Hz FHD Rapid IPS Monitor",DISPLAY,3.0,26850.0,0.0,0.0,26850.0,8950.0
2025-05,11074,"AOC 24B36XE 23.8"" FHD 144Hz IPS Monitor",DISPLAY,4.0,17000.0,0.0,0.0,17000.0,4250.0
2025-05,11127,"Nvision N2455GT-B 23.8"" FHD 144Hz IPS Monitor",DISPLAY,5.0,19750.0,0.0,0.0,19750.0,3950.0
2025-05,11151,"MSI MAG 275QF E20 27"" WQHD 200Hz Rapid IPS Monitor",DISPLAY,6.0,69000.0,0.0,0.0,69000.0,11500.0
2025-05,11208,"Gamdias Atlas HD24IF IV 23.8"" 240Hz FHD Fast IPS Monitor Black",DISPLAY,14.0,82180.0,0.0,0.0,82180.0,5870.0
2025-05,11258,"AOC Q27G4SL/WS 27"" QHD 320Hz Fast IPS HDR 400 Monitor",DISPLAY,11.0,151800.0,0.0,0.0,151800.0,13800.0
2025-05,11472,"MSI PRO MP251 E14L 24.5"" 144HZ FHD IPS Monitor",DISPLAY,7.0,30275.0,0.0,0.0,30275.0,4325.0
2025-05,11473,"Asus TUF Gaming VG259QM5A 24.5"" 240Hz IPS Gaming Monitor",DISPLAY,14.0,110530.0,0.0,0.0,110530.0,7895.0
2025-05,11528,"LG 24U411A-B 23.8"" 120Hz FHD IPS Monitor",DISPLAY,6.0,21900.0,0.0,0.0,21900.0,3650.0
2025-05,7785,Nvision N190V8 19' LED Monitor,DISPLAY,8.0,13600.0,0.0,0.0,13600.0,1700.0
2025-05,7786,"Nvision N200V8 20"" LED Monitor",DISPLAY,8.0,13720.0,0.0,0.0,13720.0,1715.0
2025-05,8060,"Nvision H22V8 21.5"" LED Monitor",DISPLAY,9.0,20160.0,0.0,0.0,20160.0,2240.0
2025-05,9904,"Viewsonic VX2479A-HD-PRO 24"" 240Hz FHD 1MS MPRT IPS HDR10 Gaming Monitor",DISPLAY,7.0,44310.0,0.0,0.0,44310.0,6330.0
2025-05,11003,RAKK SUKOG LITE 800x400x3mm Mousepad Black,GAMING SURFACE,20.0,3800.0,0.0,0.0,3800.0,190.0
2025-05,10053,ASUS Dual Nvidia Geforce RTX 3050 OC Edition (DUAL-RTX3050-O6G) 6GB 96-bit GDRR6 Videocard,GRAPHIC CARD,10.0,144500.0,0.0,0.0,144500.0,14450.0
2025-05,10072,MSI Nvidia GeForce RTX 5060 VENTUS 2X OC (G5060-8V2C) 8GB 128-bit GDDR7 Videocard,GRAPHIC CARD,5.0,122500.0,0.0,0.0,122500.0,24500.0
2025-05,10080,Gigabyte Nvidia GeForce RTX 5060 AERO OC (GV-N5060AERO-OC-8GD) 8GB 128-bit GDDR7 Videocard,GRAPHIC CARD,6.0,154500.0,0.0,0.0,154500.0,25750.0
2025-05,10152,MSI GeForce RTX 5070 Ti VENTUS 3X OC (G507T-16V3C) 16GB 256-bit GDDR7 Videocard,GRAPHIC CARD,12.0,791400.0,0.0,0.0,791400.0,65950.0
2025-05,10155,ASUS DUAL GeForce RTX 5060 (DUAL-RTX5060-8G) 8GB 128-bit GDDR7 Videocard,GRAPHIC CARD,6.0,149700.0,0.0,0.0,149700.0,24950.0
2025-05,10206,ASUS Dual RX 7600 EVO OC Edition DUAL-RX7600-O8G-EVO 8GB 128-bit GDDR6 Videocard,GRAPHIC CARD,6.0,137700.0,0.0,0.0,137700.0,22950.0
2025-05,10207,ASUS Prime AMD Radeon RX 9060 XT OC (PRIME-RX9060XT-O16G) 16GB 128-Bit GDDR6 Videocard,GRAPHIC CARD,7.0,244650.0,0.0,0.0,244650.0,34950.0
2025-05,10225,MSI Nvidia GeForce RTX 5060 SHADOW 2X OC (G5060-8S2C) 8GB 128-bit GDDR7 Videocard,GRAPHIC CARD,7.0,174650.0,0.0,0.0,174650.0,24950.0
2025-05,10660,MSI Nvidia GeForce RTX 5050 VENTUS 2X OC (G5050-8V2C) 128-bit GDDR6 Videocard,GRAPHIC CARD,11.0,219450.0,0.0,0.0,219450.0,19950.0
2025-05,11557,ASUS DUAL Nvidia GeForce RTX 5060 Ti OC Edition (DUAL-RTX5060TI-O8G) 8GB 128-bit GDDR7 Videocard,GRAPHIC CARD,7.0,202650.0,0.0,0.0,202650.0,28950.0
2025-05,11591,MSI GeForce RTX 5060 Ventus 2X OC v1 (G5060-8V2CV1) 8GB 128-bit GDDR7 Videocard,GRAPHIC CARD,2.0,51300.0,0.0,0.0,51300.0,25650.0
2025-05,11636,Colorful Nvidia GeForce RTX 3050 6GB V4-V 96-bit GDDR6 Videocard,GRAPHIC CARD,8.0,98000.0,0.0,0.0,98000.0,12250.0
2025-05,8396,MSI GEFORCE RTX 3050 VENTUS 2X OC 6GB 96-bit DDR6 Videocard,GRAPHIC CARD,5.0,71000.0,0.0,0.0,71000.0,14200.0
2025-05,9396,Biostar Rx 580 VA5815RQ82 Dual Cooling Fan 8gb 256bit GDdr5 Gaming Videocard,GRAPHIC CARD,10.0,79500.0,0.0,0.0,79500.0,7950.0
2025-05,9883,Asus Prime AMD Radeon RX 9070 OC (PRIME-RX9070-O16G) 16GB 256-Bit GDDR6 Videocard,GRAPHIC CARD,8.0,383600.0,0.0,0.0,383600.0,47950.0
2025-05,9967,MSI Nvidia GeForce RTX 5070 VENTUS 2X OC 12GB 192-bit GDDR7 Videocard,GRAPHIC CARD,10.0,469500.0,0.0,0.0,469500.0,46950.0
2025-05,160,Seagate 1tb ST1000DM010 Harddisk Drive,HARD DISK,3.0,10350.0,0.0,0.0,10350.0,3450.0
2025-05,11573,Aula S75 Pro RGB Gaming Mechanical Wireless Tri-Mode Keyboard Gradient Pink,KEYBOARD,17.0,41650.0,0.0,0.0,41650.0,2450.0
2025-05,4285,Fantech MAXPOWER MK853 Mechanical Gaming Keyboard White - BLUE Switch,KEYBOARD,30.0,44400.0,0.0,0.0,44400.0,1480.0
2025-05,9998,"Gigabyte Gaming A16 CMHH2PH893SH 16.0"" WUXGA 165Hz Intel Core i5-13420H/16GB DDR5/512GB 2x M.2 SSD/ RTX 4050 6GB/Win11Laptop",LAPTOP GA2,2.0,125990.0,0.0,0.0,125990.0,62995.0
2025-05,11564,"Asus Vivobook 14 X1404VA-EB2200WSM 14.0"" FHD Intel Core 5 120U/8GB DDR5/512GB SSD/Win11 Laptop H&S+M365 + Laptop Bag",LAPTOP PR2,2.0,87990.0,0.0,0.0,87990.0,43995.0
2025-05,11461,"MSI Modern 14 F1MG-887PHNN 14.0""FHD IPS Intel Core 7 150U/8GB+8GB DDR4-3200/512GB*1 NVMe SSD PCIe Gen4/Win11 Laptop + OFC + Laptop Bag",LAPTOP PR3,1.0,53995.0,0.0,0.0,53995.0,53995.0
2025-05,11527,"Lenovo V15 G4 ABP 15.6"" FHD Ryzen 7-7730U/8GB DDR4/512GB NVMe SSD/Win11 Pro Laptop SE",LAPTOP PR3,1.0,39995.0,0.0,0.0,39995.0,39995.0
2025-05,11550,"Lenovo V15 G5 IRL 15.6"" Intel Core i5-13420H/16GB DDR5/512GB SSD Laptop/Win11 Laptop SE + Laptop Bag",LAPTOP PR3,5.0,224975.0,0.0,0.0,224975.0,44995.0
2025-05,10286,Lexar LD5S16G56C46ST-BGS 16GB 5600Mhz DDR5 Sodimm Memory,MEMORY,12.0,187200.0,0.0,0.0,187200.0,15600.0
2025-05,10789,Teamgroup Vulcan 16GB 8GBx2 6000Mhz CL38 DDR5 Memory,MEMORY,15.0,217500.0,0.0,0.0,217500.0,14500.0
2025-05,10905,Lexar Ares 8GB LD4U08G32C16LA-RGS 3200Mhz DDR4 RGB Memory Black,MEMORY,11.0,46750.0,0.0,0.0,46750.0,4250.0
2025-05,11052,Biostar Storming V 8GB 3200Mhz DDR4 Memory,MEMORY,15.0,62250.0,0.0,0.0,62250.0,4150.0
2025-05,11185,Crucial 16GB CT16G4SFRA32A 3200Mhz DDR4 Sodimm,MEMORY,11.0,90750.0,0.0,0.0,90750.0,8250.0
2025-05,11327,HKC PC 16gb 3200mhz DDR4 with Heatsink Memory Black,MEMORY,14.0,86730.0,0.0,0.0,86730.0,6195.0
2025-05,11444,FASPEED 8GB 3200Mhz DDR4 with Heatsink Memory,MEMORY,11.0,34650.0,0.0,0.0,34650.0,3150.0
2025-05,11450,HKC PC 8gb 3200mhz DDR4 with Heatsink Memory Black,MEMORY,13.0,44850.0,0.0,0.0,44850.0,3450.0
2025-05,11548,Hiksemi Future 16GB (16x1) HSC516U56C2 5600Mhz CL38 DDR5 Memory Black,MEMORY,11.0,164945.0,0.0,0.0,164945.0,14995.0
2025-05,1372,Ramsta 4gb 1x4 2666mhz Ddr4 Memory,MEMORY,9.0,4500.0,0.0,0.0,4500.0,500.0
2025-05,2489,Ramsta 4gb 1x4 2666mhz Ddr4 Sodimm Memory,MEMORY,16.0,6400.0,0.0,0.0,6400.0,400.0
2025-05,3150,Team Elite TForce Delta 16gb 2x8 3600mhz Ddr4 RGB Memory Black,MEMORY,17.0,155550.0,0.0,0.0,155550.0,9150.0
2025-05,3151,Team Elite TForce Delta 16gb 2x8 3600mhz Ddr4 RGB Memory White,MEMORY,21.0,192150.0,0.0,0.0,192150.0,9150.0
2025-05,4055,Team Elite Plus 8gb 1x8 3200Mhz Ddr4 Memory Black Gold,MEMORY,18.0,85500.0,0.0,0.0,85500.0,4750.0
2025-05,9324,KINGBANK 16GB 1x16 3200mhz DDR4 with Heatsink Memory Silver,MEMORY,16.0,119200.0,0.0,0.0,119200.0,7450.0
2025-05,11448,Y5Pro Intel Core i5 8250U / 16GB DDr4 / 512GB SSD / WIFI 5 DUAL / 4* USB 3.0 / 2* HDMI 2.0 / 1* RJ45 1000Mbps / 1* Type-C / Windows 11 Pro Mini PC,MINI PC,1.0,20950.0,0.0,0.0,20950.0,20950.0
2025-05,9794,"Nvision A24K6-S-i704-1625 Intel i7-4700M 16GB 256GB SSD 23.8"" FHD IPS All in One PC",MINI PC,1.0,16950.0,0.0,0.0,16950.0,16950.0
2025-05,10295,Asus B650M-AYW Wifi DDR5 AMD Motherboard,MOTHERBOARD,14.0,102130.0,0.0,0.0,102130.0,7295.0
2025-05,10296,Asus Prime A520M-K/CSM AM4 AMD Motherboard,MOTHERBOARD,13.0,42835.0,0.0,0.0,42835.0,3295.0
2025-05,10647,ASUS PRIME B850M-A WIFI-CSM Socket AM5 DDR5 Motherboard,MOTHERBOARD,7.0,80465.0,0.0,0.0,80465.0,11495.0
2025-05,10675,MSI B650M GAMING WIFI AM5 DDR5 Motherboard,MOTHERBOARD,19.0,140505.0,0.0,0.0,140505.0,7395.0
2025-05,11556,Gigabyte B550M-K Socket Am4 Ddr4 Motherboard,MOTHERBOARD,11.0,54450.0,0.0,0.0,54450.0,4950.0
2025-05,11558,Asus B760M-AYW WIFI Socket LGA 1700 Ddr4 Motherboard,MOTHERBOARD,15.0,140250.0,0.0,0.0,140250.0,9350.0
2025-05,11593,Gigabyte B860M GAMING X WIFI6E LGA1851 Socket Ddr5 Motherboard,MOTHERBOARD,8.0,96760.0,0.0,0.0,96760.0,12095.0
2025-05,2756,MSI B550M Pro VDH Wifi Socket Am4 Ddr4 Motherboard,MOTHERBOARD,14.0,88900.0,0.0,0.0,88900.0,6350.0
2025-05,3367,MSI A520m-A Pro Socket Am4 Ddr4 Motherboard,MOTHERBOARD,15.0,48750.0,0.0,0.0,48750.0,3250.0
2025-05,4492,Asus Prime B550M-A Wifi II Socket Am4 Ddr4 Gaming Motherboard,MOTHERBOARD,15.0,96750.0,0.0,0.0,96750.0,6450.0
2025-05,7615,MSI B650M Project zero socket LGA AM5 DDR5 Motherboard,MOTHERBOARD,16.0,205600.0,0.0,0.0,205600.0,12850.0
2025-05,8617,Asrock A520M-HVS Socket Am4 DDR4 Motherboard,MOTHERBOARD,19.0,59850.0,0.0,0.0,59850.0,3150.0
2025-05,9385,Biostar A520MHP Socket Am4 DDR4 Motherboard,MOTHERBOARD,13.0,37635.0,0.0,0.0,37635.0,2895.0
2025-05,9759,MSI PRO X870-P WIFI Ddr5 AM5 Motherboard,MOTHERBOARD,11.0,197450.0,0.0,0.0,197450.0,17950.0
2025-05,9879,MSI B550M-A PRO Socket Am4 Ddr4 Motherboard,MOTHERBOARD,10.0,46500.0,0.0,0.0,46500.0,4650.0
2025-05,9970,Asus Prime B550M-K ARGB Socket Am4 Ddr4 Motherboard,MOTHERBOARD,16.0,77600.0,0.0,0.0,77600.0,4850.0
2025-05,10488,RAKK DASIG X3 Ambidextrous Hotswap Trimode PAW3311 Huano 80M RGB Gaming Mouse Black,MOUSE,7.0,6965.0,0.0,0.0,6965.0,995.0
2025-05,10489,RAKK DASIG X3 Ambidextrous Hotswap Trimode PAW3311 Huano 80M RGB Gaming Mouse White,MOUSE,5.0,4975.0,0.0,0.0,4975.0,995.0
2025-05,10776,RAKK TALAN AERO X PAW3395 8K Polling Omron Optical Trimode Lightweight 55g Gaming Mouse Black,MOUSE,6.0,13170.0,0.0,0.0,13170.0,2195.0
2025-05,10994,Logitech G 502X Wired Gaming Mouse White,MOUSE,8.0,24760.0,0.0,0.0,24760.0,3095.0
2025-05,3513,Logitech G102 Lightsync Gaming Mouse Black,MOUSE,9.0,8370.0,0.0,0.0,8370.0,930.0
2025-05,3700,Logitech G102 Lightsync Gaming Mouse White,MOUSE,12.0,11160.0,0.0,0.0,11160.0,930.0
2025-05,9299,RAKK DASIG LITE Huano Switch RGB Gaming Mouse,MOUSE,12.0,3360.0,0.0,0.0,3360.0,280.0
2025-05,11172,DITO Home WoWFi Lite 4G WiFi Router,NETWORK DEVICE,1.0,980.0,0.0,0.0,980.0,980.0
2025-05,11173,DITO Home WoWFi Pro 5G WiFi Router,NETWORK DEVICE,3.0,4470.0,0.0,0.0,4470.0,1490.0
2025-05,11356,TP-Link Archer BE220 Dual Band Wi-Fi 7 Router,NETWORK DEVICE,2.0,4500.0,0.0,0.0,4500.0,2250.0
2025-05,11460,ASUS RT-BE50 BE3600 Dual Band WiFi 7 Router,NETWORK DEVICE,1.0,2995.0,0.0,0.0,2995.0,2995.0
2025-05,130,Tp-Link TL-WA901ND Wireless N Access Point,NETWORK DEVICE,5.0,9470.0,0.0,0.0,9470.0,1894.0
2025-05,1693,TP-Link TL-WR820N 300Mbps Multimode Wi-Fi Router,NETWORK DEVICE,4.0,1960.0,0.0,0.0,1960.0,490.0
2025-05,10146,MSI PANO 110R PZ Mid Tower Gaming PC Case Black,PC CASE,9.0,37800.0,0.0,0.0,37800.0,4200.0
2025-05,10518,NZXT H6 Flow CC-H61FW-01 Tempered Glass ATX PC Case White,PC CASE,7.0,30450.0,0.0,0.0,30450.0,4350.0
2025-05,10519,NZXT H7 Flow (2024) CM-H72FW-01 ATX PC Case White,PC CASE,14.0,65100.0,0.0,0.0,65100.0,4650.0
2025-05,10520,NZXT H7 Flow RGB (2024) CM-H72FB-R1 ATX PC Case Black,PC CASE,5.0,21750.0,0.0,0.0,21750.0,4350.0
2025-05,10668,CoolerMaster Elite 302 ARGB Micro ATX PC Case Black,PC CASE,16.0,47920.0,0.0,0.0,47920.0,2995.0
2025-05,10808,MSI PAG PANO M110A ARGB Micro ATX PC Case Black,PC CASE,13.0,31850.0,0.0,0.0,31850.0,2450.0
2025-05,10828,DarkFlash Floatron F1 Micro ATX PC Case Black & White,PC CASE,7.0,27965.0,0.0,0.0,27965.0,3995.0
2025-05,10928,CoolerMaster Qube 540 Moonstone ATX PC Case,PC CASE,9.0,35955.0,0.0,0.0,35955.0,3995.0
2025-05,10963,CoolerMaster Elite 600 ARGB ATX Mid Tower PC Case Black,PC CASE,10.0,53500.0,0.0,0.0,53500.0,5350.0
2025-05,10972,Asus A31 Tempered Glass Mid Tower ATX PC Case White,PC CASE,12.0,40800.0,0.0,0.0,40800.0,3400.0
2025-05,11002,RAKK TANAN MATX Tempered Glass with PSU and Fans,PC CASE,13.0,16835.0,0.0,0.0,16835.0,1295.0
2025-05,11068,DarkFlash M305 with 3 RGB Fan Micro ATX Tempered Glass Gaming PC Case Black,PC CASE,6.0,8370.0,0.0,0.0,8370.0,1395.0
2025-05,11102,YGT Mars 9 Micro ATX PC Case with PSU Black,PC CASE,13.0,10335.0,0.0,0.0,10335.0,795.0
2025-05,11131,Asus A21 Tempered Glass Micro ATX PC Case Black,PC CASE,8.0,23960.0,0.0,0.0,23960.0,2995.0
2025-05,11306,Gamdias Aura GC10 v2 ARGB Dual Chamber Micro ATX PC Case Black,PC CASE,10.0,24950.0,0.0,0.0,24950.0,2495.0
2025-05,11406,Cougar MX110 RGB Mid Tower Tempered Glass ATX PC Case Black,PC CASE,8.0,18800.0,0.0,0.0,18800.0,2350.0
2025-05,11546,YGT 420B Micro ATX PC Case Black,PC CASE,15.0,18750.0,0.0,0.0,18750.0,1250.0
2025-05,6579,InPlay Wind 01 Acrylic Side Panel Micro ATX PC Case,PC CASE,7.0,0.0,0.0,0.0,0.0,0.0
2025-05,7367,MSI MAG Forge M100A Auto RGB Micro ATX PC Case Black,PC CASE,8.0,17520.0,0.0,0.0,17520.0,2190.0
2025-05,9897,YGT V100 Micro ATX PC Case with PSU White,PC CASE,13.0,11570.0,0.0,0.0,11570.0,890.0
2025-05,9973,MSI MAG PANO 100R Project Zero Micro ATX PC Case Black,PC CASE,8.0,53200.0,0.0,0.0,53200.0,6650.0
2025-05,10052,Asus Prime 650W 80+ Bronze Power Supply,POWER SUPPLY,18.0,65700.0,0.0,0.0,65700.0,3650.0
2025-05,10208,Asus Prime AP-850W 80+ Gold Full Modular Power Supply,POWER SUPPLY,22.0,164890.0,0.0,0.0,164890.0,7495.0
2025-05,10376,ASRock Pro-650B 650W 80+ Bronze Non-Modular ATX 3.1 Power Supply,POWER SUPPLY,8.0,21200.0,0.0,0.0,21200.0,2650.0
2025-05,10679,ASRock Steel Legend SL-1000G 1000W 80+ Gold Cybenetics Gold ATX 3.1 Full Modular Power Supply,POWER SUPPLY,14.0,132300.0,0.0,0.0,132300.0,9450.0
2025-05,11266,Acer AC-500 500W Non-Modular 80+ Bronze Power Supply Black,POWER SUPPLY,14.0,17500.0,0.0,0.0,17500.0,1250.0
2025-05,11267,Acer AC-650 650W Non-Modular 80+ Bronze Power Supply Black,POWER SUPPLY,11.0,19679.0,0.0,0.0,19679.0,1789.0
2025-05,11332,Acer AC-750 750W Non-Modular 80+ Bronze Power Supply Black,POWER SUPPLY,5.0,10500.0,0.0,0.0,10500.0,2100.0
2025-05,176,Intelligent 700 watts Power Supply,POWER SUPPLY,16.0,7200.0,0.0,0.0,7200.0,450.0
2025-05,4079,MSI MAG A650BN 650Watts 80+ Non-Modular Power Supply Bronze,POWER SUPPLY,10.0,32950.0,0.0,0.0,32950.0,3295.0
2025-05,4080,MSI MAG A550BN 550Watts 80+ Non-Modular Power Supply Bronze,POWER SUPPLY,6.0,17130.0,0.0,0.0,17130.0,2855.0
2025-05,6242,MSI MAG A600DN 600W 80+ Power Supply,POWER SUPPLY,16.0,44240.0,0.0,0.0,44240.0,2765.0
2025-05,7838,MSI MAG A850GL 850Watts PCIE5 80+ Full Modular Power Supply Gold Black,POWER SUPPLY,7.0,50610.0,0.0,0.0,50610.0,7230.0
2025-05,8542,Acer AC-550 550w Full Modular 80plus Bronze Power Supply,POWER SUPPLY,7.0,10045.0,0.0,0.0,10045.0,1435.0
2025-05,8543,Acer AC-650 650w Full Modular  80plus Bronze Power Supply,POWER SUPPLY,10.0,20550.0,0.0,0.0,20550.0,2055.0
2025-05,9703,CoolerMaster MWE 650W V3 (MPE-6501-ACABW-3BUS) 80+ Bronze ATX 3.1 Power Supply,POWER SUPPLY,12.0,45720.0,0.0,0.0,45720.0,3810.0
2025-05,9938,CoolerMaster MWE 750W V3 (MPE-7501-ACABW-3BUS) 80+ Bronze ATX 3.1 Power Supply,POWER SUPPLY,10.0,43180.0,0.0,0.0,43180.0,4318.0
2025-05,11598,Epson L3310 Multi Functional Integrated Ink Tank Printer,PRINTER AND SCANNER,4.0,36200.0,0.0,0.0,36200.0,9050.0
2025-05,11599,Epson L3350 Wi-Fi Multi Functional Integrated Ink Tank Printer,PRINTER AND SCANNER,4.0,42120.0,0.0,0.0,42120.0,10530.0
2025-05,2008,Canon Pixma TS207 Printer Inkjet,PRINTER AND SCANNER,2.0,4460.0,0.0,0.0,4460.0,2230.0
2025-05,3940,Epson L121 Ink Tank Printer,PRINTER AND SCANNER,1.0,5450.0,0.0,0.0,5450.0,5450.0
2025-05,4804,Canon Pixma MG3070S Compact Wireless All-In-One Printer,PRINTER AND SCANNER,1.0,3425.0,0.0,0.0,3425.0,3425.0
2025-05,10057,AMD Ryzen 9 9900X 4.4GHz AM5 Socket DDR5 Processor TTP,PROCESSOR,5.0,124750.0,0.0,0.0,124750.0,24950.0
2025-05,10102,AMD Ryzen 7 7700 Socket AM5 3.8GHz Processor MPK,PROCESSOR,11.0,131450.0,0.0,0.0,131450.0,11950.0
2025-05,10110,AMD Ryzen 5 5500GT 3.6GHz AM4 Socket DDR4 Processor MPK,PROCESSOR,10.0,80950.0,0.0,0.0,80950.0,8095.0
2025-05,10911,Intel Core i9-14900K Raptor Lake Socket LGA 1700 3.20GHz Processor MPK,PROCESSOR,8.0,255600.0,0.0,0.0,255600.0,31950.0
2025-05,10938,AMD Ryzen 5 8400F 4.2GHz AM5 Socket DDR5 Processor MPK,PROCESSOR,6.0,53700.0,0.0,0.0,53700.0,8950.0
2025-05,11064,AMD Ryzen 5 3400g 3.7ghz AM4 Socket DDR4 Processor MPK,PROCESSOR,7.0,26565.0,0.0,0.0,26565.0,3795.0
2025-05,11065,AMD Ryzen 7 8700F 4.1ghz AM5 Socket DDR5 Processor MPK,PROCESSOR,9.0,85050.0,0.0,0.0,85050.0,9450.0
2025-05,11592,Intel Core Ultra 7 processor 270K Plus LGA 1851 5.5Ghz Processor,PROCESSOR,14.0,293300.0,0.0,0.0,293300.0,20950.0
2025-05,4513,AMD Ryzen 5 5600X Socket AM4 3.7GHz Processor with Wraith Stealth Cooler MPK,PROCESSOR,14.0,125300.0,0.0,0.0,125300.0,8950.0
2025-05,5640,AMD Ryzen 5 5500 Socket Am4 3.6GHz Processor with AMD wraith cooler MPK,PROCESSOR,10.0,52000.0,0.0,0.0,52000.0,5200.0
2025-05,5663,AMD Ryzen 5 5600 Socket Am4 3.5GHz Processor with Wraith stealth cooler MPK,PROCESSOR,12.0,86400.0,0.0,0.0,86400.0,7200.0
2025-05,7098,AMD Ryzen 7 5700G Socket Am4 3.8GHz with Radeon Vega 8 wraith stealth cooler Processor MPK,PROCESSOR,8.0,98000.0,0.0,0.0,98000.0,12250.0
2025-05,7929,AMD Ryzen 7 5700X Socket AM4 3.4GHz Processor with AMD Wraith Stealth cooler MPK,PROCESSOR,9.0,89550.0,0.0,0.0,89550.0,9950.0
2025-05,8432,AMD Ryzen 3 3200g PRO Socket Am4 3.6ghz with Radeon Vega 8 Processor MPK,PROCESSOR,9.0,30555.0,0.0,0.0,30555.0,3395.0
2025-05,9608,AMD RYZEN 7 7800X3D Socket AM5 D5 5.0ghz with Radeon Graphics processor TTP,PROCESSOR,4.0,73800.0,0.0,0.0,73800.0,18450.0
2025-05,9614,AMD RYZEN 7 9800X3D Socket AM5 D5 5.2ghz with Radeon Graphics processor,PROCESSOR,7.0,195650.0,0.0,0.0,195650.0,27950.0
2025-05,9776,AMD Ryzen 5 5600GT 3.6GHz AM4 Socket DDR4 Processor MPK,PROCESSOR,12.0,110340.0,0.0,0.0,110340.0,9195.0
2025-05,9841,Intel Core i5-14400 4.7GHz LGA 1700 Processor MPK,PROCESSOR,16.0,191200.0,0.0,0.0,191200.0,11950.0
2025-05,10697,Lexar NQ100 256GB Solid State Drive SATA 2.5,SOLID STATE DRIVE,21.0,83895.0,0.0,0.0,83895.0,3995.0
2025-05,10797,Lexar NM620 1TB M.2 NVME Solid State Drive,SOLID STATE DRIVE,28.0,226800.0,0.0,0.0,226800.0,8100.0
2025-05,10804,Team Group MP33 512GB M.2 PCIe Gen3.0 x4 NVME 1.3 Solid State Drive,SOLID STATE DRIVE,15.0,93750.0,0.0,0.0,93750.0,6250.0
2025-05,11148,Teamgroup T-Force GA Pro 1TB NVMe M.2 Gen 5 Solid State Drive,SOLID STATE DRIVE,12.0,130200.0,0.0,0.0,130200.0,10850.0
2025-05,11152,Hiksemi Wave S 256B SATA 2.5 Solid State Drive,SOLID STATE DRIVE,14.0,46900.0,0.0,0.0,46900.0,3350.0
2025-05,11269,Hiksemi Wave P 256GB PCIE Gen3 M.2 Solid State Drive,SOLID STATE DRIVE,15.0,52425.0,0.0,0.0,52425.0,3495.0
2025-05,11323,ESGaming 512GB SATA 2.5 Solid State Drive,SOLID STATE DRIVE,19.0,83505.0,0.0,0.0,83505.0,4395.0
2025-05,11577,Apacer AS2280P4 512GB PCIe Gen 3x4 M.2 NVMe Solid State Drive,SOLID STATE DRIVE,27.0,142965.0,0.0,0.0,142965.0,5295.0
2025-05,1681,Team Group GX2 Solid State Drive 256gb SATA 2.5,SOLID STATE DRIVE,17.0,58650.0,0.0,0.0,58650.0,3450.0
2025-05,1909,Lexar NS10 Lite Solid State Drive 120gb SATA 2.5,SOLID STATE DRIVE,18.0,26100.0,0.0,0.0,26100.0,1450.0
2025-05,6856,Team Group MP33 256GB M.2 PCIe NVME Solid State Drive,SOLID STATE DRIVE,38.0,127300.0,0.0,0.0,127300.0,3350.0
2025-05,6936,Adata SU650 Solid State Drive 512GB SATA 2.5,SOLID STATE DRIVE,12.0,59940.0,0.0,0.0,59940.0,4995.0
2025-05,10832,"ORTIZAN C7 Dual-Mode 2.0 Studio Monitors, Active Monitor Speakers, Black",SPEAKER,2.0,6390.0,0.0,0.0,6390.0,3195.0
2025-05,10833,"ORTIZAN C7 Dual-Mode 2.0 Studio Monitors, Active Monitor Speakers, White",SPEAKER,1.0,3195.0,0.0,0.0,3195.0,3195.0
2025-05,10856,Edifier ES20 Portable Bluetooth Speaker Ivory,SPEAKER,1.0,1685.0,0.0,0.0,1685.0,1685.0
2025-05,9768,Edifier T5 Powered Subwoofer,SPEAKER,1.0,4950.0,0.0,0.0,4950.0,4950.0
2025-05,2991,APC Back-Ups BVX650I-PH 360 Watts 650va with Avr Universal Sockets Ups,UPS & AVR,8.0,17600.0,0.0,0.0,17600.0,2200.0
2025-05,36,Secure 220v Avr,UPS & AVR,7.0,1750.0,0.0,0.0,1750.0,250.0
2025-05,454,Secure 650va Ups,UPS & AVR,14.0,20300.0,0.0,0.0,20300.0,1450.0
2025-06,6252,RAKK SINAG98 Polycarbonate Case,ACCESSORIES,1.0,1.0,0.0,0.0,1.0,1.0
2025-06,645,PwS03+ External Power Switch and Usb Hub Desktop,ACCESSORIES,1.0,50.0,0.0,0.0,50.0,50.0
2025-06,10952,EPOS Sennheiser Impact SC 260 ED Headset,AUDIO,2.0,2640.0,0.0,0.0,2640.0,1320.0
2025-06,10991,Logitech G PRO X Wired 7.1 Gaming Headset,AUDIO,4.0,18200.0,0.0,0.0,18200.0,4550.0
2025-06,10993,Logitech G PRO X Wired 7.1 Gaming Headset (League of Legends Edition),AUDIO,3.0,13650.0,0.0,0.0,13650.0,4550.0
2025-06,11507,Accutone UB210 Noise Cancelling Headset Black,AUDIO,5.0,7750.0,0.0,0.0,7750.0,1550.0
2025-06,11508,Accutone Sonar 280 Wireless & Wired Noise Cancelling Headset Black,AUDIO,6.0,12360.0,0.0,0.0,12360.0,2060.0
2025-06,11509,Accutone Converse 95 Noise Cancelling Headset Black,AUDIO,2.0,4640.0,0.0,0.0,4640.0,2320.0
2025-06,11510,Accutone Nexus 2000 MagSafe Speaker Blue,AUDIO,3.0,3750.0,0.0,0.0,3750.0,1250.0
2025-06,11511,Accutone Nexus 2000 MagSafe Speaker Gray,AUDIO,4.0,5000.0,0.0,0.0,5000.0,1250.0
2025-06,11512,Accutone Nexus 2000 MagSafe Speaker Pink,AUDIO,3.0,3750.0,0.0,0.0,3750.0,1250.0
2025-06,11612,Accutone UB101 Stereo USB Headset Black,AUDIO,2.0,690.0,0.0,0.0,690.0,345.0
2025-06,7652,RAKK SONIDO 7.1 Virtual Surround RGB Gaming Headset USB Black,AUDIO,2.0,1990.0,0.0,0.0,1990.0,995.0
2025-06,8581,Edifier W820NB Plus Active Noice Cancellation Bluetooth Stereo Wireless Headset Ivory,AUDIO,3.0,5550.0,0.0,0.0,5550.0,1850.0
2025-06,11143,Ad-Link CABLE (V705) VGA 3+4 1.5M,CABLES AND ADAPTERS,1.0,80.0,0.0,0.0,80.0,80.0
2025-06,7824,Hikvision E-HWID 2.8MM Eco-HiWatch 2.mm IR Dome E-HWID,CAMERA,4.0,5800.0,0.0,0.0,5800.0,1450.0
2025-06,78,A4Tech KRS-8572 Usb Keyboard and Mouse Black,COMBO,44.0,22440.0,0.0,0.0,22440.0,510.0
2025-06,9301,RAKK APTAS ILLUMINATED / Membrane Keyboard and Mouse / No software / Rainbow lighting / Black,COMBO,38.0,10830.0,0.0,0.0,10830.0,285.0
2025-06,10370,DarkFlash Infinity 34 3in1 ARGB Chassis Fan Black,COOLING,12.0,13800.0,0.0,0.0,13800.0,1150.0
2025-06,10373,DarkFlash Infinity 34 Single ARGB Chassis Fan White,COOLING,5.0,2100.0,0.0,0.0,2100.0,420.0
2025-06,10386,MSI MAG COREFROZR AA13 ARGB CPU Air Cooler black,COOLING,12.0,14340.0,0.0,0.0,14340.0,1195.0
2025-06,10590,YGT Cyber-120IFB 3in1 ARGB Chassis Fan Black,COOLING,8.0,4400.0,0.0,0.0,4400.0,550.0
2025-06,10743,NZXT F120 RGB Duo Triple Pack (RF-D12TF-W1) with RGB Controller Chassis Fan White,COOLING,6.0,9000.0,0.0,0.0,9000.0,1500.0
2025-06,10839,CoolerMaster Hyper 212 3DHP ARGB CPU Air Cooler Black,COOLING,10.0,13950.0,0.0,0.0,13950.0,1395.0
2025-06,10858,DarkFlash E400 Plus Matrix Display CPU Air Cooler White,COOLING,6.0,9900.0,0.0,0.0,9900.0,1650.0
2025-06,10930,CoolerMaster MasterLiquid 240L Core Liquid Cooling Black,COOLING,7.0,25900.0,0.0,0.0,25900.0,3700.0
2025-06,10966,CoolerMaster V4 Alpha 3DHP CPU Air Cooler Black,COOLING,17.0,32215.0,0.0,0.0,32215.0,1895.0
2025-06,10990,BeQuiet Silent Wings 4 (BL094) 120mm PWM High Speed Single Chassis Fan Black,COOLING,11.0,13200.0,0.0,0.0,13200.0,1200.0
2025-06,11005,Asus AR120 ARGB PWM Single Chassis Fan Black,COOLING,13.0,1950.0,0.0,0.0,1950.0,150.0
2025-06,11159,Jungle Leopard Chill Arc 360mm ARGB Liquid Cooling Black,COOLING,7.0,76650.0,0.0,0.0,76650.0,10950.0
2025-06,11160,Jungle Leopard Chill Arc 360mm ARGB Liquid Cooling White,COOLING,7.0,79065.0,0.0,0.0,79065.0,11295.0
2025-06,11216,CoolerMaster MasterLiquid Core Nex 360 ARGB CPU Liquid Cooler Black,COOLING,8.0,35600.0,0.0,0.0,35600.0,4450.0
2025-06,6174,Deepcool TW-003 CPU Air Cooler,COOLING,6.0,2400.0,0.0,0.0,2400.0,400.0
2025-06,7,AMD Stock Heatsink Fan,COOLING,10.0,1400.0,0.0,0.0,1400.0,140.0
2025-06,7501,DarkFlash DM12 F Single ARGB Chassis Fan Black,COOLING,9.0,2115.0,0.0,0.0,2115.0,235.0
2025-06,7502,DarkFlash DM12 F Single ARGB Chassis Fan White,COOLING,9.0,2565.0,0.0,0.0,2565.0,285.0
2025-06,7505,DarkFlash Infinity24 Single ARGB Chassis Fan Black,COOLING,8.0,2280.0,0.0,0.0,2280.0,285.0
2025-06,9737,MSI MAG Coreliquid A13 240 CPU Liquid Cooler Black,COOLING,17.0,62050.0,0.0,0.0,62050.0,3650.0
2025-06,9835,MSI MAG Coreliquid A13 360 CPU Liquid Cooler Black,COOLING,8.0,34240.0,0.0,0.0,34240.0,4280.0
2025-06,9836,MSI MAG Coreliquid A13 360 CPU Liquid Cooler White,COOLING,9.0,37260.0,0.0,0.0,37260.0,4140.0
2025-06,10425,"ViewSonic VA24G1-H 24"" FHD 144Hz IPS Monitor",DISPLAY,7.0,29050.0,0.0,0.0,29050.0,4150.0
2025-06,10540,"ASUS ROG Strix XG27ACMES 27"" QHD 255Hz-OC Fast IPS Monitor",DISPLAY,4.0,63980.0,0.0,0.0,63980.0,15995.0
2025-06,10711,"ASUS TUF Gaming Series 5 VG259QMR5A 24.5"" FHD 310Hz(OC) Fast-IPS Monitor",DISPLAY,10.0,94950.0,0.0,0.0,94950.0,9495.0
2025-06,10836,"AOC 24G11ZE 23.8"" 240Hz OC FHD Fast IPS Monitor",DISPLAY,17.0,112115.0,0.0,0.0,112115.0,6595.0
2025-06,10918,"Philips 24E2G2200 23.8"" 144Hz IPS FHD Monitor",DISPLAY,8.0,33560.0,0.0,0.0,33560.0,4195.0
2025-06,10919,"Philips 27E2G2200 27"" 144Hz IPS FHD Monitor",DISPLAY,10.0,59950.0,0.0,0.0,59950.0,5995.0
2025-06,10940,"MSI MAG 245F X24 23.8"" 240Hz FHD Rapid IPS Monitor",DISPLAY,8.0,51600.0,0.0,0.0,51600.0,6450.0
2025-06,10941,"MSI MAG 272F X24 27"" 240Hz FHD Rapid IPS Monitor",DISPLAY,3.0,26850.0,0.0,0.0,26850.0,8950.0
2025-06,11074,"AOC 24B36XE 23.8"" FHD 144Hz IPS Monitor",DISPLAY,4.0,17000.0,0.0,0.0,17000.0,4250.0
2025-06,11127,"Nvision N2455GT-B 23.8"" FHD 144Hz IPS Monitor",DISPLAY,4.0,15800.0,0.0,0.0,15800.0,3950.0
2025-06,11151,"MSI MAG 275QF E20 27"" WQHD 200Hz Rapid IPS Monitor",DISPLAY,5.0,57500.0,0.0,0.0,57500.0,11500.0
2025-06,11208,"Gamdias Atlas HD24IF IV 23.8"" 240Hz FHD Fast IPS Monitor Black",DISPLAY,12.0,70440.0,0.0,0.0,70440.0,5870.0
2025-06,11258,"AOC Q27G4SL/WS 27"" QHD 320Hz Fast IPS HDR 400 Monitor",DISPLAY,5.0,69000.0,0.0,0.0,69000.0,13800.0
2025-06,11472,"MSI PRO MP251 E14L 24.5"" 144HZ FHD IPS Monitor",DISPLAY,4.0,17300.0,0.0,0.0,17300.0,4325.0
2025-06,11473,"Asus TUF Gaming VG259QM5A 24.5"" 240Hz IPS Gaming Monitor",DISPLAY,9.0,71055.0,0.0,0.0,71055.0,7895.0
2025-06,11528,"LG 24U411A-B 23.8"" 120Hz FHD IPS Monitor",DISPLAY,8.0,29200.0,0.0,0.0,29200.0,3650.0
2025-06,7785,Nvision N190V8 19' LED Monitor,DISPLAY,8.0,13600.0,0.0,0.0,13600.0,1700.0
2025-06,7786,"Nvision N200V8 20"" LED Monitor",DISPLAY,9.0,15435.0,0.0,0.0,15435.0,1715.0
2025-06,8060,"Nvision H22V8 21.5"" LED Monitor",DISPLAY,9.0,20160.0,0.0,0.0,20160.0,2240.0
2025-06,9904,"Viewsonic VX2479A-HD-PRO 24"" 240Hz FHD 1MS MPRT IPS HDR10 Gaming Monitor",DISPLAY,10.0,63300.0,0.0,0.0,63300.0,6330.0
2025-06,11003,RAKK SUKOG LITE 800x400x3mm Mousepad Black,GAMING SURFACE,16.0,3040.0,0.0,0.0,3040.0,190.0
2025-06,10053,ASUS Dual Nvidia Geforce RTX 3050 OC Edition (DUAL-RTX3050-O6G) 6GB 96-bit GDRR6 Videocard,GRAPHIC CARD,6.0,86700.0,0.0,0.0,86700.0,14450.0
2025-06,10072,MSI Nvidia GeForce RTX 5060 VENTUS 2X OC (G5060-8V2C) 8GB 128-bit GDDR7 Videocard,GRAPHIC CARD,5.0,122500.0,0.0,0.0,122500.0,24500.0
2025-06,10080,Gigabyte Nvidia GeForce RTX 5060 AERO OC (GV-N5060AERO-OC-8GD) 8GB 128-bit GDDR7 Videocard,GRAPHIC CARD,10.0,257500.0,0.0,0.0,257500.0,25750.0
2025-06,10152,MSI GeForce RTX 5070 Ti VENTUS 3X OC (G507T-16V3C) 16GB 256-bit GDDR7 Videocard,GRAPHIC CARD,12.0,791400.0,0.0,0.0,791400.0,65950.0
2025-06,10155,ASUS DUAL GeForce RTX 5060 (DUAL-RTX5060-8G) 8GB 128-bit GDDR7 Videocard,GRAPHIC CARD,4.0,99800.0,0.0,0.0,99800.0,24950.0
2025-06,10206,ASUS Dual RX 7600 EVO OC Edition DUAL-RX7600-O8G-EVO 8GB 128-bit GDDR6 Videocard,GRAPHIC CARD,7.0,160650.0,0.0,0.0,160650.0,22950.0
2025-06,10207,ASUS Prime AMD Radeon RX 9060 XT OC (PRIME-RX9060XT-O16G) 16GB 128-Bit GDDR6 Videocard,GRAPHIC CARD,5.0,174750.0,0.0,0.0,174750.0,34950.0
2025-06,10225,MSI Nvidia GeForce RTX 5060 SHADOW 2X OC (G5060-8S2C) 8GB 128-bit GDDR7 Videocard,GRAPHIC CARD,9.0,224550.0,0.0,0.0,224550.0,24950.0
2025-06,10660,MSI Nvidia GeForce RTX 5050 VENTUS 2X OC (G5050-8V2C) 128-bit GDDR6 Videocard,GRAPHIC CARD,4.0,79800.0,0.0,0.0,79800.0,19950.0
2025-06,11557,ASUS DUAL Nvidia GeForce RTX 5060 Ti OC Edition (DUAL-RTX5060TI-O8G) 8GB 128-bit GDDR7 Videocard,GRAPHIC CARD,14.0,405300.0,0.0,0.0,405300.0,28950.0
2025-06,11591,MSI GeForce RTX 5060 Ventus 2X OC v1 (G5060-8V2CV1) 8GB 128-bit GDDR7 Videocard,GRAPHIC CARD,3.0,76950.0,0.0,0.0,76950.0,25650.0
2025-06,11636,Colorful Nvidia GeForce RTX 3050 6GB V4-V 96-bit GDDR6 Videocard,GRAPHIC CARD,10.0,122500.0,0.0,0.0,122500.0,12250.0
2025-06,8396,MSI GEFORCE RTX 3050 VENTUS 2X OC 6GB 96-bit DDR6 Videocard,GRAPHIC CARD,8.0,113600.0,0.0,0.0,113600.0,14200.0
2025-06,9396,Biostar Rx 580 VA5815RQ82 Dual Cooling Fan 8gb 256bit GDdr5 Gaming Videocard,GRAPHIC CARD,9.0,71550.0,0.0,0.0,71550.0,7950.0
2025-06,9883,Asus Prime AMD Radeon RX 9070 OC (PRIME-RX9070-O16G) 16GB 256-Bit GDDR6 Videocard,GRAPHIC CARD,7.0,335650.0,0.0,0.0,335650.0,47950.0
2025-06,9967,MSI Nvidia GeForce RTX 5070 VENTUS 2X OC 12GB 192-bit GDDR7 Videocard,GRAPHIC CARD,1.0,46950.0,0.0,0.0,46950.0,46950.0
2025-06,160,Seagate 1tb ST1000DM010 Harddisk Drive,HARD DISK,2.0,6900.0,0.0,0.0,6900.0,3450.0
2025-06,11573,Aula S75 Pro RGB Gaming Mechanical Wireless Tri-Mode Keyboard Gradient Pink,KEYBOARD,33.0,80850.0,0.0,0.0,80850.0,2450.0
2025-06,4285,Fantech MAXPOWER MK853 Mechanical Gaming Keyboard White - BLUE Switch,KEYBOARD,21.0,31080.0,0.0,0.0,31080.0,1480.0
2025-06,9998,"Gigabyte Gaming A16 CMHH2PH893SH 16.0"" WUXGA 165Hz Intel Core i5-13420H/16GB DDR5/512GB 2x M.2 SSD/ RTX 4050 6GB/Win11Laptop",LAPTOP GA2,2.0,125990.0,0.0,0.0,125990.0,62995.0
2025-06,11583,"MSI Modern 14 F3HMG-039PHNN 14.0""FHD IPS Ryzen™ AI 5 330/8GB DDR5-5600/512GB*1 NVMe SSD PCIe Gen4/Win11 Laptop + OFC + Laptop Bag",LAPTOP PR2,1.0,47795.0,0.0,0.0,47795.0,47795.0
2025-06,11461,"MSI Modern 14 F1MG-887PHNN 14.0""FHD IPS Intel Core 7 150U/8GB+8GB DDR4-3200/512GB*1 NVMe SSD PCIe Gen4/Win11 Laptop + OFC + Laptop Bag",LAPTOP PR3,1.0,53995.0,0.0,0.0,53995.0,53995.0
2025-06,11527,"Lenovo V15 G4 ABP 15.6"" FHD Ryzen 7-7730U/8GB DDR4/512GB NVMe SSD/Win11 Pro Laptop SE",LAPTOP PR3,4.0,159980.0,0.0,0.0,159980.0,39995.0
2025-06,11550,"Lenovo V15 G5 IRL 15.6"" Intel Core i5-13420H/16GB DDR5/512GB SSD Laptop/Win11 Laptop SE + Laptop Bag",LAPTOP PR3,1.0,44995.0,0.0,0.0,44995.0,44995.0
2025-06,10286,Lexar LD5S16G56C46ST-BGS 16GB 5600Mhz DDR5 Sodimm Memory,MEMORY,12.0,187200.0,0.0,0.0,187200.0,15600.0
2025-06,10789,Teamgroup Vulcan 16GB 8GBx2 6000Mhz CL38 DDR5 Memory,MEMORY,11.0,159500.0,0.0,0.0,159500.0,14500.0
2025-06,10905,Lexar Ares 8GB LD4U08G32C16LA-RGS 3200Mhz DDR4 RGB Memory Black,MEMORY,11.0,46750.0,0.0,0.0,46750.0,4250.0
2025-06,11052,Biostar Storming V 8GB 3200Mhz DDR4 Memory,MEMORY,26.0,107900.0,0.0,0.0,107900.0,4150.0
2025-06,11185,Crucial 16GB CT16G4SFRA32A 3200Mhz DDR4 Sodimm,MEMORY,11.0,90750.0,0.0,0.0,90750.0,8250.0
2025-06,11327,HKC PC 16gb 3200mhz DDR4 with Heatsink Memory Black,MEMORY,12.0,74340.0,0.0,0.0,74340.0,6195.0
2025-06,11444,FASPEED 8GB 3200Mhz DDR4 with Heatsink Memory,MEMORY,23.0,72450.0,0.0,0.0,72450.0,3150.0
2025-06,11450,HKC PC 8gb 3200mhz DDR4 with Heatsink Memory Black,MEMORY,9.0,31050.0,0.0,0.0,31050.0,3450.0
2025-06,11548,Hiksemi Future 16GB (16x1) HSC516U56C2 5600Mhz CL38 DDR5 Memory Black,MEMORY,5.0,74975.0,0.0,0.0,74975.0,14995.0
2025-06,1372,Ramsta 4gb 1x4 2666mhz Ddr4 Memory,MEMORY,25.0,12500.0,0.0,0.0,12500.0,500.0
2025-06,2489,Ramsta 4gb 1x4 2666mhz Ddr4 Sodimm Memory,MEMORY,12.0,4800.0,0.0,0.0,4800.0,400.0
2025-06,3150,Team Elite TForce Delta 16gb 2x8 3600mhz Ddr4 RGB Memory Black,MEMORY,16.0,146400.0,0.0,0.0,146400.0,9150.0
2025-06,3151,Team Elite TForce Delta 16gb 2x8 3600mhz Ddr4 RGB Memory White,MEMORY,16.0,146400.0,0.0,0.0,146400.0,9150.0
2025-06,4055,Team Elite Plus 8gb 1x8 3200Mhz Ddr4 Memory Black Gold,MEMORY,8.0,38000.0,0.0,0.0,38000.0,4750.0
2025-06,9324,KINGBANK 16GB 1x16 3200mhz DDR4 with Heatsink Memory Silver,MEMORY,8.0,59600.0,0.0,0.0,59600.0,7450.0
2025-06,11448,Y5Pro Intel Core i5 8250U / 16GB DDr4 / 512GB SSD / WIFI 5 DUAL / 4* USB 3.0 / 2* HDMI 2.0 / 1* RJ45 1000Mbps / 1* Type-C / Windows 11 Pro Mini PC,MINI PC,1.0,20950.0,0.0,0.0,20950.0,20950.0
2025-06,11579,Y5Plus Intel Core i7 4650U / 8GB DDr3 / 128GB SSD / WIFI 5 DUAL / 4* USB 3.0 / 2* HDMI 2.0 / 1* RJ45 1000Mbps / 1* Type-C / Windows 11 Pro Mini PC,MINI PC,1.0,9950.0,0.0,0.0,9950.0,9950.0
2025-06,10295,Asus B650M-AYW Wifi DDR5 AMD Motherboard,MOTHERBOARD,9.0,65655.0,0.0,0.0,65655.0,7295.0
2025-06,10296,Asus Prime A520M-K/CSM AM4 AMD Motherboard,MOTHERBOARD,17.0,56015.0,0.0,0.0,56015.0,3295.0
2025-06,10647,ASUS PRIME B850M-A WIFI-CSM Socket AM5 DDR5 Motherboard,MOTHERBOARD,11.0,126445.0,0.0,0.0,126445.0,11495.0
2025-06,10675,MSI B650M GAMING WIFI AM5 DDR5 Motherboard,MOTHERBOARD,19.0,140505.0,0.0,0.0,140505.0,7395.0
2025-06,11556,Gigabyte B550M-K Socket Am4 Ddr4 Motherboard,MOTHERBOARD,13.0,64350.0,0.0,0.0,64350.0,4950.0
2025-06,11558,Asus B760M-AYW WIFI Socket LGA 1700 Ddr4 Motherboard,MOTHERBOARD,13.0,121550.0,0.0,0.0,121550.0,9350.0
2025-06,11593,Gigabyte B860M GAMING X WIFI6E LGA1851 Socket Ddr5 Motherboard,MOTHERBOARD,17.0,205615.0,0.0,0.0,205615.0,12095.0
2025-06,2756,MSI B550M Pro VDH Wifi Socket Am4 Ddr4 Motherboard,MOTHERBOARD,15.0,95250.0,0.0,0.0,95250.0,6350.0
2025-06,3367,MSI A520m-A Pro Socket Am4 Ddr4 Motherboard,MOTHERBOARD,16.0,52000.0,0.0,0.0,52000.0,3250.0
2025-06,4492,Asus Prime B550M-A Wifi II Socket Am4 Ddr4 Gaming Motherboard,MOTHERBOARD,17.0,109650.0,0.0,0.0,109650.0,6450.0
2025-06,7615,MSI B650M Project zero socket LGA AM5 DDR5 Motherboard,MOTHERBOARD,26.0,334100.0,0.0,0.0,334100.0,12850.0
2025-06,8617,Asrock A520M-HVS Socket Am4 DDR4 Motherboard,MOTHERBOARD,16.0,50400.0,0.0,0.0,50400.0,3150.0
2025-06,9385,Biostar A520MHP Socket Am4 DDR4 Motherboard,MOTHERBOARD,19.0,55005.0,0.0,0.0,55005.0,2895.0
2025-06,9759,MSI PRO X870-P WIFI Ddr5 AM5 Motherboard,MOTHERBOARD,17.0,305150.0,0.0,0.0,305150.0,17950.0
2025-06,9879,MSI B550M-A PRO Socket Am4 Ddr4 Motherboard,MOTHERBOARD,9.0,41850.0,0.0,0.0,41850.0,4650.0
2025-06,9970,Asus Prime B550M-K ARGB Socket Am4 Ddr4 Motherboard,MOTHERBOARD,8.0,38800.0,0.0,0.0,38800.0,4850.0
2025-06,10488,RAKK DASIG X3 Ambidextrous Hotswap Trimode PAW3311 Huano 80M RGB Gaming Mouse Black,MOUSE,12.0,11940.0,0.0,0.0,11940.0,995.0
2025-06,10489,RAKK DASIG X3 Ambidextrous Hotswap Trimode PAW3311 Huano 80M RGB Gaming Mouse White,MOUSE,9.0,8955.0,0.0,0.0,8955.0,995.0
2025-06,10776,RAKK TALAN AERO X PAW3395 8K Polling Omron Optical Trimode Lightweight 55g Gaming Mouse Black,MOUSE,7.0,15365.0,0.0,0.0,15365.0,2195.0
2025-06,10994,Logitech G 502X Wired Gaming Mouse White,MOUSE,7.0,21665.0,0.0,0.0,21665.0,3095.0
2025-06,3513,Logitech G102 Lightsync Gaming Mouse Black,MOUSE,14.0,13020.0,0.0,0.0,13020.0,930.0
2025-06,3700,Logitech G102 Lightsync Gaming Mouse White,MOUSE,7.0,6510.0,0.0,0.0,6510.0,930.0
2025-06,9299,RAKK DASIG LITE Huano Switch RGB Gaming Mouse,MOUSE,5.0,1400.0,0.0,0.0,1400.0,280.0
2025-06,11172,DITO Home WoWFi Lite 4G WiFi Router,NETWORK DEVICE,6.0,5880.0,0.0,0.0,5880.0,980.0
2025-06,11356,TP-Link Archer BE220 Dual Band Wi-Fi 7 Router,NETWORK DEVICE,3.0,6750.0,0.0,0.0,6750.0,2250.0
2025-06,11460,ASUS RT-BE50 BE3600 Dual Band WiFi 7 Router,NETWORK DEVICE,2.0,5990.0,0.0,0.0,5990.0,2995.0
2025-06,130,Tp-Link TL-WA901ND Wireless N Access Point,NETWORK DEVICE,5.0,9470.0,0.0,0.0,9470.0,1894.0
2025-06,1693,TP-Link TL-WR820N 300Mbps Multimode Wi-Fi Router,NETWORK DEVICE,1.0,490.0,0.0,0.0,490.0,490.0
2025-06,10146,MSI PANO 110R PZ Mid Tower Gaming PC Case Black,PC CASE,7.0,29400.0,0.0,0.0,29400.0,4200.0
2025-06,10518,NZXT H6 Flow CC-H61FW-01 Tempered Glass ATX PC Case White,PC CASE,5.0,21750.0,0.0,0.0,21750.0,4350.0
2025-06,10519,NZXT H7 Flow (2024) CM-H72FW-01 ATX PC Case White,PC CASE,7.0,32550.0,0.0,0.0,32550.0,4650.0
2025-06,10520,NZXT H7 Flow RGB (2024) CM-H72FB-R1 ATX PC Case Black,PC CASE,6.0,26100.0,0.0,0.0,26100.0,4350.0
2025-06,10668,CoolerMaster Elite 302 ARGB Micro ATX PC Case Black,PC CASE,1.0,2995.0,0.0,0.0,2995.0,2995.0
2025-06,10808,MSI PAG PANO M110A ARGB Micro ATX PC Case Black,PC CASE,7.0,17150.0,0.0,0.0,17150.0,2450.0
2025-06,10828,DarkFlash Floatron F1 Micro ATX PC Case Black & White,PC CASE,13.0,51935.0,0.0,0.0,51935.0,3995.0
2025-06,10928,CoolerMaster Qube 540 Moonstone ATX PC Case,PC CASE,7.0,27965.0,0.0,0.0,27965.0,3995.0
2025-06,10963,CoolerMaster Elite 600 ARGB ATX Mid Tower PC Case Black,PC CASE,11.0,58850.0,0.0,0.0,58850.0,5350.0
2025-06,10972,Asus A31 Tempered Glass Mid Tower ATX PC Case White,PC CASE,7.0,23800.0,0.0,0.0,23800.0,3400.0
2025-06,11002,RAKK TANAN MATX Tempered Glass with PSU and Fans,PC CASE,10.0,12950.0,0.0,0.0,12950.0,1295.0
2025-06,11068,DarkFlash M305 with 3 RGB Fan Micro ATX Tempered Glass Gaming PC Case Black,PC CASE,13.0,18135.0,0.0,0.0,18135.0,1395.0
2025-06,11102,YGT Mars 9 Micro ATX PC Case with PSU Black,PC CASE,7.0,5565.0,0.0,0.0,5565.0,795.0
2025-06,11131,Asus A21 Tempered Glass Micro ATX PC Case Black,PC CASE,12.0,35940.0,0.0,0.0,35940.0,2995.0
2025-06,11306,Gamdias Aura GC10 v2 ARGB Dual Chamber Micro ATX PC Case Black,PC CASE,8.0,19960.0,0.0,0.0,19960.0,2495.0
2025-06,11406,Cougar MX110 RGB Mid Tower Tempered Glass ATX PC Case Black,PC CASE,7.0,16450.0,0.0,0.0,16450.0,2350.0
2025-06,11546,YGT 420B Micro ATX PC Case Black,PC CASE,10.0,12500.0,0.0,0.0,12500.0,1250.0
2025-06,6579,InPlay Wind 01 Acrylic Side Panel Micro ATX PC Case,PC CASE,10.0,0.0,0.0,0.0,0.0,0.0
2025-06,7367,MSI MAG Forge M100A Auto RGB Micro ATX PC Case Black,PC CASE,6.0,13140.0,0.0,0.0,13140.0,2190.0
2025-06,9897,YGT V100 Micro ATX PC Case with PSU White,PC CASE,8.0,7120.0,0.0,0.0,7120.0,890.0
2025-06,9973,MSI MAG PANO 100R Project Zero Micro ATX PC Case Black,PC CASE,12.0,79800.0,0.0,0.0,79800.0,6650.0
2025-06,10052,Asus Prime 650W 80+ Bronze Power Supply,POWER SUPPLY,15.0,54750.0,0.0,0.0,54750.0,3650.0
2025-06,10208,Asus Prime AP-850W 80+ Gold Full Modular Power Supply,POWER SUPPLY,17.0,127415.0,0.0,0.0,127415.0,7495.0
2025-06,10376,ASRock Pro-650B 650W 80+ Bronze Non-Modular ATX 3.1 Power Supply,POWER SUPPLY,13.0,34450.0,0.0,0.0,34450.0,2650.0
2025-06,10679,ASRock Steel Legend SL-1000G 1000W 80+ Gold Cybenetics Gold ATX 3.1 Full Modular Power Supply,POWER SUPPLY,12.0,113400.0,0.0,0.0,113400.0,9450.0
2025-06,11266,Acer AC-500 500W Non-Modular 80+ Bronze Power Supply Black,POWER SUPPLY,11.0,13750.0,0.0,0.0,13750.0,1250.0
2025-06,11267,Acer AC-650 650W Non-Modular 80+ Bronze Power Supply Black,POWER SUPPLY,10.0,17890.0,0.0,0.0,17890.0,1789.0
2025-06,11332,Acer AC-750 750W Non-Modular 80+ Bronze Power Supply Black,POWER SUPPLY,14.0,29400.0,0.0,0.0,29400.0,2100.0
2025-06,176,Intelligent 700 watts Power Supply,POWER SUPPLY,21.0,9450.0,0.0,0.0,9450.0,450.0
2025-06,4079,MSI MAG A650BN 650Watts 80+ Non-Modular Power Supply Bronze,POWER SUPPLY,8.0,26360.0,0.0,0.0,26360.0,3295.0
2025-06,4080,MSI MAG A550BN 550Watts 80+ Non-Modular Power Supply Bronze,POWER SUPPLY,9.0,25695.0,0.0,0.0,25695.0,2855.0
2025-06,6242,MSI MAG A600DN 600W 80+ Power Supply,POWER SUPPLY,16.0,44240.0,0.0,0.0,44240.0,2765.0
2025-06,7838,MSI MAG A850GL 850Watts PCIE5 80+ Full Modular Power Supply Gold Black,POWER SUPPLY,13.0,93990.0,0.0,0.0,93990.0,7230.0
2025-06,8542,Acer AC-550 550w Full Modular 80plus Bronze Power Supply,POWER SUPPLY,6.0,8610.0,0.0,0.0,8610.0,1435.0
2025-06,8543,Acer AC-650 650w Full Modular  80plus Bronze Power Supply,POWER SUPPLY,11.0,22605.0,0.0,0.0,22605.0,2055.0
2025-06,9703,CoolerMaster MWE 650W V3 (MPE-6501-ACABW-3BUS) 80+ Bronze ATX 3.1 Power Supply,POWER SUPPLY,6.0,22860.0,0.0,0.0,22860.0,3810.0
2025-06,9938,CoolerMaster MWE 750W V3 (MPE-7501-ACABW-3BUS) 80+ Bronze ATX 3.1 Power Supply,POWER SUPPLY,13.0,56134.0,0.0,0.0,56134.0,4318.0
2025-06,11598,Epson L3310 Multi Functional Integrated Ink Tank Printer,PRINTER AND SCANNER,1.0,9050.0,0.0,0.0,9050.0,9050.0
2025-06,11599,Epson L3350 Wi-Fi Multi Functional Integrated Ink Tank Printer,PRINTER AND SCANNER,2.0,21060.0,0.0,0.0,21060.0,10530.0
2025-06,2008,Canon Pixma TS207 Printer Inkjet,PRINTER AND SCANNER,5.0,11150.0,0.0,0.0,11150.0,2230.0
2025-06,3940,Epson L121 Ink Tank Printer,PRINTER AND SCANNER,1.0,5450.0,0.0,0.0,5450.0,5450.0
2025-06,10057,AMD Ryzen 9 9900X 4.4GHz AM5 Socket DDR5 Processor TTP,PROCESSOR,7.0,174650.0,0.0,0.0,174650.0,24950.0
2025-06,10102,AMD Ryzen 7 7700 Socket AM5 3.8GHz Processor MPK,PROCESSOR,12.0,143400.0,0.0,0.0,143400.0,11950.0
2025-06,10110,AMD Ryzen 5 5500GT 3.6GHz AM4 Socket DDR4 Processor MPK,PROCESSOR,13.0,105235.0,0.0,0.0,105235.0,8095.0
2025-06,10911,Intel Core i9-14900K Raptor Lake Socket LGA 1700 3.20GHz Processor MPK,PROCESSOR,11.0,351450.0,0.0,0.0,351450.0,31950.0
2025-06,10938,AMD Ryzen 5 8400F 4.2GHz AM5 Socket DDR5 Processor MPK,PROCESSOR,11.0,98450.0,0.0,0.0,98450.0,8950.0
2025-06,11064,AMD Ryzen 5 3400g 3.7ghz AM4 Socket DDR4 Processor MPK,PROCESSOR,8.0,30360.0,0.0,0.0,30360.0,3795.0
2025-06,11065,AMD Ryzen 7 8700F 4.1ghz AM5 Socket DDR5 Processor MPK,PROCESSOR,8.0,75600.0,0.0,0.0,75600.0,9450.0
2025-06,11592,Intel Core Ultra 7 processor 270K Plus LGA 1851 5.5Ghz Processor,PROCESSOR,10.0,209500.0,0.0,0.0,209500.0,20950.0
2025-06,4513,AMD Ryzen 5 5600X Socket AM4 3.7GHz Processor with Wraith Stealth Cooler MPK,PROCESSOR,12.0,107400.0,0.0,0.0,107400.0,8950.0
2025-06,5640,AMD Ryzen 5 5500 Socket Am4 3.6GHz Processor with AMD wraith cooler MPK,PROCESSOR,9.0,46800.0,0.0,0.0,46800.0,5200.0
2025-06,5663,AMD Ryzen 5 5600 Socket Am4 3.5GHz Processor with Wraith stealth cooler MPK,PROCESSOR,10.0,72000.0,0.0,0.0,72000.0,7200.0
2025-06,7098,AMD Ryzen 7 5700G Socket Am4 3.8GHz with Radeon Vega 8 wraith stealth cooler Processor MPK,PROCESSOR,10.0,122500.0,0.0,0.0,122500.0,12250.0
2025-06,7929,AMD Ryzen 7 5700X Socket AM4 3.4GHz Processor with AMD Wraith Stealth cooler MPK,PROCESSOR,7.0,69650.0,0.0,0.0,69650.0,9950.0
2025-06,8432,AMD Ryzen 3 3200g PRO Socket Am4 3.6ghz with Radeon Vega 8 Processor MPK,PROCESSOR,9.0,30555.0,0.0,0.0,30555.0,3395.0
2025-06,9608,AMD RYZEN 7 7800X3D Socket AM5 D5 5.0ghz with Radeon Graphics processor TTP,PROCESSOR,11.0,202950.0,0.0,0.0,202950.0,18450.0
2025-06,9614,AMD RYZEN 7 9800X3D Socket AM5 D5 5.2ghz with Radeon Graphics processor,PROCESSOR,13.0,363350.0,0.0,0.0,363350.0,27950.0
2025-06,9776,AMD Ryzen 5 5600GT 3.6GHz AM4 Socket DDR4 Processor MPK,PROCESSOR,9.0,82755.0,0.0,0.0,82755.0,9195.0
2025-06,9841,Intel Core i5-14400 4.7GHz LGA 1700 Processor MPK,PROCESSOR,10.0,119500.0,0.0,0.0,119500.0,11950.0
2025-06,10697,Lexar NQ100 256GB Solid State Drive SATA 2.5,SOLID STATE DRIVE,12.0,47940.0,0.0,0.0,47940.0,3995.0
2025-06,10797,Lexar NM620 1TB M.2 NVME Solid State Drive,SOLID STATE DRIVE,38.0,307800.0,0.0,0.0,307800.0,8100.0
2025-06,10804,Team Group MP33 512GB M.2 PCIe Gen3.0 x4 NVME 1.3 Solid State Drive,SOLID STATE DRIVE,24.0,150000.0,0.0,0.0,150000.0,6250.0
2025-06,11148,Teamgroup T-Force GA Pro 1TB NVMe M.2 Gen 5 Solid State Drive,SOLID STATE DRIVE,19.0,206150.0,0.0,0.0,206150.0,10850.0
2025-06,11152,Hiksemi Wave S 256B SATA 2.5 Solid State Drive,SOLID STATE DRIVE,21.0,70350.0,0.0,0.0,70350.0,3350.0
2025-06,11269,Hiksemi Wave P 256GB PCIE Gen3 M.2 Solid State Drive,SOLID STATE DRIVE,23.0,80385.0,0.0,0.0,80385.0,3495.0
2025-06,11323,ESGaming 512GB SATA 2.5 Solid State Drive,SOLID STATE DRIVE,20.0,87900.0,0.0,0.0,87900.0,4395.0
2025-06,11577,Apacer AS2280P4 512GB PCIe Gen 3x4 M.2 NVMe Solid State Drive,SOLID STATE DRIVE,16.0,84720.0,0.0,0.0,84720.0,5295.0
2025-06,1681,Team Group GX2 Solid State Drive 256gb SATA 2.5,SOLID STATE DRIVE,24.0,82800.0,0.0,0.0,82800.0,3450.0
2025-06,1909,Lexar NS10 Lite Solid State Drive 120gb SATA 2.5,SOLID STATE DRIVE,30.0,43500.0,0.0,0.0,43500.0,1450.0
2025-06,6856,Team Group MP33 256GB M.2 PCIe NVME Solid State Drive,SOLID STATE DRIVE,17.0,56950.0,0.0,0.0,56950.0,3350.0
2025-06,6936,Adata SU650 Solid State Drive 512GB SATA 2.5,SOLID STATE DRIVE,36.0,179820.0,0.0,0.0,179820.0,4995.0
2025-06,422,Edifier M1250 Usb Powered 2.0 Speaker,SPEAKER,1.0,650.0,0.0,0.0,650.0,650.0
2025-06,2991,APC Back-Ups BVX650I-PH 360 Watts 650va with Avr Universal Sockets Ups,UPS & AVR,11.0,24200.0,0.0,0.0,24200.0,2200.0
2025-06,36,Secure 220v Avr,UPS & AVR,13.0,3250.0,0.0,0.0,3250.0,250.0
2025-06,454,Secure 650va Ups,UPS & AVR,3.0,4350.0,0.0,0.0,4350.0,1450.0
2025-07,10653,RAKK Matik USB Gaming Headset LED Illuminated,AUDIO,6.0,1890.0,0.0,0.0,1890.0,315.0
2025-07,10952,EPOS Sennheiser Impact SC 260 ED Headset,AUDIO,4.0,5280.0,0.0,0.0,5280.0,1320.0
2025-07,10991,Logitech G PRO X Wired 7.1 Gaming Headset,AUDIO,2.0,9100.0,0.0,0.0,9100.0,4550.0
2025-07,10993,Logitech G PRO X Wired 7.1 Gaming Headset (League of Legends Edition),AUDIO,5.0,22750.0,0.0,0.0,22750.0,4550.0
2025-07,11507,Accutone UB210 Noise Cancelling Headset Black,AUDIO,1.0,1550.0,0.0,0.0,1550.0,1550.0
2025-07,11508,Accutone Sonar 280 Wireless & Wired Noise Cancelling Headset Black,AUDIO,4.0,8240.0,0.0,0.0,8240.0,2060.0
2025-07,11509,Accutone Converse 95 Noise Cancelling Headset Black,AUDIO,3.0,6960.0,0.0,0.0,6960.0,2320.0
2025-07,11510,Accutone Nexus 2000 MagSafe Speaker Blue,AUDIO,4.0,5000.0,0.0,0.0,5000.0,1250.0
2025-07,11511,Accutone Nexus 2000 MagSafe Speaker Gray,AUDIO,1.0,1250.0,0.0,0.0,1250.0,1250.0
2025-07,11512,Accutone Nexus 2000 MagSafe Speaker Pink,AUDIO,2.0,2500.0,0.0,0.0,2500.0,1250.0
2025-07,11612,Accutone UB101 Stereo USB Headset Black,AUDIO,1.0,345.0,0.0,0.0,345.0,345.0
2025-07,7652,RAKK SONIDO 7.1 Virtual Surround RGB Gaming Headset USB Black,AUDIO,3.0,2985.0,0.0,0.0,2985.0,995.0
2025-07,8581,Edifier W820NB Plus Active Noice Cancellation Bluetooth Stereo Wireless Headset Ivory,AUDIO,10.0,18500.0,0.0,0.0,18500.0,1850.0
2025-07,7824,Hikvision E-HWID 2.8MM Eco-HiWatch 2.mm IR Dome E-HWID,CAMERA,2.0,2900.0,0.0,0.0,2900.0,1450.0
2025-07,78,A4Tech KRS-8572 Usb Keyboard and Mouse Black,COMBO,44.0,22440.0,0.0,0.0,22440.0,510.0
2025-07,9301,RAKK APTAS ILLUMINATED / Membrane Keyboard and Mouse / No software / Rainbow lighting / Black,COMBO,29.0,8265.0,0.0,0.0,8265.0,285.0
2025-07,10370,DarkFlash Infinity 34 3in1 ARGB Chassis Fan Black,COOLING,4.0,4600.0,0.0,0.0,4600.0,1150.0
2025-07,10373,DarkFlash Infinity 34 Single ARGB Chassis Fan White,COOLING,8.0,3360.0,0.0,0.0,3360.0,420.0
2025-07,10386,MSI MAG COREFROZR AA13 ARGB CPU Air Cooler black,COOLING,9.0,10755.0,0.0,0.0,10755.0,1195.0
2025-07,10590,YGT Cyber-120IFB 3in1 ARGB Chassis Fan Black,COOLING,20.0,11000.0,0.0,0.0,11000.0,550.0
2025-07,10743,NZXT F120 RGB Duo Triple Pack (RF-D12TF-W1) with RGB Controller Chassis Fan White,COOLING,9.0,13500.0,0.0,0.0,13500.0,1500.0
2025-07,10839,CoolerMaster Hyper 212 3DHP ARGB CPU Air Cooler Black,COOLING,10.0,13950.0,0.0,0.0,13950.0,1395.0
2025-07,10858,DarkFlash E400 Plus Matrix Display CPU Air Cooler White,COOLING,10.0,16500.0,0.0,0.0,16500.0,1650.0
2025-07,10930,CoolerMaster MasterLiquid 240L Core Liquid Cooling Black,COOLING,6.0,22200.0,0.0,0.0,22200.0,3700.0
2025-07,10966,CoolerMaster V4 Alpha 3DHP CPU Air Cooler Black,COOLING,9.0,17055.0,0.0,0.0,17055.0,1895.0
2025-07,10990,BeQuiet Silent Wings 4 (BL094) 120mm PWM High Speed Single Chassis Fan Black,COOLING,11.0,13200.0,0.0,0.0,13200.0,1200.0
2025-07,11005,Asus AR120 ARGB PWM Single Chassis Fan Black,COOLING,7.0,1050.0,0.0,0.0,1050.0,150.0
2025-07,11159,Jungle Leopard Chill Arc 360mm ARGB Liquid Cooling Black,COOLING,8.0,87600.0,0.0,0.0,87600.0,10950.0
2025-07,11160,Jungle Leopard Chill Arc 360mm ARGB Liquid Cooling White,COOLING,10.0,112950.0,0.0,0.0,112950.0,11295.0
2025-07,11216,CoolerMaster MasterLiquid Core Nex 360 ARGB CPU Liquid Cooler Black,COOLING,11.0,48950.0,0.0,0.0,48950.0,4450.0
2025-07,6174,Deepcool TW-003 CPU Air Cooler,COOLING,10.0,4000.0,0.0,0.0,4000.0,400.0
2025-07,7,AMD Stock Heatsink Fan,COOLING,9.0,1260.0,0.0,0.0,1260.0,140.0
2025-07,7501,DarkFlash DM12 F Single ARGB Chassis Fan Black,COOLING,6.0,1410.0,0.0,0.0,1410.0,235.0
2025-07,7502,DarkFlash DM12 F Single ARGB Chassis Fan White,COOLING,10.0,2850.0,0.0,0.0,2850.0,285.0
2025-07,7505,DarkFlash Infinity24 Single ARGB Chassis Fan Black,COOLING,17.0,4845.0,0.0,0.0,4845.0,285.0
2025-07,9737,MSI MAG Coreliquid A13 240 CPU Liquid Cooler Black,COOLING,3.0,10950.0,0.0,0.0,10950.0,3650.0
2025-07,9835,MSI MAG Coreliquid A13 360 CPU Liquid Cooler Black,COOLING,5.0,21400.0,0.0,0.0,21400.0,4280.0
2025-07,9836,MSI MAG Coreliquid A13 360 CPU Liquid Cooler White,COOLING,7.0,28980.0,0.0,0.0,28980.0,4140.0
2025-07,10425,"ViewSonic VA24G1-H 24"" FHD 144Hz IPS Monitor",DISPLAY,1.0,4150.0,0.0,0.0,4150.0,4150.0
2025-07,10540,"ASUS ROG Strix XG27ACMES 27"" QHD 255Hz-OC Fast IPS Monitor",DISPLAY,8.0,127960.0,0.0,0.0,127960.0,15995.0
2025-07,10711,"ASUS TUF Gaming Series 5 VG259QMR5A 24.5"" FHD 310Hz(OC) Fast-IPS Monitor",DISPLAY,7.0,66465.0,0.0,0.0,66465.0,9495.0
2025-07,10836,"AOC 24G11ZE 23.8"" 240Hz OC FHD Fast IPS Monitor",DISPLAY,9.0,59355.0,0.0,0.0,59355.0,6595.0
2025-07,10918,"Philips 24E2G2200 23.8"" 144Hz IPS FHD Monitor",DISPLAY,5.0,20975.0,0.0,0.0,20975.0,4195.0
2025-07,10919,"Philips 27E2G2200 27"" 144Hz IPS FHD Monitor",DISPLAY,9.0,53955.0,0.0,0.0,53955.0,5995.0
2025-07,10940,"MSI MAG 245F X24 23.8"" 240Hz FHD Rapid IPS Monitor",DISPLAY,9.0,58050.0,0.0,0.0,58050.0,6450.0
2025-07,10941,"MSI MAG 272F X24 27"" 240Hz FHD Rapid IPS Monitor",DISPLAY,11.0,98450.0,0.0,0.0,98450.0,8950.0
2025-07,11074,"AOC 24B36XE 23.8"" FHD 144Hz IPS Monitor",DISPLAY,12.0,51000.0,0.0,0.0,51000.0,4250.0
2025-07,11127,"Nvision N2455GT-B 23.8"" FHD 144Hz IPS Monitor",DISPLAY,7.0,27650.0,0.0,0.0,27650.0,3950.0
2025-07,11151,"MSI MAG 275QF E20 27"" WQHD 200Hz Rapid IPS Monitor",DISPLAY,3.0,34500.0,0.0,0.0,34500.0,11500.0
2025-07,11208,"Gamdias Atlas HD24IF IV 23.8"" 240Hz FHD Fast IPS Monitor Black",DISPLAY,5.0,29350.0,0.0,0.0,29350.0,5870.0
2025-07,11258,"AOC Q27G4SL/WS 27"" QHD 320Hz Fast IPS HDR 400 Monitor",DISPLAY,6.0,82800.0,0.0,0.0,82800.0,13800.0
2025-07,11472,"MSI PRO MP251 E14L 24.5"" 144HZ FHD IPS Monitor",DISPLAY,2.0,8650.0,0.0,0.0,8650.0,4325.0
2025-07,11473,"Asus TUF Gaming VG259QM5A 24.5"" 240Hz IPS Gaming Monitor",DISPLAY,6.0,47370.0,0.0,0.0,47370.0,7895.0
2025-07,11528,"LG 24U411A-B 23.8"" 120Hz FHD IPS Monitor",DISPLAY,12.0,43800.0,0.0,0.0,43800.0,3650.0
2025-07,7785,Nvision N190V8 19' LED Monitor,DISPLAY,8.0,13600.0,0.0,0.0,13600.0,1700.0
2025-07,7786,"Nvision N200V8 20"" LED Monitor",DISPLAY,8.0,13720.0,0.0,0.0,13720.0,1715.0
2025-07,8060,"Nvision H22V8 21.5"" LED Monitor",DISPLAY,16.0,35840.0,0.0,0.0,35840.0,2240.0
2025-07,9904,"Viewsonic VX2479A-HD-PRO 24"" 240Hz FHD 1MS MPRT IPS HDR10 Gaming Monitor",DISPLAY,8.0,50640.0,0.0,0.0,50640.0,6330.0
2025-07,11003,RAKK SUKOG LITE 800x400x3mm Mousepad Black,GAMING SURFACE,9.0,1710.0,0.0,0.0,1710.0,190.0
2025-07,10053,ASUS Dual Nvidia Geforce RTX 3050 OC Edition (DUAL-RTX3050-O6G) 6GB 96-bit GDRR6 Videocard,GRAPHIC CARD,4.0,57800.0,0.0,0.0,57800.0,14450.0
2025-07,10072,MSI Nvidia GeForce RTX 5060 VENTUS 2X OC (G5060-8V2C) 8GB 128-bit GDDR7 Videocard,GRAPHIC CARD,11.0,269500.0,0.0,0.0,269500.0,24500.0
2025-07,10080,Gigabyte Nvidia GeForce RTX 5060 AERO OC (GV-N5060AERO-OC-8GD) 8GB 128-bit GDDR7 Videocard,GRAPHIC CARD,16.0,412000.0,0.0,0.0,412000.0,25750.0
2025-07,10152,MSI GeForce RTX 5070 Ti VENTUS 3X OC (G507T-16V3C) 16GB 256-bit GDDR7 Videocard,GRAPHIC CARD,6.0,395700.0,0.0,0.0,395700.0,65950.0
2025-07,10155,ASUS DUAL GeForce RTX 5060 (DUAL-RTX5060-8G) 8GB 128-bit GDDR7 Videocard,GRAPHIC CARD,8.0,199600.0,0.0,0.0,199600.0,24950.0
2025-07,10206,ASUS Dual RX 7600 EVO OC Edition DUAL-RX7600-O8G-EVO 8GB 128-bit GDDR6 Videocard,GRAPHIC CARD,11.0,252450.0,0.0,0.0,252450.0,22950.0
2025-07,10207,ASUS Prime AMD Radeon RX 9060 XT OC (PRIME-RX9060XT-O16G) 16GB 128-Bit GDDR6 Videocard,GRAPHIC CARD,3.0,104850.0,0.0,0.0,104850.0,34950.0
2025-07,10225,MSI Nvidia GeForce RTX 5060 SHADOW 2X OC (G5060-8S2C) 8GB 128-bit GDDR7 Videocard,GRAPHIC CARD,7.0,174650.0,0.0,0.0,174650.0,24950.0
2025-07,10660,MSI Nvidia GeForce RTX 5050 VENTUS 2X OC (G5050-8V2C) 128-bit GDDR6 Videocard,GRAPHIC CARD,9.0,179550.0,0.0,0.0,179550.0,19950.0
2025-07,11557,ASUS DUAL Nvidia GeForce RTX 5060 Ti OC Edition (DUAL-RTX5060TI-O8G) 8GB 128-bit GDDR7 Videocard,GRAPHIC CARD,7.0,202650.0,0.0,0.0,202650.0,28950.0
2025-07,11591,MSI GeForce RTX 5060 Ventus 2X OC v1 (G5060-8V2CV1) 8GB 128-bit GDDR7 Videocard,GRAPHIC CARD,10.0,256500.0,0.0,0.0,256500.0,25650.0
2025-07,11636,Colorful Nvidia GeForce RTX 3050 6GB V4-V 96-bit GDDR6 Videocard,GRAPHIC CARD,4.0,49000.0,0.0,0.0,49000.0,12250.0
2025-07,8396,MSI GEFORCE RTX 3050 VENTUS 2X OC 6GB 96-bit DDR6 Videocard,GRAPHIC CARD,9.0,127800.0,0.0,0.0,127800.0,14200.0
2025-07,9396,Biostar Rx 580 VA5815RQ82 Dual Cooling Fan 8gb 256bit GDdr5 Gaming Videocard,GRAPHIC CARD,6.0,47700.0,0.0,0.0,47700.0,7950.0
2025-07,9883,Asus Prime AMD Radeon RX 9070 OC (PRIME-RX9070-O16G) 16GB 256-Bit GDDR6 Videocard,GRAPHIC CARD,3.0,143850.0,0.0,0.0,143850.0,47950.0
2025-07,9967,MSI Nvidia GeForce RTX 5070 VENTUS 2X OC 12GB 192-bit GDDR7 Videocard,GRAPHIC CARD,8.0,375600.0,0.0,0.0,375600.0,46950.0
2025-07,11573,Aula S75 Pro RGB Gaming Mechanical Wireless Tri-Mode Keyboard Gradient Pink,KEYBOARD,14.0,34300.0,0.0,0.0,34300.0,2450.0
2025-07,4285,Fantech MAXPOWER MK853 Mechanical Gaming Keyboard White - BLUE Switch,KEYBOARD,22.0,32560.0,0.0,0.0,32560.0,1480.0
2025-07,11464,"MSI Cyborg 15 A13VE-2453PHNN 15.6"" FHD IPS 144Hz Intel Core i5-13420H/8GB DDR5-5200/512GB NVMe SSD PCIe Gen4/RTX 4050 6GD6/Win11 Laptop",LAPTOP GA2,2.0,117990.0,0.0,0.0,117990.0,58995.0
2025-07,9998,"Gigabyte Gaming A16 CMHH2PH893SH 16.0"" WUXGA 165Hz Intel Core i5-13420H/16GB DDR5/512GB 2x M.2 SSD/ RTX 4050 6GB/Win11Laptop",LAPTOP GA2,1.0,62995.0,0.0,0.0,62995.0,62995.0
2025-07,11564,"Asus Vivobook 14 X1404VA-EB2200WSM 14.0"" FHD Intel Core 5 120U/8GB DDR5/512GB SSD/Win11 Laptop H&S+M365 + Laptop Bag",LAPTOP PR2,1.0,43995.0,0.0,0.0,43995.0,43995.0
2025-07,11583,"MSI Modern 14 F3HMG-039PHNN 14.0""FHD IPS Ryzen™ AI 5 330/8GB DDR5-5600/512GB*1 NVMe SSD PCIe Gen4/Win11 Laptop + OFC + Laptop Bag",LAPTOP PR2,1.0,47795.0,0.0,0.0,47795.0,47795.0
2025-07,11461,"MSI Modern 14 F1MG-887PHNN 14.0""FHD IPS Intel Core 7 150U/8GB+8GB DDR4-3200/512GB*1 NVMe SSD PCIe Gen4/Win11 Laptop + OFC + Laptop Bag",LAPTOP PR3,4.0,215980.0,0.0,0.0,215980.0,53995.0
2025-07,11527,"Lenovo V15 G4 ABP 15.6"" FHD Ryzen 7-7730U/8GB DDR4/512GB NVMe SSD/Win11 Pro Laptop SE",LAPTOP PR3,1.0,39995.0,0.0,0.0,39995.0,39995.0
2025-07,11550,"Lenovo V15 G5 IRL 15.6"" Intel Core i5-13420H/16GB DDR5/512GB SSD Laptop/Win11 Laptop SE + Laptop Bag",LAPTOP PR3,1.0,44995.0,0.0,0.0,44995.0,44995.0
2025-07,10286,Lexar LD5S16G56C46ST-BGS 16GB 5600Mhz DDR5 Sodimm Memory,MEMORY,11.0,171600.0,0.0,0.0,171600.0,15600.0
2025-07,10789,Teamgroup Vulcan 16GB 8GBx2 6000Mhz CL38 DDR5 Memory,MEMORY,15.0,217500.0,0.0,0.0,217500.0,14500.0
2025-07,10905,Lexar Ares 8GB LD4U08G32C16LA-RGS 3200Mhz DDR4 RGB Memory Black,MEMORY,11.0,46750.0,0.0,0.0,46750.0,4250.0
2025-07,11052,Biostar Storming V 8GB 3200Mhz DDR4 Memory,MEMORY,13.0,53950.0,0.0,0.0,53950.0,4150.0
2025-07,11185,Crucial 16GB CT16G4SFRA32A 3200Mhz DDR4 Sodimm,MEMORY,9.0,74250.0,0.0,0.0,74250.0,8250.0
2025-07,11327,HKC PC 16gb 3200mhz DDR4 with Heatsink Memory Black,MEMORY,9.0,55755.0,0.0,0.0,55755.0,6195.0
2025-07,11444,FASPEED 8GB 3200Mhz DDR4 with Heatsink Memory,MEMORY,12.0,37800.0,0.0,0.0,37800.0,3150.0
2025-07,11450,HKC PC 8gb 3200mhz DDR4 with Heatsink Memory Black,MEMORY,8.0,27600.0,0.0,0.0,27600.0,3450.0
2025-07,11548,Hiksemi Future 16GB (16x1) HSC516U56C2 5600Mhz CL38 DDR5 Memory Black,MEMORY,18.0,269910.0,0.0,0.0,269910.0,14995.0
2025-07,1372,Ramsta 4gb 1x4 2666mhz Ddr4 Memory,MEMORY,13.0,6500.0,0.0,0.0,6500.0,500.0
2025-07,2489,Ramsta 4gb 1x4 2666mhz Ddr4 Sodimm Memory,MEMORY,10.0,4000.0,0.0,0.0,4000.0,400.0
2025-07,3150,Team Elite TForce Delta 16gb 2x8 3600mhz Ddr4 RGB Memory Black,MEMORY,15.0,137250.0,0.0,0.0,137250.0,9150.0
2025-07,3151,Team Elite TForce Delta 16gb 2x8 3600mhz Ddr4 RGB Memory White,MEMORY,12.0,109800.0,0.0,0.0,109800.0,9150.0
2025-07,4055,Team Elite Plus 8gb 1x8 3200Mhz Ddr4 Memory Black Gold,MEMORY,5.0,23750.0,0.0,0.0,23750.0,4750.0
2025-07,9324,KINGBANK 16GB 1x16 3200mhz DDR4 with Heatsink Memory Silver,MEMORY,17.0,126650.0,0.0,0.0,126650.0,7450.0
2025-07,11448,Y5Pro Intel Core i5 8250U / 16GB DDr4 / 512GB SSD / WIFI 5 DUAL / 4* USB 3.0 / 2* HDMI 2.0 / 1* RJ45 1000Mbps / 1* Type-C / Windows 11 Pro Mini PC,MINI PC,1.0,20950.0,0.0,0.0,20950.0,20950.0
2025-07,11579,Y5Plus Intel Core i7 4650U / 8GB DDr3 / 128GB SSD / WIFI 5 DUAL / 4* USB 3.0 / 2* HDMI 2.0 / 1* RJ45 1000Mbps / 1* Type-C / Windows 11 Pro Mini PC,MINI PC,1.0,9950.0,0.0,0.0,9950.0,9950.0
2025-07,10295,Asus B650M-AYW Wifi DDR5 AMD Motherboard,MOTHERBOARD,9.0,65655.0,0.0,0.0,65655.0,7295.0
2025-07,10296,Asus Prime A520M-K/CSM AM4 AMD Motherboard,MOTHERBOARD,8.0,26360.0,0.0,0.0,26360.0,3295.0
2025-07,10647,ASUS PRIME B850M-A WIFI-CSM Socket AM5 DDR5 Motherboard,MOTHERBOARD,11.0,126445.0,0.0,0.0,126445.0,11495.0
2025-07,10675,MSI B650M GAMING WIFI AM5 DDR5 Motherboard,MOTHERBOARD,7.0,51765.0,0.0,0.0,51765.0,7395.0
2025-07,11556,Gigabyte B550M-K Socket Am4 Ddr4 Motherboard,MOTHERBOARD,9.0,44550.0,0.0,0.0,44550.0,4950.0
2025-07,11558,Asus B760M-AYW WIFI Socket LGA 1700 Ddr4 Motherboard,MOTHERBOARD,6.0,56100.0,0.0,0.0,56100.0,9350.0
2025-07,11593,Gigabyte B860M GAMING X WIFI6E LGA1851 Socket Ddr5 Motherboard,MOTHERBOARD,21.0,253995.0,0.0,0.0,253995.0,12095.0
2025-07,2756,MSI B550M Pro VDH Wifi Socket Am4 Ddr4 Motherboard,MOTHERBOARD,12.0,76200.0,0.0,0.0,76200.0,6350.0
2025-07,3367,MSI A520m-A Pro Socket Am4 Ddr4 Motherboard,MOTHERBOARD,9.0,29250.0,0.0,0.0,29250.0,3250.0
2025-07,4492,Asus Prime B550M-A Wifi II Socket Am4 Ddr4 Gaming Motherboard,MOTHERBOARD,11.0,70950.0,0.0,0.0,70950.0,6450.0
2025-07,7615,MSI B650M Project zero socket LGA AM5 DDR5 Motherboard,MOTHERBOARD,14.0,179900.0,0.0,0.0,179900.0,12850.0
2025-07,8617,Asrock A520M-HVS Socket Am4 DDR4 Motherboard,MOTHERBOARD,9.0,28350.0,0.0,0.0,28350.0,3150.0
2025-07,9385,Biostar A520MHP Socket Am4 DDR4 Motherboard,MOTHERBOARD,16.0,46320.0,0.0,0.0,46320.0,2895.0
2025-07,9759,MSI PRO X870-P WIFI Ddr5 AM5 Motherboard,MOTHERBOARD,13.0,233350.0,0.0,0.0,233350.0,17950.0
2025-07,9879,MSI B550M-A PRO Socket Am4 Ddr4 Motherboard,MOTHERBOARD,17.0,79050.0,0.0,0.0,79050.0,4650.0
2025-07,9970,Asus Prime B550M-K ARGB Socket Am4 Ddr4 Motherboard,MOTHERBOARD,10.0,48500.0,0.0,0.0,48500.0,4850.0
2025-07,10488,RAKK DASIG X3 Ambidextrous Hotswap Trimode PAW3311 Huano 80M RGB Gaming Mouse Black,MOUSE,10.0,9950.0,0.0,0.0,9950.0,995.0
2025-07,10489,RAKK DASIG X3 Ambidextrous Hotswap Trimode PAW3311 Huano 80M RGB Gaming Mouse White,MOUSE,10.0,9950.0,0.0,0.0,9950.0,995.0
2025-07,10776,RAKK TALAN AERO X PAW3395 8K Polling Omron Optical Trimode Lightweight 55g Gaming Mouse Black,MOUSE,7.0,15365.0,0.0,0.0,15365.0,2195.0
2025-07,10994,Logitech G 502X Wired Gaming Mouse White,MOUSE,3.0,9285.0,0.0,0.0,9285.0,3095.0
2025-07,3513,Logitech G102 Lightsync Gaming Mouse Black,MOUSE,15.0,13950.0,0.0,0.0,13950.0,930.0
2025-07,3700,Logitech G102 Lightsync Gaming Mouse White,MOUSE,7.0,6510.0,0.0,0.0,6510.0,930.0
2025-07,9299,RAKK DASIG LITE Huano Switch RGB Gaming Mouse,MOUSE,9.0,2520.0,0.0,0.0,2520.0,280.0
2025-07,11172,DITO Home WoWFi Lite 4G WiFi Router,NETWORK DEVICE,1.0,980.0,0.0,0.0,980.0,980.0
2025-07,11173,DITO Home WoWFi Pro 5G WiFi Router,NETWORK DEVICE,1.0,1490.0,0.0,0.0,1490.0,1490.0
2025-07,11356,TP-Link Archer BE220 Dual Band Wi-Fi 7 Router,NETWORK DEVICE,5.0,11250.0,0.0,0.0,11250.0,2250.0
2025-07,11460,ASUS RT-BE50 BE3600 Dual Band WiFi 7 Router,NETWORK DEVICE,5.0,14975.0,0.0,0.0,14975.0,2995.0
2025-07,130,Tp-Link TL-WA901ND Wireless N Access Point,NETWORK DEVICE,2.0,3788.0,0.0,0.0,3788.0,1894.0
2025-07,1693,TP-Link TL-WR820N 300Mbps Multimode Wi-Fi Router,NETWORK DEVICE,1.0,490.0,0.0,0.0,490.0,490.0
2025-07,10146,MSI PANO 110R PZ Mid Tower Gaming PC Case Black,PC CASE,9.0,37800.0,0.0,0.0,37800.0,4200.0
2025-07,10518,NZXT H6 Flow CC-H61FW-01 Tempered Glass ATX PC Case White,PC CASE,12.0,52200.0,0.0,0.0,52200.0,4350.0
2025-07,10519,NZXT H7 Flow (2024) CM-H72FW-01 ATX PC Case White,PC CASE,10.0,46500.0,0.0,0.0,46500.0,4650.0
2025-07,10520,NZXT H7 Flow RGB (2024) CM-H72FB-R1 ATX PC Case Black,PC CASE,5.0,21750.0,0.0,0.0,21750.0,4350.0
2025-07,10668,CoolerMaster Elite 302 ARGB Micro ATX PC Case Black,PC CASE,6.0,17970.0,0.0,0.0,17970.0,2995.0
2025-07,10808,MSI PAG PANO M110A ARGB Micro ATX PC Case Black,PC CASE,6.0,14700.0,0.0,0.0,14700.0,2450.0
2025-07,10828,DarkFlash Floatron F1 Micro ATX PC Case Black & White,PC CASE,11.0,43945.0,0.0,0.0,43945.0,3995.0
2025-07,10928,CoolerMaster Qube 540 Moonstone ATX PC Case,PC CASE,16.0,63920.0,0.0,0.0,63920.0,3995.0
2025-07,10963,CoolerMaster Elite 600 ARGB ATX Mid Tower PC Case Black,PC CASE,8.0,42800.0,0.0,0.0,42800.0,5350.0
2025-07,10972,Asus A31 Tempered Glass Mid Tower ATX PC Case White,PC CASE,4.0,13600.0,0.0,0.0,13600.0,3400.0
2025-07,11002,RAKK TANAN MATX Tempered Glass with PSU and Fans,PC CASE,7.0,9065.0,0.0,0.0,9065.0,1295.0
2025-07,11068,DarkFlash M305 with 3 RGB Fan Micro ATX Tempered Glass Gaming PC Case Black,PC CASE,7.0,9765.0,0.0,0.0,9765.0,1395.0
2025-07,11102,YGT Mars 9 Micro ATX PC Case with PSU Black,PC CASE,5.0,3975.0,0.0,0.0,3975.0,795.0
2025-07,11131,Asus A21 Tempered Glass Micro ATX PC Case Black,PC CASE,6.0,17970.0,0.0,0.0,17970.0,2995.0
2025-07,11306,Gamdias Aura GC10 v2 ARGB Dual Chamber Micro ATX PC Case Black,PC CASE,5.0,12475.0,0.0,0.0,12475.0,2495.0
2025-07,11406,Cougar MX110 RGB Mid Tower Tempered Glass ATX PC Case Black,PC CASE,7.0,16450.0,0.0,0.0,16450.0,2350.0
2025-07,11546,YGT 420B Micro ATX PC Case Black,PC CASE,6.0,7500.0,0.0,0.0,7500.0,1250.0
2025-07,6579,InPlay Wind 01 Acrylic Side Panel Micro ATX PC Case,PC CASE,7.0,0.0,0.0,0.0,0.0,0.0
2025-07,7367,MSI MAG Forge M100A Auto RGB Micro ATX PC Case Black,PC CASE,7.0,15330.0,0.0,0.0,15330.0,2190.0
2025-07,9897,YGT V100 Micro ATX PC Case with PSU White,PC CASE,7.0,6230.0,0.0,0.0,6230.0,890.0
2025-07,9973,MSI MAG PANO 100R Project Zero Micro ATX PC Case Black,PC CASE,14.0,93100.0,0.0,0.0,93100.0,6650.0
2025-07,10052,Asus Prime 650W 80+ Bronze Power Supply,POWER SUPPLY,11.0,40150.0,0.0,0.0,40150.0,3650.0
2025-07,10208,Asus Prime AP-850W 80+ Gold Full Modular Power Supply,POWER SUPPLY,5.0,37475.0,0.0,0.0,37475.0,7495.0
2025-07,10376,ASRock Pro-650B 650W 80+ Bronze Non-Modular ATX 3.1 Power Supply,POWER SUPPLY,4.0,10600.0,0.0,0.0,10600.0,2650.0
2025-07,10679,ASRock Steel Legend SL-1000G 1000W 80+ Gold Cybenetics Gold ATX 3.1 Full Modular Power Supply,POWER SUPPLY,12.0,113400.0,0.0,0.0,113400.0,9450.0
2025-07,11266,Acer AC-500 500W Non-Modular 80+ Bronze Power Supply Black,POWER SUPPLY,9.0,11250.0,0.0,0.0,11250.0,1250.0
2025-07,11267,Acer AC-650 650W Non-Modular 80+ Bronze Power Supply Black,POWER SUPPLY,13.0,23257.0,0.0,0.0,23257.0,1789.0
2025-07,11332,Acer AC-750 750W Non-Modular 80+ Bronze Power Supply Black,POWER SUPPLY,11.0,23100.0,0.0,0.0,23100.0,2100.0
2025-07,176,Intelligent 700 watts Power Supply,POWER SUPPLY,8.0,3600.0,0.0,0.0,3600.0,450.0
2025-07,4079,MSI MAG A650BN 650Watts 80+ Non-Modular Power Supply Bronze,POWER SUPPLY,8.0,26360.0,0.0,0.0,26360.0,3295.0
2025-07,4080,MSI MAG A550BN 550Watts 80+ Non-Modular Power Supply Bronze,POWER SUPPLY,13.0,37115.0,0.0,0.0,37115.0,2855.0
2025-07,6242,MSI MAG A600DN 600W 80+ Power Supply,POWER SUPPLY,13.0,35945.0,0.0,0.0,35945.0,2765.0
2025-07,7838,MSI MAG A850GL 850Watts PCIE5 80+ Full Modular Power Supply Gold Black,POWER SUPPLY,20.0,144600.0,0.0,0.0,144600.0,7230.0
2025-07,8542,Acer AC-550 550w Full Modular 80plus Bronze Power Supply,POWER SUPPLY,13.0,18655.0,0.0,0.0,18655.0,1435.0
2025-07,8543,Acer AC-650 650w Full Modular  80plus Bronze Power Supply,POWER SUPPLY,9.0,18495.0,0.0,0.0,18495.0,2055.0
2025-07,9703,CoolerMaster MWE 650W V3 (MPE-6501-ACABW-3BUS) 80+ Bronze ATX 3.1 Power Supply,POWER SUPPLY,8.0,30480.0,0.0,0.0,30480.0,3810.0
2025-07,9938,CoolerMaster MWE 750W V3 (MPE-7501-ACABW-3BUS) 80+ Bronze ATX 3.1 Power Supply,POWER SUPPLY,13.0,56134.0,0.0,0.0,56134.0,4318.0
2025-07,11599,Epson L3350 Wi-Fi Multi Functional Integrated Ink Tank Printer,PRINTER AND SCANNER,1.0,10530.0,0.0,0.0,10530.0,10530.0
2025-07,2008,Canon Pixma TS207 Printer Inkjet,PRINTER AND SCANNER,2.0,4460.0,0.0,0.0,4460.0,2230.0
2025-07,4804,Canon Pixma MG3070S Compact Wireless All-In-One Printer,PRINTER AND SCANNER,2.0,6850.0,0.0,0.0,6850.0,3425.0
2025-07,10057,AMD Ryzen 9 9900X 4.4GHz AM5 Socket DDR5 Processor TTP,PROCESSOR,6.0,149700.0,0.0,0.0,149700.0,24950.0
2025-07,10102,AMD Ryzen 7 7700 Socket AM5 3.8GHz Processor MPK,PROCESSOR,6.0,71700.0,0.0,0.0,71700.0,11950.0
2025-07,10110,AMD Ryzen 5 5500GT 3.6GHz AM4 Socket DDR4 Processor MPK,PROCESSOR,9.0,72855.0,0.0,0.0,72855.0,8095.0
2025-07,10911,Intel Core i9-14900K Raptor Lake Socket LGA 1700 3.20GHz Processor MPK,PROCESSOR,10.0,319500.0,0.0,0.0,319500.0,31950.0
2025-07,10938,AMD Ryzen 5 8400F 4.2GHz AM5 Socket DDR5 Processor MPK,PROCESSOR,17.0,152150.0,0.0,0.0,152150.0,8950.0
2025-07,11064,AMD Ryzen 5 3400g 3.7ghz AM4 Socket DDR4 Processor MPK,PROCESSOR,11.0,41745.0,0.0,0.0,41745.0,3795.0
2025-07,11065,AMD Ryzen 7 8700F 4.1ghz AM5 Socket DDR5 Processor MPK,PROCESSOR,7.0,66150.0,0.0,0.0,66150.0,9450.0
2025-07,11592,Intel Core Ultra 7 processor 270K Plus LGA 1851 5.5Ghz Processor,PROCESSOR,16.0,335200.0,0.0,0.0,335200.0,20950.0
2025-07,4513,AMD Ryzen 5 5600X Socket AM4 3.7GHz Processor with Wraith Stealth Cooler MPK,PROCESSOR,10.0,89500.0,0.0,0.0,89500.0,8950.0
2025-07,5640,AMD Ryzen 5 5500 Socket Am4 3.6GHz Processor with AMD wraith cooler MPK,PROCESSOR,6.0,31200.0,0.0,0.0,31200.0,5200.0
2025-07,5663,AMD Ryzen 5 5600 Socket Am4 3.5GHz Processor with Wraith stealth cooler MPK,PROCESSOR,8.0,57600.0,0.0,0.0,57600.0,7200.0
2025-07,7098,AMD Ryzen 7 5700G Socket Am4 3.8GHz with Radeon Vega 8 wraith stealth cooler Processor MPK,PROCESSOR,12.0,147000.0,0.0,0.0,147000.0,12250.0
2025-07,7929,AMD Ryzen 7 5700X Socket AM4 3.4GHz Processor with AMD Wraith Stealth cooler MPK,PROCESSOR,8.0,79600.0,0.0,0.0,79600.0,9950.0
2025-07,8432,AMD Ryzen 3 3200g PRO Socket Am4 3.6ghz with Radeon Vega 8 Processor MPK,PROCESSOR,7.0,23765.0,0.0,0.0,23765.0,3395.0
2025-07,9608,AMD RYZEN 7 7800X3D Socket AM5 D5 5.0ghz with Radeon Graphics processor TTP,PROCESSOR,16.0,295200.0,0.0,0.0,295200.0,18450.0
2025-07,9614,AMD RYZEN 7 9800X3D Socket AM5 D5 5.2ghz with Radeon Graphics processor,PROCESSOR,9.0,251550.0,0.0,0.0,251550.0,27950.0
2025-07,9776,AMD Ryzen 5 5600GT 3.6GHz AM4 Socket DDR4 Processor MPK,PROCESSOR,13.0,119535.0,0.0,0.0,119535.0,9195.0
2025-07,9841,Intel Core i5-14400 4.7GHz LGA 1700 Processor MPK,PROCESSOR,11.0,131450.0,0.0,0.0,131450.0,11950.0
2025-07,10697,Lexar NQ100 256GB Solid State Drive SATA 2.5,SOLID STATE DRIVE,20.0,79900.0,0.0,0.0,79900.0,3995.0
2025-07,10797,Lexar NM620 1TB M.2 NVME Solid State Drive,SOLID STATE DRIVE,18.0,145800.0,0.0,0.0,145800.0,8100.0
2025-07,10804,Team Group MP33 512GB M.2 PCIe Gen3.0 x4 NVME 1.3 Solid State Drive,SOLID STATE DRIVE,21.0,131250.0,0.0,0.0,131250.0,6250.0
2025-07,11148,Teamgroup T-Force GA Pro 1TB NVMe M.2 Gen 5 Solid State Drive,SOLID STATE DRIVE,15.0,162750.0,0.0,0.0,162750.0,10850.0
2025-07,11152,Hiksemi Wave S 256B SATA 2.5 Solid State Drive,SOLID STATE DRIVE,22.0,73700.0,0.0,0.0,73700.0,3350.0
2025-07,11269,Hiksemi Wave P 256GB PCIE Gen3 M.2 Solid State Drive,SOLID STATE DRIVE,8.0,27960.0,0.0,0.0,27960.0,3495.0
2025-07,11323,ESGaming 512GB SATA 2.5 Solid State Drive,SOLID STATE DRIVE,16.0,70320.0,0.0,0.0,70320.0,4395.0
2025-07,11577,Apacer AS2280P4 512GB PCIe Gen 3x4 M.2 NVMe Solid State Drive,SOLID STATE DRIVE,14.0,74130.0,0.0,0.0,74130.0,5295.0
2025-07,1681,Team Group GX2 Solid State Drive 256gb SATA 2.5,SOLID STATE DRIVE,19.0,65550.0,0.0,0.0,65550.0,3450.0
2025-07,1909,Lexar NS10 Lite Solid State Drive 120gb SATA 2.5,SOLID STATE DRIVE,12.0,17400.0,0.0,0.0,17400.0,1450.0
2025-07,6856,Team Group MP33 256GB M.2 PCIe NVME Solid State Drive,SOLID STATE DRIVE,25.0,83750.0,0.0,0.0,83750.0,3350.0
2025-07,6936,Adata SU650 Solid State Drive 512GB SATA 2.5,SOLID STATE DRIVE,15.0,74925.0,0.0,0.0,74925.0,4995.0
2025-07,10870,InPlay MS002 Mini Speaker Black,SPEAKER,1.0,210.0,0.0,0.0,210.0,210.0
2025-07,2991,APC Back-Ups BVX650I-PH 360 Watts 650va with Avr Universal Sockets Ups,UPS & AVR,9.0,19800.0,0.0,0.0,19800.0,2200.0
2025-07,36,Secure 220v Avr,UPS & AVR,10.0,2500.0,0.0,0.0,2500.0,250.0
2025-07,454,Secure 650va Ups,UPS & AVR,9.0,13050.0,0.0,0.0,13050.0,1450.0
2025-08,10653,RAKK Matik USB Gaming Headset LED Illuminated,AUDIO,3.0,945.0,0.0,0.0,945.0,315.0
2025-08,10952,EPOS Sennheiser Impact SC 260 ED Headset,AUDIO,3.0,3960.0,0.0,0.0,3960.0,1320.0
2025-08,10991,Logitech G PRO X Wired 7.1 Gaming Headset,AUDIO,2.0,9100.0,0.0,0.0,9100.0,4550.0
2025-08,10993,Logitech G PRO X Wired 7.1 Gaming Headset (League of Legends Edition),AUDIO,3.0,13650.0,0.0,0.0,13650.0,4550.0
2025-08,11507,Accutone UB210 Noise Cancelling Headset Black,AUDIO,6.0,9300.0,0.0,0.0,9300.0,1550.0
2025-08,11508,Accutone Sonar 280 Wireless & Wired Noise Cancelling Headset Black,AUDIO,4.0,8240.0,0.0,0.0,8240.0,2060.0
2025-08,11509,Accutone Converse 95 Noise Cancelling Headset Black,AUDIO,2.0,4640.0,0.0,0.0,4640.0,2320.0
2025-08,11510,Accutone Nexus 2000 MagSafe Speaker Blue,AUDIO,7.0,8750.0,0.0,0.0,8750.0,1250.0
2025-08,11511,Accutone Nexus 2000 MagSafe Speaker Gray,AUDIO,1.0,1250.0,0.0,0.0,1250.0,1250.0
2025-08,11512,Accutone Nexus 2000 MagSafe Speaker Pink,AUDIO,2.0,2500.0,0.0,0.0,2500.0,1250.0
2025-08,11612,Accutone UB101 Stereo USB Headset Black,AUDIO,4.0,1380.0,0.0,0.0,1380.0,345.0
2025-08,7652,RAKK SONIDO 7.1 Virtual Surround RGB Gaming Headset USB Black,AUDIO,6.0,5970.0,0.0,0.0,5970.0,995.0
2025-08,8581,Edifier W820NB Plus Active Noice Cancellation Bluetooth Stereo Wireless Headset Ivory,AUDIO,4.0,7400.0,0.0,0.0,7400.0,1850.0
2025-08,11143,Ad-Link CABLE (V705) VGA 3+4 1.5M,CABLES AND ADAPTERS,1.0,80.0,0.0,0.0,80.0,80.0
2025-08,11144,Ad-Link CABLE (V73) VGA 3+4 (3M),CABLES AND ADAPTERS,1.0,150.0,0.0,0.0,150.0,150.0
2025-08,7824,Hikvision E-HWID 2.8MM Eco-HiWatch 2.mm IR Dome E-HWID,CAMERA,2.0,2900.0,0.0,0.0,2900.0,1450.0
2025-08,78,A4Tech KRS-8572 Usb Keyboard and Mouse Black,COMBO,45.0,22950.0,0.0,0.0,22950.0,510.0
2025-08,9301,RAKK APTAS ILLUMINATED / Membrane Keyboard and Mouse / No software / Rainbow lighting / Black,COMBO,58.0,16530.0,0.0,0.0,16530.0,285.0
2025-08,10370,DarkFlash Infinity 34 3in1 ARGB Chassis Fan Black,COOLING,8.0,9200.0,0.0,0.0,9200.0,1150.0
2025-08,10373,DarkFlash Infinity 34 Single ARGB Chassis Fan White,COOLING,5.0,2100.0,0.0,0.0,2100.0,420.0
2025-08,10386,MSI MAG COREFROZR AA13 ARGB CPU Air Cooler black,COOLING,10.0,11950.0,0.0,0.0,11950.0,1195.0
2025-08,10590,YGT Cyber-120IFB 3in1 ARGB Chassis Fan Black,COOLING,6.0,3300.0,0.0,0.0,3300.0,550.0
2025-08,10743,NZXT F120 RGB Duo Triple Pack (RF-D12TF-W1) with RGB Controller Chassis Fan White,COOLING,6.0,9000.0,0.0,0.0,9000.0,1500.0
2025-08,10839,CoolerMaster Hyper 212 3DHP ARGB CPU Air Cooler Black,COOLING,7.0,9765.0,0.0,0.0,9765.0,1395.0
2025-08,10858,DarkFlash E400 Plus Matrix Display CPU Air Cooler White,COOLING,11.0,18150.0,0.0,0.0,18150.0,1650.0
2025-08,10930,CoolerMaster MasterLiquid 240L Core Liquid Cooling Black,COOLING,7.0,25900.0,0.0,0.0,25900.0,3700.0
2025-08,10966,CoolerMaster V4 Alpha 3DHP CPU Air Cooler Black,COOLING,14.0,26530.0,0.0,0.0,26530.0,1895.0
2025-08,10990,BeQuiet Silent Wings 4 (BL094) 120mm PWM High Speed Single Chassis Fan Black,COOLING,16.0,19200.0,0.0,0.0,19200.0,1200.0
2025-08,11005,Asus AR120 ARGB PWM Single Chassis Fan Black,COOLING,10.0,1500.0,0.0,0.0,1500.0,150.0
2025-08,11159,Jungle Leopard Chill Arc 360mm ARGB Liquid Cooling Black,COOLING,11.0,120450.0,0.0,0.0,120450.0,10950.0
2025-08,11160,Jungle Leopard Chill Arc 360mm ARGB Liquid Cooling White,COOLING,9.0,101655.0,0.0,0.0,101655.0,11295.0
2025-08,11216,CoolerMaster MasterLiquid Core Nex 360 ARGB CPU Liquid Cooler Black,COOLING,10.0,44500.0,0.0,0.0,44500.0,4450.0
2025-08,6174,Deepcool TW-003 CPU Air Cooler,COOLING,10.0,4000.0,0.0,0.0,4000.0,400.0
2025-08,7,AMD Stock Heatsink Fan,COOLING,14.0,1960.0,0.0,0.0,1960.0,140.0
2025-08,7501,DarkFlash DM12 F Single ARGB Chassis Fan Black,COOLING,13.0,3055.0,0.0,0.0,3055.0,235.0
2025-08,7502,DarkFlash DM12 F Single ARGB Chassis Fan White,COOLING,17.0,4845.0,0.0,0.0,4845.0,285.0
2025-08,7505,DarkFlash Infinity24 Single ARGB Chassis Fan Black,COOLING,9.0,2565.0,0.0,0.0,2565.0,285.0
2025-08,9737,MSI MAG Coreliquid A13 240 CPU Liquid Cooler Black,COOLING,10.0,36500.0,0.0,0.0,36500.0,3650.0
2025-08,9835,MSI MAG Coreliquid A13 360 CPU Liquid Cooler Black,COOLING,11.0,47080.0,0.0,0.0,47080.0,4280.0
2025-08,9836,MSI MAG Coreliquid A13 360 CPU Liquid Cooler White,COOLING,14.0,57960.0,0.0,0.0,57960.0,4140.0
2025-08,10425,"ViewSonic VA24G1-H 24"" FHD 144Hz IPS Monitor",DISPLAY,10.0,41500.0,0.0,0.0,41500.0,4150.0
2025-08,10540,"ASUS ROG Strix XG27ACMES 27"" QHD 255Hz-OC Fast IPS Monitor",DISPLAY,6.0,95970.0,0.0,0.0,95970.0,15995.0
2025-08,10711,"ASUS TUF Gaming Series 5 VG259QMR5A 24.5"" FHD 310Hz(OC) Fast-IPS Monitor",DISPLAY,11.0,104445.0,0.0,0.0,104445.0,9495.0
2025-08,10836,"AOC 24G11ZE 23.8"" 240Hz OC FHD Fast IPS Monitor",DISPLAY,6.0,39570.0,0.0,0.0,39570.0,6595.0
2025-08,10918,"Philips 24E2G2200 23.8"" 144Hz IPS FHD Monitor",DISPLAY,9.0,37755.0,0.0,0.0,37755.0,4195.0
2025-08,10919,"Philips 27E2G2200 27"" 144Hz IPS FHD Monitor",DISPLAY,10.0,59950.0,0.0,0.0,59950.0,5995.0
2025-08,10940,"MSI MAG 245F X24 23.8"" 240Hz FHD Rapid IPS Monitor",DISPLAY,5.0,32250.0,0.0,0.0,32250.0,6450.0
2025-08,10941,"MSI MAG 272F X24 27"" 240Hz FHD Rapid IPS Monitor",DISPLAY,10.0,89500.0,0.0,0.0,89500.0,8950.0
2025-08,11074,"AOC 24B36XE 23.8"" FHD 144Hz IPS Monitor",DISPLAY,7.0,29750.0,0.0,0.0,29750.0,4250.0
2025-08,11127,"Nvision N2455GT-B 23.8"" FHD 144Hz IPS Monitor",DISPLAY,12.0,47400.0,0.0,0.0,47400.0,3950.0
2025-08,11151,"MSI MAG 275QF E20 27"" WQHD 200Hz Rapid IPS Monitor",DISPLAY,3.0,34500.0,0.0,0.0,34500.0,11500.0
2025-08,11208,"Gamdias Atlas HD24IF IV 23.8"" 240Hz FHD Fast IPS Monitor Black",DISPLAY,6.0,35220.0,0.0,0.0,35220.0,5870.0
2025-08,11258,"AOC Q27G4SL/WS 27"" QHD 320Hz Fast IPS HDR 400 Monitor",DISPLAY,11.0,151800.0,0.0,0.0,151800.0,13800.0
2025-08,11472,"MSI PRO MP251 E14L 24.5"" 144HZ FHD IPS Monitor",DISPLAY,14.0,60550.0,0.0,0.0,60550.0,4325.0
2025-08,11473,"Asus TUF Gaming VG259QM5A 24.5"" 240Hz IPS Gaming Monitor",DISPLAY,5.0,39475.0,0.0,0.0,39475.0,7895.0
2025-08,11528,"LG 24U411A-B 23.8"" 120Hz FHD IPS Monitor",DISPLAY,8.0,29200.0,0.0,0.0,29200.0,3650.0
2025-08,7785,Nvision N190V8 19' LED Monitor,DISPLAY,11.0,18700.0,0.0,0.0,18700.0,1700.0
2025-08,7786,"Nvision N200V8 20"" LED Monitor",DISPLAY,10.0,17150.0,0.0,0.0,17150.0,1715.0
2025-08,8060,"Nvision H22V8 21.5"" LED Monitor",DISPLAY,5.0,11200.0,0.0,0.0,11200.0,2240.0
2025-08,9904,"Viewsonic VX2479A-HD-PRO 24"" 240Hz FHD 1MS MPRT IPS HDR10 Gaming Monitor",DISPLAY,10.0,63300.0,0.0,0.0,63300.0,6330.0
2025-08,11003,RAKK SUKOG LITE 800x400x3mm Mousepad Black,GAMING SURFACE,14.0,2660.0,0.0,0.0,2660.0,190.0
2025-08,10053,ASUS Dual Nvidia Geforce RTX 3050 OC Edition (DUAL-RTX3050-O6G) 6GB 96-bit GDRR6 Videocard,GRAPHIC CARD,17.0,245650.0,0.0,0.0,245650.0,14450.0
2025-08,10072,MSI Nvidia GeForce RTX 5060 VENTUS 2X OC (G5060-8V2C) 8GB 128-bit GDDR7 Videocard,GRAPHIC CARD,8.0,196000.0,0.0,0.0,196000.0,24500.0
2025-08,10080,Gigabyte Nvidia GeForce RTX 5060 AERO OC (GV-N5060AERO-OC-8GD) 8GB 128-bit GDDR7 Videocard,GRAPHIC CARD,5.0,128750.0,0.0,0.0,128750.0,25750.0
2025-08,10152,MSI GeForce RTX 5070 Ti VENTUS 3X OC (G507T-16V3C) 16GB 256-bit GDDR7 Videocard,GRAPHIC CARD,7.0,461650.0,0.0,0.0,461650.0,65950.0
2025-08,10155,ASUS DUAL GeForce RTX 5060 (DUAL-RTX5060-8G) 8GB 128-bit GDDR7 Videocard,GRAPHIC CARD,21.0,523950.0,0.0,0.0,523950.0,24950.0
2025-08,10206,ASUS Dual RX 7600 EVO OC Edition DUAL-RX7600-O8G-EVO 8GB 128-bit GDDR6 Videocard,GRAPHIC CARD,10.0,229500.0,0.0,0.0,229500.0,22950.0
2025-08,10207,ASUS Prime AMD Radeon RX 9060 XT OC (PRIME-RX9060XT-O16G) 16GB 128-Bit GDDR6 Videocard,GRAPHIC CARD,7.0,244650.0,0.0,0.0,244650.0,34950.0
2025-08,10225,MSI Nvidia GeForce RTX 5060 SHADOW 2X OC (G5060-8S2C) 8GB 128-bit GDDR7 Videocard,GRAPHIC CARD,8.0,199600.0,0.0,0.0,199600.0,24950.0
2025-08,10660,MSI Nvidia GeForce RTX 5050 VENTUS 2X OC (G5050-8V2C) 128-bit GDDR6 Videocard,GRAPHIC CARD,12.0,239400.0,0.0,0.0,239400.0,19950.0
2025-08,11557,ASUS DUAL Nvidia GeForce RTX 5060 Ti OC Edition (DUAL-RTX5060TI-O8G) 8GB 128-bit GDDR7 Videocard,GRAPHIC CARD,15.0,434250.0,0.0,0.0,434250.0,28950.0
2025-08,11591,MSI GeForce RTX 5060 Ventus 2X OC v1 (G5060-8V2CV1) 8GB 128-bit GDDR7 Videocard,GRAPHIC CARD,19.0,487350.0,0.0,0.0,487350.0,25650.0
2025-08,11636,Colorful Nvidia GeForce RTX 3050 6GB V4-V 96-bit GDDR6 Videocard,GRAPHIC CARD,9.0,110250.0,0.0,0.0,110250.0,12250.0
2025-08,8396,MSI GEFORCE RTX 3050 VENTUS 2X OC 6GB 96-bit DDR6 Videocard,GRAPHIC CARD,11.0,156200.0,0.0,0.0,156200.0,14200.0
2025-08,9396,Biostar Rx 580 VA5815RQ82 Dual Cooling Fan 8gb 256bit GDdr5 Gaming Videocard,GRAPHIC CARD,4.0,31800.0,0.0,0.0,31800.0,7950.0
2025-08,9883,Asus Prime AMD Radeon RX 9070 OC (PRIME-RX9070-O16G) 16GB 256-Bit GDDR6 Videocard,GRAPHIC CARD,10.0,479500.0,0.0,0.0,479500.0,47950.0
2025-08,9967,MSI Nvidia GeForce RTX 5070 VENTUS 2X OC 12GB 192-bit GDDR7 Videocard,GRAPHIC CARD,12.0,563400.0,0.0,0.0,563400.0,46950.0
2025-08,160,Seagate 1tb ST1000DM010 Harddisk Drive,HARD DISK,2.0,6900.0,0.0,0.0,6900.0,3450.0
2025-08,11573,Aula S75 Pro RGB Gaming Mechanical Wireless Tri-Mode Keyboard Gradient Pink,KEYBOARD,27.0,66150.0,0.0,0.0,66150.0,2450.0
2025-08,4285,Fantech MAXPOWER MK853 Mechanical Gaming Keyboard White - BLUE Switch,KEYBOARD,17.0,25160.0,0.0,0.0,25160.0,1480.0
2025-08,11464,"MSI Cyborg 15 A13VE-2453PHNN 15.6"" FHD IPS 144Hz Intel Core i5-13420H/8GB DDR5-5200/512GB NVMe SSD PCIe Gen4/RTX 4050 6GD6/Win11 Laptop",LAPTOP GA2,3.0,176985.0,0.0,0.0,176985.0,58995.0
2025-08,10304,"Gigabyte Gaming A16 3THK3PH893SH 16.0"" WUXGA 165Hz Ryzen7-260/16GB DDR5/512GB 2x M.2 SSD/ RTX 5050 8GD7/Win11 Laptop",LAPTOP GA3,1.0,68995.0,0.0,0.0,68995.0,68995.0
2025-08,11552,"Asus Vivobook Go 15 E1504FA-BQ5585WSM 15.6""FHD IPS Ryzen 5-40/8GB LPDDR5/512GB M.2 NVMe PCIe 3.0 SSD/Win11 Laptop + HS M365",LAPTOP PR2,1.0,39995.0,0.0,0.0,39995.0,39995.0
2025-08,11461,"MSI Modern 14 F1MG-887PHNN 14.0""FHD IPS Intel Core 7 150U/8GB+8GB DDR4-3200/512GB*1 NVMe SSD PCIe Gen4/Win11 Laptop + OFC + Laptop Bag",LAPTOP PR3,1.0,53995.0,0.0,0.0,53995.0,53995.0
2025-08,11550,"Lenovo V15 G5 IRL 15.6"" Intel Core i5-13420H/16GB DDR5/512GB SSD Laptop/Win11 Laptop SE + Laptop Bag",LAPTOP PR3,1.0,44995.0,0.0,0.0,44995.0,44995.0
2025-08,10286,Lexar LD5S16G56C46ST-BGS 16GB 5600Mhz DDR5 Sodimm Memory,MEMORY,20.0,312000.0,0.0,0.0,312000.0,15600.0
2025-08,10789,Teamgroup Vulcan 16GB 8GBx2 6000Mhz CL38 DDR5 Memory,MEMORY,12.0,174000.0,0.0,0.0,174000.0,14500.0
2025-08,10905,Lexar Ares 8GB LD4U08G32C16LA-RGS 3200Mhz DDR4 RGB Memory Black,MEMORY,10.0,42500.0,0.0,0.0,42500.0,4250.0
2025-08,11052,Biostar Storming V 8GB 3200Mhz DDR4 Memory,MEMORY,19.0,78850.0,0.0,0.0,78850.0,4150.0
2025-08,11185,Crucial 16GB CT16G4SFRA32A 3200Mhz DDR4 Sodimm,MEMORY,19.0,156750.0,0.0,0.0,156750.0,8250.0
2025-08,11327,HKC PC 16gb 3200mhz DDR4 with Heatsink Memory Black,MEMORY,20.0,123900.0,0.0,0.0,123900.0,6195.0
2025-08,11444,FASPEED 8GB 3200Mhz DDR4 with Heatsink Memory,MEMORY,17.0,53550.0,0.0,0.0,53550.0,3150.0
2025-08,11450,HKC PC 8gb 3200mhz DDR4 with Heatsink Memory Black,MEMORY,13.0,44850.0,0.0,0.0,44850.0,3450.0
2025-08,11548,Hiksemi Future 16GB (16x1) HSC516U56C2 5600Mhz CL38 DDR5 Memory Black,MEMORY,21.0,314895.0,0.0,0.0,314895.0,14995.0
2025-08,1372,Ramsta 4gb 1x4 2666mhz Ddr4 Memory,MEMORY,16.0,8000.0,0.0,0.0,8000.0,500.0
2025-08,2489,Ramsta 4gb 1x4 2666mhz Ddr4 Sodimm Memory,MEMORY,25.0,10000.0,0.0,0.0,10000.0,400.0
2025-08,3150,Team Elite TForce Delta 16gb 2x8 3600mhz Ddr4 RGB Memory Black,MEMORY,20.0,183000.0,0.0,0.0,183000.0,9150.0
2025-08,3151,Team Elite TForce Delta 16gb 2x8 3600mhz Ddr4 RGB Memory White,MEMORY,18.0,164700.0,0.0,0.0,164700.0,9150.0
2025-08,4055,Team Elite Plus 8gb 1x8 3200Mhz Ddr4 Memory Black Gold,MEMORY,16.0,76000.0,0.0,0.0,76000.0,4750.0
2025-08,9324,KINGBANK 16GB 1x16 3200mhz DDR4 with Heatsink Memory Silver,MEMORY,18.0,134100.0,0.0,0.0,134100.0,7450.0
2025-08,11448,Y5Pro Intel Core i5 8250U / 16GB DDr4 / 512GB SSD / WIFI 5 DUAL / 4* USB 3.0 / 2* HDMI 2.0 / 1* RJ45 1000Mbps / 1* Type-C / Windows 11 Pro Mini PC,MINI PC,2.0,41900.0,0.0,0.0,41900.0,20950.0
2025-08,11579,Y5Plus Intel Core i7 4650U / 8GB DDr3 / 128GB SSD / WIFI 5 DUAL / 4* USB 3.0 / 2* HDMI 2.0 / 1* RJ45 1000Mbps / 1* Type-C / Windows 11 Pro Mini PC,MINI PC,1.0,9950.0,0.0,0.0,9950.0,9950.0
2025-08,10295,Asus B650M-AYW Wifi DDR5 AMD Motherboard,MOTHERBOARD,10.0,72950.0,0.0,0.0,72950.0,7295.0
2025-08,10296,Asus Prime A520M-K/CSM AM4 AMD Motherboard,MOTHERBOARD,16.0,52720.0,0.0,0.0,52720.0,3295.0
2025-08,10647,ASUS PRIME B850M-A WIFI-CSM Socket AM5 DDR5 Motherboard,MOTHERBOARD,23.0,264385.0,0.0,0.0,264385.0,11495.0
2025-08,10675,MSI B650M GAMING WIFI AM5 DDR5 Motherboard,MOTHERBOARD,14.0,103530.0,0.0,0.0,103530.0,7395.0
2025-08,11556,Gigabyte B550M-K Socket Am4 Ddr4 Motherboard,MOTHERBOARD,17.0,84150.0,0.0,0.0,84150.0,4950.0
2025-08,11558,Asus B760M-AYW WIFI Socket LGA 1700 Ddr4 Motherboard,MOTHERBOARD,15.0,140250.0,0.0,0.0,140250.0,9350.0
2025-08,11593,Gigabyte B860M GAMING X WIFI6E LGA1851 Socket Ddr5 Motherboard,MOTHERBOARD,10.0,120950.0,0.0,0.0,120950.0,12095.0
2025-08,2756,MSI B550M Pro VDH Wifi Socket Am4 Ddr4 Motherboard,MOTHERBOARD,15.0,95250.0,0.0,0.0,95250.0,6350.0
2025-08,3367,MSI A520m-A Pro Socket Am4 Ddr4 Motherboard,MOTHERBOARD,12.0,39000.0,0.0,0.0,39000.0,3250.0
2025-08,4492,Asus Prime B550M-A Wifi II Socket Am4 Ddr4 Gaming Motherboard,MOTHERBOARD,12.0,77400.0,0.0,0.0,77400.0,6450.0
2025-08,7615,MSI B650M Project zero socket LGA AM5 DDR5 Motherboard,MOTHERBOARD,12.0,154200.0,0.0,0.0,154200.0,12850.0
2025-08,8617,Asrock A520M-HVS Socket Am4 DDR4 Motherboard,MOTHERBOARD,14.0,44100.0,0.0,0.0,44100.0,3150.0
2025-08,9385,Biostar A520MHP Socket Am4 DDR4 Motherboard,MOTHERBOARD,18.0,52110.0,0.0,0.0,52110.0,2895.0
2025-08,9759,MSI PRO X870-P WIFI Ddr5 AM5 Motherboard,MOTHERBOARD,13.0,233350.0,0.0,0.0,233350.0,17950.0
2025-08,9879,MSI B550M-A PRO Socket Am4 Ddr4 Motherboard,MOTHERBOARD,14.0,65100.0,0.0,0.0,65100.0,4650.0
2025-08,9970,Asus Prime B550M-K ARGB Socket Am4 Ddr4 Motherboard,MOTHERBOARD,16.0,77600.0,0.0,0.0,77600.0,4850.0
2025-08,10488,RAKK DASIG X3 Ambidextrous Hotswap Trimode PAW3311 Huano 80M RGB Gaming Mouse Black,MOUSE,7.0,6965.0,0.0,0.0,6965.0,995.0
2025-08,10489,RAKK DASIG X3 Ambidextrous Hotswap Trimode PAW3311 Huano 80M RGB Gaming Mouse White,MOUSE,14.0,13930.0,0.0,0.0,13930.0,995.0
2025-08,10776,RAKK TALAN AERO X PAW3395 8K Polling Omron Optical Trimode Lightweight 55g Gaming Mouse Black,MOUSE,12.0,26340.0,0.0,0.0,26340.0,2195.0
2025-08,10994,Logitech G 502X Wired Gaming Mouse White,MOUSE,9.0,27855.0,0.0,0.0,27855.0,3095.0
2025-08,3513,Logitech G102 Lightsync Gaming Mouse Black,MOUSE,9.0,8370.0,0.0,0.0,8370.0,930.0
2025-08,3700,Logitech G102 Lightsync Gaming Mouse White,MOUSE,8.0,7440.0,0.0,0.0,7440.0,930.0
2025-08,9299,RAKK DASIG LITE Huano Switch RGB Gaming Mouse,MOUSE,9.0,2520.0,0.0,0.0,2520.0,280.0
2025-08,11172,DITO Home WoWFi Lite 4G WiFi Router,NETWORK DEVICE,9.0,8820.0,0.0,0.0,8820.0,980.0
2025-08,11173,DITO Home WoWFi Pro 5G WiFi Router,NETWORK DEVICE,2.0,2980.0,0.0,0.0,2980.0,1490.0
2025-08,11356,TP-Link Archer BE220 Dual Band Wi-Fi 7 Router,NETWORK DEVICE,2.0,4500.0,0.0,0.0,4500.0,2250.0
2025-08,11460,ASUS RT-BE50 BE3600 Dual Band WiFi 7 Router,NETWORK DEVICE,3.0,8985.0,0.0,0.0,8985.0,2995.0
2025-08,130,Tp-Link TL-WA901ND Wireless N Access Point,NETWORK DEVICE,3.0,5682.0,0.0,0.0,5682.0,1894.0
2025-08,1693,TP-Link TL-WR820N 300Mbps Multimode Wi-Fi Router,NETWORK DEVICE,1.0,490.0,0.0,0.0,490.0,490.0
2025-08,10146,MSI PANO 110R PZ Mid Tower Gaming PC Case Black,PC CASE,10.0,42000.0,0.0,0.0,42000.0,4200.0
2025-08,10518,NZXT H6 Flow CC-H61FW-01 Tempered Glass ATX PC Case White,PC CASE,20.0,87000.0,0.0,0.0,87000.0,4350.0
2025-08,10519,NZXT H7 Flow (2024) CM-H72FW-01 ATX PC Case White,PC CASE,14.0,65100.0,0.0,0.0,65100.0,4650.0
2025-08,10520,NZXT H7 Flow RGB (2024) CM-H72FB-R1 ATX PC Case Black,PC CASE,10.0,43500.0,0.0,0.0,43500.0,4350.0
2025-08,10668,CoolerMaster Elite 302 ARGB Micro ATX PC Case Black,PC CASE,18.0,53910.0,0.0,0.0,53910.0,2995.0
2025-08,10808,MSI PAG PANO M110A ARGB Micro ATX PC Case Black,PC CASE,16.0,39200.0,0.0,0.0,39200.0,2450.0
2025-08,10828,DarkFlash Floatron F1 Micro ATX PC Case Black & White,PC CASE,17.0,67915.0,0.0,0.0,67915.0,3995.0
2025-08,10928,CoolerMaster Qube 540 Moonstone ATX PC Case,PC CASE,10.0,39950.0,0.0,0.0,39950.0,3995.0
2025-08,10963,CoolerMaster Elite 600 ARGB ATX Mid Tower PC Case Black,PC CASE,8.0,42800.0,0.0,0.0,42800.0,5350.0
2025-08,10972,Asus A31 Tempered Glass Mid Tower ATX PC Case White,PC CASE,4.0,13600.0,0.0,0.0,13600.0,3400.0
2025-08,11002,RAKK TANAN MATX Tempered Glass with PSU and Fans,PC CASE,9.0,11655.0,0.0,0.0,11655.0,1295.0
2025-08,11068,DarkFlash M305 with 3 RGB Fan Micro ATX Tempered Glass Gaming PC Case Black,PC CASE,7.0,9765.0,0.0,0.0,9765.0,1395.0
2025-08,11102,YGT Mars 9 Micro ATX PC Case with PSU Black,PC CASE,15.0,11925.0,0.0,0.0,11925.0,795.0
2025-08,11131,Asus A21 Tempered Glass Micro ATX PC Case Black,PC CASE,7.0,20965.0,0.0,0.0,20965.0,2995.0
2025-08,11306,Gamdias Aura GC10 v2 ARGB Dual Chamber Micro ATX PC Case Black,PC CASE,7.0,17465.0,0.0,0.0,17465.0,2495.0
2025-08,11406,Cougar MX110 RGB Mid Tower Tempered Glass ATX PC Case Black,PC CASE,6.0,14100.0,0.0,0.0,14100.0,2350.0
2025-08,11546,YGT 420B Micro ATX PC Case Black,PC CASE,15.0,18750.0,0.0,0.0,18750.0,1250.0
2025-08,6579,InPlay Wind 01 Acrylic Side Panel Micro ATX PC Case,PC CASE,7.0,0.0,0.0,0.0,0.0,0.0
2025-08,7367,MSI MAG Forge M100A Auto RGB Micro ATX PC Case Black,PC CASE,9.0,19710.0,0.0,0.0,19710.0,2190.0
2025-08,9897,YGT V100 Micro ATX PC Case with PSU White,PC CASE,7.0,6230.0,0.0,0.0,6230.0,890.0
2025-08,9973,MSI MAG PANO 100R Project Zero Micro ATX PC Case Black,PC CASE,11.0,73150.0,0.0,0.0,73150.0,6650.0
2025-08,10052,Asus Prime 650W 80+ Bronze Power Supply,POWER SUPPLY,14.0,51100.0,0.0,0.0,51100.0,3650.0
2025-08,10208,Asus Prime AP-850W 80+ Gold Full Modular Power Supply,POWER SUPPLY,12.0,89940.0,0.0,0.0,89940.0,7495.0
2025-08,10376,ASRock Pro-650B 650W 80+ Bronze Non-Modular ATX 3.1 Power Supply,POWER SUPPLY,20.0,53000.0,0.0,0.0,53000.0,2650.0
2025-08,10679,ASRock Steel Legend SL-1000G 1000W 80+ Gold Cybenetics Gold ATX 3.1 Full Modular Power Supply,POWER SUPPLY,18.0,170100.0,0.0,0.0,170100.0,9450.0
2025-08,11266,Acer AC-500 500W Non-Modular 80+ Bronze Power Supply Black,POWER SUPPLY,12.0,15000.0,0.0,0.0,15000.0,1250.0
2025-08,11267,Acer AC-650 650W Non-Modular 80+ Bronze Power Supply Black,POWER SUPPLY,12.0,21468.0,0.0,0.0,21468.0,1789.0
2025-08,11332,Acer AC-750 750W Non-Modular 80+ Bronze Power Supply Black,POWER SUPPLY,11.0,23100.0,0.0,0.0,23100.0,2100.0
2025-08,176,Intelligent 700 watts Power Supply,POWER SUPPLY,12.0,5400.0,0.0,0.0,5400.0,450.0
2025-08,4079,MSI MAG A650BN 650Watts 80+ Non-Modular Power Supply Bronze,POWER SUPPLY,13.0,42835.0,0.0,0.0,42835.0,3295.0
2025-08,4080,MSI MAG A550BN 550Watts 80+ Non-Modular Power Supply Bronze,POWER SUPPLY,8.0,22840.0,0.0,0.0,22840.0,2855.0
2025-08,6242,MSI MAG A600DN 600W 80+ Power Supply,POWER SUPPLY,13.0,35945.0,0.0,0.0,35945.0,2765.0
2025-08,7838,MSI MAG A850GL 850Watts PCIE5 80+ Full Modular Power Supply Gold Black,POWER SUPPLY,17.0,122910.0,0.0,0.0,122910.0,7230.0
2025-08,8542,Acer AC-550 550w Full Modular 80plus Bronze Power Supply,POWER SUPPLY,10.0,14350.0,0.0,0.0,14350.0,1435.0
2025-08,8543,Acer AC-650 650w Full Modular  80plus Bronze Power Supply,POWER SUPPLY,14.0,28770.0,0.0,0.0,28770.0,2055.0
2025-08,9703,CoolerMaster MWE 650W V3 (MPE-6501-ACABW-3BUS) 80+ Bronze ATX 3.1 Power Supply,POWER SUPPLY,11.0,41910.0,0.0,0.0,41910.0,3810.0
2025-08,9938,CoolerMaster MWE 750W V3 (MPE-7501-ACABW-3BUS) 80+ Bronze ATX 3.1 Power Supply,POWER SUPPLY,21.0,90678.0,0.0,0.0,90678.0,4318.0
2025-08,11598,Epson L3310 Multi Functional Integrated Ink Tank Printer,PRINTER AND SCANNER,1.0,9050.0,0.0,0.0,9050.0,9050.0
2025-08,11599,Epson L3350 Wi-Fi Multi Functional Integrated Ink Tank Printer,PRINTER AND SCANNER,2.0,21060.0,0.0,0.0,21060.0,10530.0
2025-08,3940,Epson L121 Ink Tank Printer,PRINTER AND SCANNER,1.0,5450.0,0.0,0.0,5450.0,5450.0
2025-08,4804,Canon Pixma MG3070S Compact Wireless All-In-One Printer,PRINTER AND SCANNER,2.0,6850.0,0.0,0.0,6850.0,3425.0
2025-08,10057,AMD Ryzen 9 9900X 4.4GHz AM5 Socket DDR5 Processor TTP,PROCESSOR,7.0,174650.0,0.0,0.0,174650.0,24950.0
2025-08,10102,AMD Ryzen 7 7700 Socket AM5 3.8GHz Processor MPK,PROCESSOR,17.0,203150.0,0.0,0.0,203150.0,11950.0
2025-08,10110,AMD Ryzen 5 5500GT 3.6GHz AM4 Socket DDR4 Processor MPK,PROCESSOR,11.0,89045.0,0.0,0.0,89045.0,8095.0
2025-08,10911,Intel Core i9-14900K Raptor Lake Socket LGA 1700 3.20GHz Processor MPK,PROCESSOR,13.0,415350.0,0.0,0.0,415350.0,31950.0
2025-08,10938,AMD Ryzen 5 8400F 4.2GHz AM5 Socket DDR5 Processor MPK,PROCESSOR,16.0,143200.0,0.0,0.0,143200.0,8950.0
2025-08,11064,AMD Ryzen 5 3400g 3.7ghz AM4 Socket DDR4 Processor MPK,PROCESSOR,19.0,72105.0,0.0,0.0,72105.0,3795.0
2025-08,11065,AMD Ryzen 7 8700F 4.1ghz AM5 Socket DDR5 Processor MPK,PROCESSOR,11.0,103950.0,0.0,0.0,103950.0,9450.0
2025-08,11592,Intel Core Ultra 7 processor 270K Plus LGA 1851 5.5Ghz Processor,PROCESSOR,10.0,209500.0,0.0,0.0,209500.0,20950.0
2025-08,4513,AMD Ryzen 5 5600X Socket AM4 3.7GHz Processor with Wraith Stealth Cooler MPK,PROCESSOR,7.0,62650.0,0.0,0.0,62650.0,8950.0
2025-08,5640,AMD Ryzen 5 5500 Socket Am4 3.6GHz Processor with AMD wraith cooler MPK,PROCESSOR,13.0,67600.0,0.0,0.0,67600.0,5200.0
2025-08,5663,AMD Ryzen 5 5600 Socket Am4 3.5GHz Processor with Wraith stealth cooler MPK,PROCESSOR,9.0,64800.0,0.0,0.0,64800.0,7200.0
2025-08,7098,AMD Ryzen 7 5700G Socket Am4 3.8GHz with Radeon Vega 8 wraith stealth cooler Processor MPK,PROCESSOR,14.0,171500.0,0.0,0.0,171500.0,12250.0
2025-08,7929,AMD Ryzen 7 5700X Socket AM4 3.4GHz Processor with AMD Wraith Stealth cooler MPK,PROCESSOR,14.0,139300.0,0.0,0.0,139300.0,9950.0
2025-08,8432,AMD Ryzen 3 3200g PRO Socket Am4 3.6ghz with Radeon Vega 8 Processor MPK,PROCESSOR,14.0,47530.0,0.0,0.0,47530.0,3395.0
2025-08,9608,AMD RYZEN 7 7800X3D Socket AM5 D5 5.0ghz with Radeon Graphics processor TTP,PROCESSOR,13.0,239850.0,0.0,0.0,239850.0,18450.0
2025-08,9614,AMD RYZEN 7 9800X3D Socket AM5 D5 5.2ghz with Radeon Graphics processor,PROCESSOR,12.0,335400.0,0.0,0.0,335400.0,27950.0
2025-08,9776,AMD Ryzen 5 5600GT 3.6GHz AM4 Socket DDR4 Processor MPK,PROCESSOR,12.0,110340.0,0.0,0.0,110340.0,9195.0
2025-08,9841,Intel Core i5-14400 4.7GHz LGA 1700 Processor MPK,PROCESSOR,13.0,155350.0,0.0,0.0,155350.0,11950.0
2025-08,10697,Lexar NQ100 256GB Solid State Drive SATA 2.5,SOLID STATE DRIVE,26.0,103870.0,0.0,0.0,103870.0,3995.0
2025-08,10797,Lexar NM620 1TB M.2 NVME Solid State Drive,SOLID STATE DRIVE,20.0,162000.0,0.0,0.0,162000.0,8100.0
2025-08,10804,Team Group MP33 512GB M.2 PCIe Gen3.0 x4 NVME 1.3 Solid State Drive,SOLID STATE DRIVE,26.0,162500.0,0.0,0.0,162500.0,6250.0
2025-08,11148,Teamgroup T-Force GA Pro 1TB NVMe M.2 Gen 5 Solid State Drive,SOLID STATE DRIVE,21.0,227850.0,0.0,0.0,227850.0,10850.0
2025-08,11152,Hiksemi Wave S 256B SATA 2.5 Solid State Drive,SOLID STATE DRIVE,22.0,73700.0,0.0,0.0,73700.0,3350.0
2025-08,11269,Hiksemi Wave P 256GB PCIE Gen3 M.2 Solid State Drive,SOLID STATE DRIVE,20.0,69900.0,0.0,0.0,69900.0,3495.0
2025-08,11323,ESGaming 512GB SATA 2.5 Solid State Drive,SOLID STATE DRIVE,22.0,96690.0,0.0,0.0,96690.0,4395.0
2025-08,11577,Apacer AS2280P4 512GB PCIe Gen 3x4 M.2 NVMe Solid State Drive,SOLID STATE DRIVE,33.0,174735.0,0.0,0.0,174735.0,5295.0
2025-08,1681,Team Group GX2 Solid State Drive 256gb SATA 2.5,SOLID STATE DRIVE,21.0,72450.0,0.0,0.0,72450.0,3450.0
2025-08,1909,Lexar NS10 Lite Solid State Drive 120gb SATA 2.5,SOLID STATE DRIVE,18.0,26100.0,0.0,0.0,26100.0,1450.0
2025-08,6856,Team Group MP33 256GB M.2 PCIe NVME Solid State Drive,SOLID STATE DRIVE,20.0,67000.0,0.0,0.0,67000.0,3350.0
2025-08,6936,Adata SU650 Solid State Drive 512GB SATA 2.5,SOLID STATE DRIVE,25.0,124875.0,0.0,0.0,124875.0,4995.0
2025-08,10832,"ORTIZAN C7 Dual-Mode 2.0 Studio Monitors, Active Monitor Speakers, Black",SPEAKER,1.0,3195.0,0.0,0.0,3195.0,3195.0
2025-08,10856,Edifier ES20 Portable Bluetooth Speaker Ivory,SPEAKER,2.0,3370.0,0.0,0.0,3370.0,1685.0
2025-08,10870,InPlay MS002 Mini Speaker Black,SPEAKER,1.0,210.0,0.0,0.0,210.0,210.0
2025-08,503,Edifier R12U Usb Powered Speaker Black,SPEAKER,2.0,1900.0,0.0,0.0,1900.0,950.0
2025-08,2991,APC Back-Ups BVX650I-PH 360 Watts 650va with Avr Universal Sockets Ups,UPS & AVR,7.0,15400.0,0.0,0.0,15400.0,2200.0
2025-08,36,Secure 220v Avr,UPS & AVR,9.0,2250.0,0.0,0.0,2250.0,250.0
2025-08,454,Secure 650va Ups,UPS & AVR,6.0,8700.0,0.0,0.0,8700.0,1450.0
2025-09,6252,RAKK SINAG98 Polycarbonate Case,ACCESSORIES,1.0,1.0,0.0,0.0,1.0,1.0
2025-09,645,PwS03+ External Power Switch and Usb Hub Desktop,ACCESSORIES,1.0,50.0,0.0,0.0,50.0,50.0
2025-09,10653,RAKK Matik USB Gaming Headset LED Illuminated,AUDIO,7.0,2205.0,0.0,0.0,2205.0,315.0
2025-09,10952,EPOS Sennheiser Impact SC 260 ED Headset,AUDIO,1.0,1320.0,0.0,0.0,1320.0,1320.0
2025-09,10991,Logitech G PRO X Wired 7.1 Gaming Headset,AUDIO,7.0,31850.0,0.0,0.0,31850.0,4550.0
2025-09,10993,Logitech G PRO X Wired 7.1 Gaming Headset (League of Legends Edition),AUDIO,3.0,13650.0,0.0,0.0,13650.0,4550.0
2025-09,11507,Accutone UB210 Noise Cancelling Headset Black,AUDIO,4.0,6200.0,0.0,0.0,6200.0,1550.0
2025-09,11508,Accutone Sonar 280 Wireless & Wired Noise Cancelling Headset Black,AUDIO,2.0,4120.0,0.0,0.0,4120.0,2060.0
2025-09,11509,Accutone Converse 95 Noise Cancelling Headset Black,AUDIO,5.0,11600.0,0.0,0.0,11600.0,2320.0
2025-09,11510,Accutone Nexus 2000 MagSafe Speaker Blue,AUDIO,2.0,2500.0,0.0,0.0,2500.0,1250.0
2025-09,11511,Accutone Nexus 2000 MagSafe Speaker Gray,AUDIO,1.0,1250.0,0.0,0.0,1250.0,1250.0
2025-09,11512,Accutone Nexus 2000 MagSafe Speaker Pink,AUDIO,3.0,3750.0,0.0,0.0,3750.0,1250.0
2025-09,11612,Accutone UB101 Stereo USB Headset Black,AUDIO,7.0,2415.0,0.0,0.0,2415.0,345.0
2025-09,7652,RAKK SONIDO 7.1 Virtual Surround RGB Gaming Headset USB Black,AUDIO,3.0,2985.0,0.0,0.0,2985.0,995.0
2025-09,8581,Edifier W820NB Plus Active Noice Cancellation Bluetooth Stereo Wireless Headset Ivory,AUDIO,2.0,3700.0,0.0,0.0,3700.0,1850.0
2025-09,7824,Hikvision E-HWID 2.8MM Eco-HiWatch 2.mm IR Dome E-HWID,CAMERA,6.0,8700.0,0.0,0.0,8700.0,1450.0
2025-09,78,A4Tech KRS-8572 Usb Keyboard and Mouse Black,COMBO,46.0,23460.0,0.0,0.0,23460.0,510.0
2025-09,9301,RAKK APTAS ILLUMINATED / Membrane Keyboard and Mouse / No software / Rainbow lighting / Black,COMBO,35.0,9975.0,0.0,0.0,9975.0,285.0
2025-09,10370,DarkFlash Infinity 34 3in1 ARGB Chassis Fan Black,COOLING,7.0,8050.0,0.0,0.0,8050.0,1150.0
2025-09,10373,DarkFlash Infinity 34 Single ARGB Chassis Fan White,COOLING,8.0,3360.0,0.0,0.0,3360.0,420.0
2025-09,10386,MSI MAG COREFROZR AA13 ARGB CPU Air Cooler black,COOLING,10.0,11950.0,0.0,0.0,11950.0,1195.0
2025-09,10590,YGT Cyber-120IFB 3in1 ARGB Chassis Fan Black,COOLING,5.0,2750.0,0.0,0.0,2750.0,550.0
2025-09,10743,NZXT F120 RGB Duo Triple Pack (RF-D12TF-W1) with RGB Controller Chassis Fan White,COOLING,4.0,6000.0,0.0,0.0,6000.0,1500.0
2025-09,10839,CoolerMaster Hyper 212 3DHP ARGB CPU Air Cooler Black,COOLING,14.0,19530.0,0.0,0.0,19530.0,1395.0
2025-09,10858,DarkFlash E400 Plus Matrix Display CPU Air Cooler White,COOLING,15.0,24750.0,0.0,0.0,24750.0,1650.0
2025-09,10930,CoolerMaster MasterLiquid 240L Core Liquid Cooling Black,COOLING,9.0,33300.0,0.0,0.0,33300.0,3700.0
2025-09,10966,CoolerMaster V4 Alpha 3DHP CPU Air Cooler Black,COOLING,13.0,24635.0,0.0,0.0,24635.0,1895.0
2025-09,10990,BeQuiet Silent Wings 4 (BL094) 120mm PWM High Speed Single Chassis Fan Black,COOLING,10.0,12000.0,0.0,0.0,12000.0,1200.0
2025-09,11005,Asus AR120 ARGB PWM Single Chassis Fan Black,COOLING,10.0,1500.0,0.0,0.0,1500.0,150.0
2025-09,11159,Jungle Leopard Chill Arc 360mm ARGB Liquid Cooling Black,COOLING,10.0,109500.0,0.0,0.0,109500.0,10950.0
2025-09,11160,Jungle Leopard Chill Arc 360mm ARGB Liquid Cooling White,COOLING,9.0,101655.0,0.0,0.0,101655.0,11295.0
2025-09,11216,CoolerMaster MasterLiquid Core Nex 360 ARGB CPU Liquid Cooler Black,COOLING,9.0,40050.0,0.0,0.0,40050.0,4450.0
2025-09,6174,Deepcool TW-003 CPU Air Cooler,COOLING,11.0,4400.0,0.0,0.0,4400.0,400.0
2025-09,7,AMD Stock Heatsink Fan,COOLING,5.0,700.0,0.0,0.0,700.0,140.0
2025-09,7501,DarkFlash DM12 F Single ARGB Chassis Fan Black,COOLING,10.0,2350.0,0.0,0.0,2350.0,235.0
2025-09,7502,DarkFlash DM12 F Single ARGB Chassis Fan White,COOLING,10.0,2850.0,0.0,0.0,2850.0,285.0
2025-09,7505,DarkFlash Infinity24 Single ARGB Chassis Fan Black,COOLING,15.0,4275.0,0.0,0.0,4275.0,285.0
2025-09,9737,MSI MAG Coreliquid A13 240 CPU Liquid Cooler Black,COOLING,8.0,29200.0,0.0,0.0,29200.0,3650.0
2025-09,9835,MSI MAG Coreliquid A13 360 CPU Liquid Cooler Black,COOLING,12.0,51360.0,0.0,0.0,51360.0,4280.0
2025-09,9836,MSI MAG Coreliquid A13 360 CPU Liquid Cooler White,COOLING,8.0,33120.0,0.0,0.0,33120.0,4140.0
2025-09,10425,"ViewSonic VA24G1-H 24"" FHD 144Hz IPS Monitor",DISPLAY,9.0,37350.0,0.0,0.0,37350.0,4150.0
2025-09,10540,"ASUS ROG Strix XG27ACMES 27"" QHD 255Hz-OC Fast IPS Monitor",DISPLAY,11.0,175945.0,0.0,0.0,175945.0,15995.0
2025-09,10711,"ASUS TUF Gaming Series 5 VG259QMR5A 24.5"" FHD 310Hz(OC) Fast-IPS Monitor",DISPLAY,10.0,94950.0,0.0,0.0,94950.0,9495.0
2025-09,10836,"AOC 24G11ZE 23.8"" 240Hz OC FHD Fast IPS Monitor",DISPLAY,7.0,46165.0,0.0,0.0,46165.0,6595.0
2025-09,10918,"Philips 24E2G2200 23.8"" 144Hz IPS FHD Monitor",DISPLAY,9.0,37755.0,0.0,0.0,37755.0,4195.0
2025-09,10919,"Philips 27E2G2200 27"" 144Hz IPS FHD Monitor",DISPLAY,6.0,35970.0,0.0,0.0,35970.0,5995.0
2025-09,10940,"MSI MAG 245F X24 23.8"" 240Hz FHD Rapid IPS Monitor",DISPLAY,8.0,51600.0,0.0,0.0,51600.0,6450.0
2025-09,10941,"MSI MAG 272F X24 27"" 240Hz FHD Rapid IPS Monitor",DISPLAY,12.0,107400.0,0.0,0.0,107400.0,8950.0
2025-09,11074,"AOC 24B36XE 23.8"" FHD 144Hz IPS Monitor",DISPLAY,4.0,17000.0,0.0,0.0,17000.0,4250.0
2025-09,11127,"Nvision N2455GT-B 23.8"" FHD 144Hz IPS Monitor",DISPLAY,11.0,43450.0,0.0,0.0,43450.0,3950.0
2025-09,11151,"MSI MAG 275QF E20 27"" WQHD 200Hz Rapid IPS Monitor",DISPLAY,10.0,115000.0,0.0,0.0,115000.0,11500.0
2025-09,11208,"Gamdias Atlas HD24IF IV 23.8"" 240Hz FHD Fast IPS Monitor Black",DISPLAY,2.0,11740.0,0.0,0.0,11740.0,5870.0
2025-09,11258,"AOC Q27G4SL/WS 27"" QHD 320Hz Fast IPS HDR 400 Monitor",DISPLAY,7.0,96600.0,0.0,0.0,96600.0,13800.0
2025-09,11472,"MSI PRO MP251 E14L 24.5"" 144HZ FHD IPS Monitor",DISPLAY,8.0,34600.0,0.0,0.0,34600.0,4325.0
2025-09,11473,"Asus TUF Gaming VG259QM5A 24.5"" 240Hz IPS Gaming Monitor",DISPLAY,4.0,31580.0,0.0,0.0,31580.0,7895.0
2025-09,11528,"LG 24U411A-B 23.8"" 120Hz FHD IPS Monitor",DISPLAY,9.0,32850.0,0.0,0.0,32850.0,3650.0
2025-09,7785,Nvision N190V8 19' LED Monitor,DISPLAY,11.0,18700.0,0.0,0.0,18700.0,1700.0
2025-09,7786,"Nvision N200V8 20"" LED Monitor",DISPLAY,12.0,20580.0,0.0,0.0,20580.0,1715.0
2025-09,8060,"Nvision H22V8 21.5"" LED Monitor",DISPLAY,10.0,22400.0,0.0,0.0,22400.0,2240.0
2025-09,9904,"Viewsonic VX2479A-HD-PRO 24"" 240Hz FHD 1MS MPRT IPS HDR10 Gaming Monitor",DISPLAY,10.0,63300.0,0.0,0.0,63300.0,6330.0
2025-09,11003,RAKK SUKOG LITE 800x400x3mm Mousepad Black,GAMING SURFACE,13.0,2470.0,0.0,0.0,2470.0,190.0
2025-09,10053,ASUS Dual Nvidia Geforce RTX 3050 OC Edition (DUAL-RTX3050-O6G) 6GB 96-bit GDRR6 Videocard,GRAPHIC CARD,10.0,144500.0,0.0,0.0,144500.0,14450.0
2025-09,10072,MSI Nvidia GeForce RTX 5060 VENTUS 2X OC (G5060-8V2C) 8GB 128-bit GDDR7 Videocard,GRAPHIC CARD,8.0,196000.0,0.0,0.0,196000.0,24500.0
2025-09,10080,Gigabyte Nvidia GeForce RTX 5060 AERO OC (GV-N5060AERO-OC-8GD) 8GB 128-bit GDDR7 Videocard,GRAPHIC CARD,5.0,128750.0,0.0,0.0,128750.0,25750.0
2025-09,10152,MSI GeForce RTX 5070 Ti VENTUS 3X OC (G507T-16V3C) 16GB 256-bit GDDR7 Videocard,GRAPHIC CARD,4.0,263800.0,0.0,0.0,263800.0,65950.0
2025-09,10155,ASUS DUAL GeForce RTX 5060 (DUAL-RTX5060-8G) 8GB 128-bit GDDR7 Videocard,GRAPHIC CARD,10.0,249500.0,0.0,0.0,249500.0,24950.0
2025-09,10206,ASUS Dual RX 7600 EVO OC Edition DUAL-RX7600-O8G-EVO 8GB 128-bit GDDR6 Videocard,GRAPHIC CARD,9.0,206550.0,0.0,0.0,206550.0,22950.0
2025-09,10207,ASUS Prime AMD Radeon RX 9060 XT OC (PRIME-RX9060XT-O16G) 16GB 128-Bit GDDR6 Videocard,GRAPHIC CARD,7.0,244650.0,0.0,0.0,244650.0,34950.0
2025-09,10225,MSI Nvidia GeForce RTX 5060 SHADOW 2X OC (G5060-8S2C) 8GB 128-bit GDDR7 Videocard,GRAPHIC CARD,4.0,99800.0,0.0,0.0,99800.0,24950.0
2025-09,10660,MSI Nvidia GeForce RTX 5050 VENTUS 2X OC (G5050-8V2C) 128-bit GDDR6 Videocard,GRAPHIC CARD,4.0,79800.0,0.0,0.0,79800.0,19950.0
2025-09,11557,ASUS DUAL Nvidia GeForce RTX 5060 Ti OC Edition (DUAL-RTX5060TI-O8G) 8GB 128-bit GDDR7 Videocard,GRAPHIC CARD,7.0,202650.0,0.0,0.0,202650.0,28950.0
2025-09,11591,MSI GeForce RTX 5060 Ventus 2X OC v1 (G5060-8V2CV1) 8GB 128-bit GDDR7 Videocard,GRAPHIC CARD,4.0,102600.0,0.0,0.0,102600.0,25650.0
2025-09,11636,Colorful Nvidia GeForce RTX 3050 6GB V4-V 96-bit GDDR6 Videocard,GRAPHIC CARD,10.0,122500.0,0.0,0.0,122500.0,12250.0
2025-09,8396,MSI GEFORCE RTX 3050 VENTUS 2X OC 6GB 96-bit DDR6 Videocard,GRAPHIC CARD,10.0,142000.0,0.0,0.0,142000.0,14200.0
2025-09,9396,Biostar Rx 580 VA5815RQ82 Dual Cooling Fan 8gb 256bit GDdr5 Gaming Videocard,GRAPHIC CARD,11.0,87450.0,0.0,0.0,87450.0,7950.0
2025-09,9883,Asus Prime AMD Radeon RX 9070 OC (PRIME-RX9070-O16G) 16GB 256-Bit GDDR6 Videocard,GRAPHIC CARD,11.0,527450.0,0.0,0.0,527450.0,47950.0
2025-09,9967,MSI Nvidia GeForce RTX 5070 VENTUS 2X OC 12GB 192-bit GDDR7 Videocard,GRAPHIC CARD,10.0,469500.0,0.0,0.0,469500.0,46950.0
2025-09,160,Seagate 1tb ST1000DM010 Harddisk Drive,HARD DISK,1.0,3450.0,0.0,0.0,3450.0,3450.0
2025-09,11573,Aula S75 Pro RGB Gaming Mechanical Wireless Tri-Mode Keyboard Gradient Pink,KEYBOARD,25.0,61250.0,0.0,0.0,61250.0,2450.0
2025-09,4285,Fantech MAXPOWER MK853 Mechanical Gaming Keyboard White - BLUE Switch,KEYBOARD,21.0,31080.0,0.0,0.0,31080.0,1480.0
2025-09,11464,"MSI Cyborg 15 A13VE-2453PHNN 15.6"" FHD IPS 144Hz Intel Core i5-13420H/8GB DDR5-5200/512GB NVMe SSD PCIe Gen4/RTX 4050 6GD6/Win11 Laptop",LAPTOP GA2,1.0,58995.0,0.0,0.0,58995.0,58995.0
2025-09,9998,"Gigabyte Gaming A16 CMHH2PH893SH 16.0"" WUXGA 165Hz Intel Core i5-13420H/16GB DDR5/512GB 2x M.2 SSD/ RTX 4050 6GB/Win11Laptop",LAPTOP GA2,4.0,251980.0,0.0,0.0,251980.0,62995.0
2025-09,11564,"Asus Vivobook 14 X1404VA-EB2200WSM 14.0"" FHD Intel Core 5 120U/8GB DDR5/512GB SSD/Win11 Laptop H&S+M365 + Laptop Bag",LAPTOP PR2,1.0,43995.0,0.0,0.0,43995.0,43995.0
2025-09,11583,"MSI Modern 14 F3HMG-039PHNN 14.0""FHD IPS Ryzen™ AI 5 330/8GB DDR5-5600/512GB*1 NVMe SSD PCIe Gen4/Win11 Laptop + OFC + Laptop Bag",LAPTOP PR2,1.0,47795.0,0.0,0.0,47795.0,47795.0
2025-09,11461,"MSI Modern 14 F1MG-887PHNN 14.0""FHD IPS Intel Core 7 150U/8GB+8GB DDR4-3200/512GB*1 NVMe SSD PCIe Gen4/Win11 Laptop + OFC + Laptop Bag",LAPTOP PR3,1.0,53995.0,0.0,0.0,53995.0,53995.0
2025-09,11527,"Lenovo V15 G4 ABP 15.6"" FHD Ryzen 7-7730U/8GB DDR4/512GB NVMe SSD/Win11 Pro Laptop SE",LAPTOP PR3,2.0,79990.0,0.0,0.0,79990.0,39995.0
2025-09,11550,"Lenovo V15 G5 IRL 15.6"" Intel Core i5-13420H/16GB DDR5/512GB SSD Laptop/Win11 Laptop SE + Laptop Bag",LAPTOP PR3,3.0,134985.0,0.0,0.0,134985.0,44995.0
2025-09,10286,Lexar LD5S16G56C46ST-BGS 16GB 5600Mhz DDR5 Sodimm Memory,MEMORY,23.0,358800.0,0.0,0.0,358800.0,15600.0
2025-09,10789,Teamgroup Vulcan 16GB 8GBx2 6000Mhz CL38 DDR5 Memory,MEMORY,15.0,217500.0,0.0,0.0,217500.0,14500.0
2025-09,10905,Lexar Ares 8GB LD4U08G32C16LA-RGS 3200Mhz DDR4 RGB Memory Black,MEMORY,16.0,68000.0,0.0,0.0,68000.0,4250.0
2025-09,11052,Biostar Storming V 8GB 3200Mhz DDR4 Memory,MEMORY,10.0,41500.0,0.0,0.0,41500.0,4150.0
2025-09,11185,Crucial 16GB CT16G4SFRA32A 3200Mhz DDR4 Sodimm,MEMORY,14.0,115500.0,0.0,0.0,115500.0,8250.0
2025-09,11327,HKC PC 16gb 3200mhz DDR4 with Heatsink Memory Black,MEMORY,9.0,55755.0,0.0,0.0,55755.0,6195.0
2025-09,11444,FASPEED 8GB 3200Mhz DDR4 with Heatsink Memory,MEMORY,21.0,66150.0,0.0,0.0,66150.0,3150.0
2025-09,11450,HKC PC 8gb 3200mhz DDR4 with Heatsink Memory Black,MEMORY,7.0,24150.0,0.0,0.0,24150.0,3450.0
2025-09,11548,Hiksemi Future 16GB (16x1) HSC516U56C2 5600Mhz CL38 DDR5 Memory Black,MEMORY,11.0,164945.0,0.0,0.0,164945.0,14995.0
2025-09,1372,Ramsta 4gb 1x4 2666mhz Ddr4 Memory,MEMORY,21.0,10500.0,0.0,0.0,10500.0,500.0
2025-09,2489,Ramsta 4gb 1x4 2666mhz Ddr4 Sodimm Memory,MEMORY,13.0,5200.0,0.0,0.0,5200.0,400.0
2025-09,3150,Team Elite TForce Delta 16gb 2x8 3600mhz Ddr4 RGB Memory Black,MEMORY,16.0,146400.0,0.0,0.0,146400.0,9150.0
2025-09,3151,Team Elite TForce Delta 16gb 2x8 3600mhz Ddr4 RGB Memory White,MEMORY,26.0,237900.0,0.0,0.0,237900.0,9150.0
2025-09,4055,Team Elite Plus 8gb 1x8 3200Mhz Ddr4 Memory Black Gold,MEMORY,17.0,80750.0,0.0,0.0,80750.0,4750.0
2025-09,9324,KINGBANK 16GB 1x16 3200mhz DDR4 with Heatsink Memory Silver,MEMORY,19.0,141550.0,0.0,0.0,141550.0,7450.0
2025-09,11579,Y5Plus Intel Core i7 4650U / 8GB DDr3 / 128GB SSD / WIFI 5 DUAL / 4* USB 3.0 / 2* HDMI 2.0 / 1* RJ45 1000Mbps / 1* Type-C / Windows 11 Pro Mini PC,MINI PC,3.0,29850.0,0.0,0.0,29850.0,9950.0
2025-09,9794,"Nvision A24K6-S-i704-1625 Intel i7-4700M 16GB 256GB SSD 23.8"" FHD IPS All in One PC",MINI PC,1.0,16950.0,0.0,0.0,16950.0,16950.0
2025-09,10295,Asus B650M-AYW Wifi DDR5 AMD Motherboard,MOTHERBOARD,8.0,58360.0,0.0,0.0,58360.0,7295.0
2025-09,10296,Asus Prime A520M-K/CSM AM4 AMD Motherboard,MOTHERBOARD,11.0,36245.0,0.0,0.0,36245.0,3295.0
2025-09,10647,ASUS PRIME B850M-A WIFI-CSM Socket AM5 DDR5 Motherboard,MOTHERBOARD,20.0,229900.0,0.0,0.0,229900.0,11495.0
2025-09,10675,MSI B650M GAMING WIFI AM5 DDR5 Motherboard,MOTHERBOARD,21.0,155295.0,0.0,0.0,155295.0,7395.0
2025-09,11556,Gigabyte B550M-K Socket Am4 Ddr4 Motherboard,MOTHERBOARD,8.0,39600.0,0.0,0.0,39600.0,4950.0
2025-09,11558,Asus B760M-AYW WIFI Socket LGA 1700 Ddr4 Motherboard,MOTHERBOARD,13.0,121550.0,0.0,0.0,121550.0,9350.0
2025-09,11593,Gigabyte B860M GAMING X WIFI6E LGA1851 Socket Ddr5 Motherboard,MOTHERBOARD,19.0,229805.0,0.0,0.0,229805.0,12095.0
2025-09,2756,MSI B550M Pro VDH Wifi Socket Am4 Ddr4 Motherboard,MOTHERBOARD,12.0,76200.0,0.0,0.0,76200.0,6350.0
2025-09,3367,MSI A520m-A Pro Socket Am4 Ddr4 Motherboard,MOTHERBOARD,5.0,16250.0,0.0,0.0,16250.0,3250.0
2025-09,4492,Asus Prime B550M-A Wifi II Socket Am4 Ddr4 Gaming Motherboard,MOTHERBOARD,14.0,90300.0,0.0,0.0,90300.0,6450.0
2025-09,7615,MSI B650M Project zero socket LGA AM5 DDR5 Motherboard,MOTHERBOARD,13.0,167050.0,0.0,0.0,167050.0,12850.0
2025-09,8617,Asrock A520M-HVS Socket Am4 DDR4 Motherboard,MOTHERBOARD,9.0,28350.0,0.0,0.0,28350.0,3150.0
2025-09,9385,Biostar A520MHP Socket Am4 DDR4 Motherboard,MOTHERBOARD,8.0,23160.0,0.0,0.0,23160.0,2895.0
2025-09,9759,MSI PRO X870-P WIFI Ddr5 AM5 Motherboard,MOTHERBOARD,8.0,143600.0,0.0,0.0,143600.0,17950.0
2025-09,9879,MSI B550M-A PRO Socket Am4 Ddr4 Motherboard,MOTHERBOARD,9.0,41850.0,0.0,0.0,41850.0,4650.0
2025-09,9970,Asus Prime B550M-K ARGB Socket Am4 Ddr4 Motherboard,MOTHERBOARD,10.0,48500.0,0.0,0.0,48500.0,4850.0
2025-09,10488,RAKK DASIG X3 Ambidextrous Hotswap Trimode PAW3311 Huano 80M RGB Gaming Mouse Black,MOUSE,9.0,8955.0,0.0,0.0,8955.0,995.0
2025-09,10489,RAKK DASIG X3 Ambidextrous Hotswap Trimode PAW3311 Huano 80M RGB Gaming Mouse White,MOUSE,10.0,9950.0,0.0,0.0,9950.0,995.0
2025-09,10776,RAKK TALAN AERO X PAW3395 8K Polling Omron Optical Trimode Lightweight 55g Gaming Mouse Black,MOUSE,11.0,24145.0,0.0,0.0,24145.0,2195.0
2025-09,10994,Logitech G 502X Wired Gaming Mouse White,MOUSE,5.0,15475.0,0.0,0.0,15475.0,3095.0
2025-09,3513,Logitech G102 Lightsync Gaming Mouse Black,MOUSE,10.0,9300.0,0.0,0.0,9300.0,930.0
2025-09,3700,Logitech G102 Lightsync Gaming Mouse White,MOUSE,7.0,6510.0,0.0,0.0,6510.0,930.0
2025-09,9299,RAKK DASIG LITE Huano Switch RGB Gaming Mouse,MOUSE,4.0,1120.0,0.0,0.0,1120.0,280.0
2025-09,11172,DITO Home WoWFi Lite 4G WiFi Router,NETWORK DEVICE,6.0,5880.0,0.0,0.0,5880.0,980.0
2025-09,11173,DITO Home WoWFi Pro 5G WiFi Router,NETWORK DEVICE,2.0,2980.0,0.0,0.0,2980.0,1490.0
2025-09,11356,TP-Link Archer BE220 Dual Band Wi-Fi 7 Router,NETWORK DEVICE,2.0,4500.0,0.0,0.0,4500.0,2250.0
2025-09,11460,ASUS RT-BE50 BE3600 Dual Band WiFi 7 Router,NETWORK DEVICE,5.0,14975.0,0.0,0.0,14975.0,2995.0
2025-09,130,Tp-Link TL-WA901ND Wireless N Access Point,NETWORK DEVICE,1.0,1894.0,0.0,0.0,1894.0,1894.0
2025-09,1693,TP-Link TL-WR820N 300Mbps Multimode Wi-Fi Router,NETWORK DEVICE,3.0,1470.0,0.0,0.0,1470.0,490.0
2025-09,10146,MSI PANO 110R PZ Mid Tower Gaming PC Case Black,PC CASE,11.0,46200.0,0.0,0.0,46200.0,4200.0
2025-09,10518,NZXT H6 Flow CC-H61FW-01 Tempered Glass ATX PC Case White,PC CASE,8.0,34800.0,0.0,0.0,34800.0,4350.0
2025-09,10519,NZXT H7 Flow (2024) CM-H72FW-01 ATX PC Case White,PC CASE,19.0,88350.0,0.0,0.0,88350.0,4650.0
2025-09,10520,NZXT H7 Flow RGB (2024) CM-H72FB-R1 ATX PC Case Black,PC CASE,13.0,56550.0,0.0,0.0,56550.0,4350.0
2025-09,10668,CoolerMaster Elite 302 ARGB Micro ATX PC Case Black,PC CASE,15.0,44925.0,0.0,0.0,44925.0,2995.0
2025-09,10808,MSI PAG PANO M110A ARGB Micro ATX PC Case Black,PC CASE,11.0,26950.0,0.0,0.0,26950.0,2450.0
2025-09,10828,DarkFlash Floatron F1 Micro ATX PC Case Black & White,PC CASE,10.0,39950.0,0.0,0.0,39950.0,3995.0
2025-09,10928,CoolerMaster Qube 540 Moonstone ATX PC Case,PC CASE,18.0,71910.0,0.0,0.0,71910.0,3995.0
2025-09,10963,CoolerMaster Elite 600 ARGB ATX Mid Tower PC Case Black,PC CASE,8.0,42800.0,0.0,0.0,42800.0,5350.0
2025-09,10972,Asus A31 Tempered Glass Mid Tower ATX PC Case White,PC CASE,9.0,30600.0,0.0,0.0,30600.0,3400.0
2025-09,11002,RAKK TANAN MATX Tempered Glass with PSU and Fans,PC CASE,10.0,12950.0,0.0,0.0,12950.0,1295.0
2025-09,11068,DarkFlash M305 with 3 RGB Fan Micro ATX Tempered Glass Gaming PC Case Black,PC CASE,8.0,11160.0,0.0,0.0,11160.0,1395.0
2025-09,11102,YGT Mars 9 Micro ATX PC Case with PSU Black,PC CASE,11.0,8745.0,0.0,0.0,8745.0,795.0
2025-09,11131,Asus A21 Tempered Glass Micro ATX PC Case Black,PC CASE,12.0,35940.0,0.0,0.0,35940.0,2995.0
2025-09,11306,Gamdias Aura GC10 v2 ARGB Dual Chamber Micro ATX PC Case Black,PC CASE,10.0,24950.0,0.0,0.0,24950.0,2495.0
2025-09,11406,Cougar MX110 RGB Mid Tower Tempered Glass ATX PC Case Black,PC CASE,9.0,21150.0,0.0,0.0,21150.0,2350.0
2025-09,11546,YGT 420B Micro ATX PC Case Black,PC CASE,11.0,13750.0,0.0,0.0,13750.0,1250.0
2025-09,6579,InPlay Wind 01 Acrylic Side Panel Micro ATX PC Case,PC CASE,17.0,0.0,0.0,0.0,0.0,0.0
2025-09,7367,MSI MAG Forge M100A Auto RGB Micro ATX PC Case Black,PC CASE,5.0,10950.0,0.0,0.0,10950.0,2190.0
2025-09,9897,YGT V100 Micro ATX PC Case with PSU White,PC CASE,9.0,8010.0,0.0,0.0,8010.0,890.0
2025-09,9973,MSI MAG PANO 100R Project Zero Micro ATX PC Case Black,PC CASE,9.0,59850.0,0.0,0.0,59850.0,6650.0
2025-09,10052,Asus Prime 650W 80+ Bronze Power Supply,POWER SUPPLY,10.0,36500.0,0.0,0.0,36500.0,3650.0
2025-09,10208,Asus Prime AP-850W 80+ Gold Full Modular Power Supply,POWER SUPPLY,22.0,164890.0,0.0,0.0,164890.0,7495.0
2025-09,10376,ASRock Pro-650B 650W 80+ Bronze Non-Modular ATX 3.1 Power Supply,POWER SUPPLY,8.0,21200.0,0.0,0.0,21200.0,2650.0
2025-09,10679,ASRock Steel Legend SL-1000G 1000W 80+ Gold Cybenetics Gold ATX 3.1 Full Modular Power Supply,POWER SUPPLY,6.0,56700.0,0.0,0.0,56700.0,9450.0
2025-09,11266,Acer AC-500 500W Non-Modular 80+ Bronze Power Supply Black,POWER SUPPLY,8.0,10000.0,0.0,0.0,10000.0,1250.0
2025-09,11267,Acer AC-650 650W Non-Modular 80+ Bronze Power Supply Black,POWER SUPPLY,10.0,17890.0,0.0,0.0,17890.0,1789.0
2025-09,11332,Acer AC-750 750W Non-Modular 80+ Bronze Power Supply Black,POWER SUPPLY,14.0,29400.0,0.0,0.0,29400.0,2100.0
2025-09,176,Intelligent 700 watts Power Supply,POWER SUPPLY,9.0,4050.0,0.0,0.0,4050.0,450.0
2025-09,4079,MSI MAG A650BN 650Watts 80+ Non-Modular Power Supply Bronze,POWER SUPPLY,21.0,69195.0,0.0,0.0,69195.0,3295.0
2025-09,4080,MSI MAG A550BN 550Watts 80+ Non-Modular Power Supply Bronze,POWER SUPPLY,9.0,25695.0,0.0,0.0,25695.0,2855.0
2025-09,6242,MSI MAG A600DN 600W 80+ Power Supply,POWER SUPPLY,20.0,55300.0,0.0,0.0,55300.0,2765.0
2025-09,7838,MSI MAG A850GL 850Watts PCIE5 80+ Full Modular Power Supply Gold Black,POWER SUPPLY,8.0,57840.0,0.0,0.0,57840.0,7230.0
2025-09,8542,Acer AC-550 550w Full Modular 80plus Bronze Power Supply,POWER SUPPLY,15.0,21525.0,0.0,0.0,21525.0,1435.0
2025-09,8543,Acer AC-650 650w Full Modular  80plus Bronze Power Supply,POWER SUPPLY,10.0,20550.0,0.0,0.0,20550.0,2055.0
2025-09,9703,CoolerMaster MWE 650W V3 (MPE-6501-ACABW-3BUS) 80+ Bronze ATX 3.1 Power Supply,POWER SUPPLY,19.0,72390.0,0.0,0.0,72390.0,3810.0
2025-09,9938,CoolerMaster MWE 750W V3 (MPE-7501-ACABW-3BUS) 80+ Bronze ATX 3.1 Power Supply,POWER SUPPLY,12.0,51816.0,0.0,0.0,51816.0,4318.0
2025-09,11598,Epson L3310 Multi Functional Integrated Ink Tank Printer,PRINTER AND SCANNER,3.0,27150.0,0.0,0.0,27150.0,9050.0
2025-09,11599,Epson L3350 Wi-Fi Multi Functional Integrated Ink Tank Printer,PRINTER AND SCANNER,2.0,21060.0,0.0,0.0,21060.0,10530.0
2025-09,4804,Canon Pixma MG3070S Compact Wireless All-In-One Printer,PRINTER AND SCANNER,2.0,6850.0,0.0,0.0,6850.0,3425.0
2025-09,10057,AMD Ryzen 9 9900X 4.4GHz AM5 Socket DDR5 Processor TTP,PROCESSOR,10.0,249500.0,0.0,0.0,249500.0,24950.0
2025-09,10102,AMD Ryzen 7 7700 Socket AM5 3.8GHz Processor MPK,PROCESSOR,13.0,155350.0,0.0,0.0,155350.0,11950.0
2025-09,10110,AMD Ryzen 5 5500GT 3.6GHz AM4 Socket DDR4 Processor MPK,PROCESSOR,5.0,40475.0,0.0,0.0,40475.0,8095.0
2025-09,10911,Intel Core i9-14900K Raptor Lake Socket LGA 1700 3.20GHz Processor MPK,PROCESSOR,13.0,415350.0,0.0,0.0,415350.0,31950.0
2025-09,10938,AMD Ryzen 5 8400F 4.2GHz AM5 Socket DDR5 Processor MPK,PROCESSOR,10.0,89500.0,0.0,0.0,89500.0,8950.0
2025-09,11064,AMD Ryzen 5 3400g 3.7ghz AM4 Socket DDR4 Processor MPK,PROCESSOR,9.0,34155.0,0.0,0.0,34155.0,3795.0
2025-09,11065,AMD Ryzen 7 8700F 4.1ghz AM5 Socket DDR5 Processor MPK,PROCESSOR,6.0,56700.0,0.0,0.0,56700.0,9450.0
2025-09,11592,Intel Core Ultra 7 processor 270K Plus LGA 1851 5.5Ghz Processor,PROCESSOR,12.0,251400.0,0.0,0.0,251400.0,20950.0
2025-09,4513,AMD Ryzen 5 5600X Socket AM4 3.7GHz Processor with Wraith Stealth Cooler MPK,PROCESSOR,8.0,71600.0,0.0,0.0,71600.0,8950.0
2025-09,5640,AMD Ryzen 5 5500 Socket Am4 3.6GHz Processor with AMD wraith cooler MPK,PROCESSOR,21.0,109200.0,0.0,0.0,109200.0,5200.0
2025-09,5663,AMD Ryzen 5 5600 Socket Am4 3.5GHz Processor with Wraith stealth cooler MPK,PROCESSOR,4.0,28800.0,0.0,0.0,28800.0,7200.0
2025-09,7098,AMD Ryzen 7 5700G Socket Am4 3.8GHz with Radeon Vega 8 wraith stealth cooler Processor MPK,PROCESSOR,15.0,183750.0,0.0,0.0,183750.0,12250.0
2025-09,7929,AMD Ryzen 7 5700X Socket AM4 3.4GHz Processor with AMD Wraith Stealth cooler MPK,PROCESSOR,9.0,89550.0,0.0,0.0,89550.0,9950.0
2025-09,8432,AMD Ryzen 3 3200g PRO Socket Am4 3.6ghz with Radeon Vega 8 Processor MPK,PROCESSOR,20.0,67900.0,0.0,0.0,67900.0,3395.0
2025-09,9608,AMD RYZEN 7 7800X3D Socket AM5 D5 5.0ghz with Radeon Graphics processor TTP,PROCESSOR,11.0,202950.0,0.0,0.0,202950.0,18450.0
2025-09,9614,AMD RYZEN 7 9800X3D Socket AM5 D5 5.2ghz with Radeon Graphics processor,PROCESSOR,17.0,475150.0,0.0,0.0,475150.0,27950.0
2025-09,9776,AMD Ryzen 5 5600GT 3.6GHz AM4 Socket DDR4 Processor MPK,PROCESSOR,8.0,73560.0,0.0,0.0,73560.0,9195.0
2025-09,9841,Intel Core i5-14400 4.7GHz LGA 1700 Processor MPK,PROCESSOR,11.0,131450.0,0.0,0.0,131450.0,11950.0
2025-09,10697,Lexar NQ100 256GB Solid State Drive SATA 2.5,SOLID STATE DRIVE,18.0,71910.0,0.0,0.0,71910.0,3995.0
2025-09,10797,Lexar NM620 1TB M.2 NVME Solid State Drive,SOLID STATE DRIVE,15.0,121500.0,0.0,0.0,121500.0,8100.0
2025-09,10804,Team Group MP33 512GB M.2 PCIe Gen3.0 x4 NVME 1.3 Solid State Drive,SOLID STATE DRIVE,11.0,68750.0,0.0,0.0,68750.0,6250.0
2025-09,11148,Teamgroup T-Force GA Pro 1TB NVMe M.2 Gen 5 Solid State Drive,SOLID STATE DRIVE,20.0,217000.0,0.0,0.0,217000.0,10850.0
2025-09,11152,Hiksemi Wave S 256B SATA 2.5 Solid State Drive,SOLID STATE DRIVE,21.0,70350.0,0.0,0.0,70350.0,3350.0
2025-09,11269,Hiksemi Wave P 256GB PCIE Gen3 M.2 Solid State Drive,SOLID STATE DRIVE,25.0,87375.0,0.0,0.0,87375.0,3495.0
2025-09,11323,ESGaming 512GB SATA 2.5 Solid State Drive,SOLID STATE DRIVE,19.0,83505.0,0.0,0.0,83505.0,4395.0
2025-09,11577,Apacer AS2280P4 512GB PCIe Gen 3x4 M.2 NVMe Solid State Drive,SOLID STATE DRIVE,17.0,90015.0,0.0,0.0,90015.0,5295.0
2025-09,1681,Team Group GX2 Solid State Drive 256gb SATA 2.5,SOLID STATE DRIVE,23.0,79350.0,0.0,0.0,79350.0,3450.0
2025-09,1909,Lexar NS10 Lite Solid State Drive 120gb SATA 2.5,SOLID STATE DRIVE,10.0,14500.0,0.0,0.0,14500.0,1450.0
2025-09,6856,Team Group MP33 256GB M.2 PCIe NVME Solid State Drive,SOLID STATE DRIVE,16.0,53600.0,0.0,0.0,53600.0,3350.0
2025-09,6936,Adata SU650 Solid State Drive 512GB SATA 2.5,SOLID STATE DRIVE,15.0,74925.0,0.0,0.0,74925.0,4995.0
2025-09,10832,"ORTIZAN C7 Dual-Mode 2.0 Studio Monitors, Active Monitor Speakers, Black",SPEAKER,1.0,3195.0,0.0,0.0,3195.0,3195.0
2025-09,10833,"ORTIZAN C7 Dual-Mode 2.0 Studio Monitors, Active Monitor Speakers, White",SPEAKER,1.0,3195.0,0.0,0.0,3195.0,3195.0
2025-09,10856,Edifier ES20 Portable Bluetooth Speaker Ivory,SPEAKER,1.0,1685.0,0.0,0.0,1685.0,1685.0
2025-09,10870,InPlay MS002 Mini Speaker Black,SPEAKER,1.0,210.0,0.0,0.0,210.0,210.0
2025-09,422,Edifier M1250 Usb Powered 2.0 Speaker,SPEAKER,2.0,1300.0,0.0,0.0,1300.0,650.0
2025-09,2991,APC Back-Ups BVX650I-PH 360 Watts 650va with Avr Universal Sockets Ups,UPS & AVR,5.0,11000.0,0.0,0.0,11000.0,2200.0
2025-09,36,Secure 220v Avr,UPS & AVR,5.0,1250.0,0.0,0.0,1250.0,250.0
2025-09,454,Secure 650va Ups,UPS & AVR,7.0,10150.0,0.0,0.0,10150.0,1450.0
2025-10,7451,Rj-45 for Cat6 (Box),ACCESSORIES,1.0,180.0,0.0,0.0,180.0,180.0
2025-10,3555,INPLAY HN620 v2 Noise Cancelling Headset Black,AUDIO,1.0,445.0,0.0,0.0,445.0,445.0
2025-10,6149,RAKK HUNI Wired Gaming Headset RGB White,AUDIO,1.0,667.58,1.0,667.58,0.0,667.58
2025-10,6150,RAKK HUNI Wired Gaming Headset RGB Black,AUDIO,3.0,1957.58,0.0,0.0,1957.58,652.53
2025-10,6995,Inplay H20 RGB Gaming Headset Black,AUDIO,5.0,1225.0,0.0,0.0,1225.0,245.0
2025-10,719,Fantech HG11 Captain 7.1 RGB Gaming Headset,AUDIO,2.0,2622.88,0.0,0.0,2622.88,1311.44
2025-10,7652,RAKK SONIDO 7.1 Virtual Surround RGB Gaming Headset USB Black,AUDIO,5.0,4975.0,0.0,0.0,4975.0,995.0
2025-10,8553,Inplay HN820 Active Noice Cancellation Uni-directional Headset,AUDIO,26.0,16640.0,0.0,0.0,16640.0,640.0
2025-10,9243,Poly 3220 Blackwire Corded UC USB-C/A Headset,AUDIO,1.0,1540.0,0.0,0.0,1540.0,1540.0
2025-10,9289,RAKK MYNA 7.1 Trimode Gaming Wireless Headset Black,AUDIO,15.0,19910.64,0.0,0.0,19910.64,1327.38
2025-10,9606,Ilisten T69 White,AUDIO,2.0,998.0,0.0,0.0,998.0,499.0
2025-10,169,Ad-Link Cat6e 100 Meters Utp Cable Blue,CABLES AND ADAPTERS,1.0,465.0,0.0,0.0,465.0,465.0
2025-10,37,Ad-link HDMI 1.5 Meter Cable Redmesh,CABLES AND ADAPTERS,1.0,57.0,0.0,0.0,57.0,57.0
2025-10,29,A4Tech PK-910H Full-HD Webcam,CAMERA,1.0,1014.3,0.0,0.0,1014.3,1014.3
2025-10,3336,Logitech C270 HD Webcam,CAMERA,2.0,2180.0,0.0,0.0,2180.0,1090.0
2025-10,6555,RAKK TANDOG PRO Mechanical Keyboard and Mouse Bundle,COMBO,11.0,16676.73,1.0,1495.0,15181.73,1516.07
2025-10,78,A4Tech KRS-8572 Usb Keyboard and Mouse Black,COMBO,63.0,30604.8,0.0,0.0,30604.8,485.79
2025-10,8437,A4Tech KRS-3330 USB Keyboard and Mouse Black,COMBO,13.0,6215.75,1.0,470.0,5745.75,478.13
2025-10,9301,RAKK APTAS ILLUMINATED / Membrane Keyboard and Mouse / No software / Rainbow lighting / Black,COMBO,12.0,3215.0,0.0,0.0,3215.0,267.92
2025-10,9302,RAKK APTAS ILLUMINATED / Membrane Keyboard and Mouse / No software / Rainbow lighting / White,COMBO,7.0,2020.0,0.0,0.0,2020.0,288.57
2025-10,1015,Dark Flash Dr12 Pro 120mm 3in1 Chassis Fan with Control Hub and Remote Control RGB,COOLING,12.0,12308.16,0.0,0.0,12308.16,1025.68
2025-10,10192,Keytech Mirage 3in1 120mm Chassis Fan with Control Hub and Remote Control Black,COOLING,53.0,33761.7,1.0,630.0,33131.7,637.01
2025-10,10275,DarkFlash Explore DO360 Digital CPU Liquid Cooler Black,COOLING,1.0,3260.25,0.0,0.0,3260.25,3260.25
2025-10,10315,Jungle Leopard Astroshel V2G LCD 240 ARGB AIO Liquid Cooler Black,COOLING,3.0,11517.83,0.0,0.0,11517.83,3839.28
2025-10,10358,Jungle Leopard KF420E-DGT ARGB CPU Air Cooler Black,COOLING,2.0,1790.0,0.0,0.0,1790.0,895.0
2025-10,10359,Jungle Leopard KF420E-DGT ARGB CPU Air Cooler White,COOLING,4.0,3580.0,0.0,0.0,3580.0,895.0
2025-10,10360,Jungle Leopard KF620-DGT ARGB CPU Air Cooler Black,COOLING,1.0,1950.0,0.0,0.0,1950.0,1950.0
2025-10,10370,DarkFlash Infinity 34 3in1 ARGB Chassis Fan Black,COOLING,5.0,5870.75,1.0,1150.0,4720.75,1174.15
2025-10,10371,DarkFlash Infinity 34 3in1 ARGB Chassis Fan White,COOLING,1.0,1195.0,0.0,0.0,1195.0,1195.0
2025-10,10372,DarkFlash Infinity 34 Single ARGB Chassis Fan Black,COOLING,5.0,2044.15,0.0,0.0,2044.15,408.83
2025-10,10373,DarkFlash Infinity 34 Single ARGB Chassis Fan White,COOLING,4.0,1680.0,0.0,0.0,1680.0,420.0
2025-10,10385,Ocypus Gamma A40 BK1AAWN00X-GL ARGB CPU Air Cooler Black,COOLING,9.0,9300.04,0.0,0.0,9300.04,1033.34
2025-10,10386,MSI MAG COREFROZR AA13 ARGB CPU Air Cooler black,COOLING,17.0,19153.06,0.0,0.0,19153.06,1126.65
2025-10,45,Deepcool Z3 Silicon Syringe,COOLING,6.0,570.0,0.0,0.0,570.0,95.0
2025-10,46,Deepcool Z5 Silicon Syringe,COOLING,20.0,2627.3,0.0,0.0,2627.3,131.36
2025-10,4737,Deepcool AK620 (R-AK620-BKNNMT-G) Dual Tower CPU Air Cooler Black,COOLING,1.0,2820.0,0.0,0.0,2820.0,2820.0
2025-10,6054,Thermal Grizzly Kryonaut High Performance Thermal Paste 1g,COOLING,2.0,650.0,0.0,0.0,650.0,325.0
2025-10,6168,Deepcool FC120 3 in 1 ARGB PWM Cooling Fan Black,COOLING,1.0,1580.0,0.0,0.0,1580.0,1580.0
2025-10,6289,Darkflash C6MS 120mm 3in1 ARGB Aurora Spectrum Black,COOLING,8.0,6470.1,1.0,790.0,5680.1,808.76
2025-10,6290,Darkflash C6MS 120mm 3in1 ARGB Aurora Spectrum White,COOLING,8.0,6347.65,0.0,0.0,6347.65,793.46
2025-10,6294,Darkflash C6S 120mm ARGB Aurora Spectrum Single Fan White,COOLING,1.0,205.0,0.0,0.0,205.0,205.0
2025-10,6520,Deepcool Gammaxx AG400 PLUS (R-AG400-BKNNMD-G) Single Tower CPU Air Cooler,COOLING,1.0,1320.0,0.0,0.0,1320.0,1320.0
2025-10,6680,Deepcool Gammaxx AG400 (R-AG400-BKNNMN-G-1) 120mm Single Tower CPU Air Cooler,COOLING,3.0,3515.16,0.0,0.0,3515.16,1171.72
2025-10,6723,Deepcool AK400 R-AK400-BKNNMN-G-1 Single Tower CPU Air Cooler Black,COOLING,4.0,5184.98,1.0,1285.0,3899.98,1296.24
2025-10,6752,Keytech Tornado 3in1 120mm Chassis Fan with Control Hub and Remote Control ARGB,COOLING,14.0,7334.6,0.0,0.0,7334.6,523.9
2025-10,7500,DarkFlash DM12 F 3in1 with Controller Remote ARGB Chassis Fan White,COOLING,3.0,3585.0,0.0,0.0,3585.0,1195.0
2025-10,9290,RAKK DANUM 240MM AIO CPU Liquid Cooling RGB Black,COOLING,2.0,3990.0,0.0,0.0,3990.0,1995.0
2025-10,9547,Keytech PRISM 3in1 120mm Chassis Fan Black,COOLING,7.0,4410.0,0.0,0.0,4410.0,630.0
2025-10,9611,OVA RGB LET IT SHINE SINGLE 6 PIN CHASSIS FAN,COOLING,1.0,144.9,0.0,0.0,144.9,144.9
2025-10,9737,MSI MAG Coreliquid A13 240 CPU Liquid Cooler Black,COOLING,2.0,7373.0,0.0,0.0,7373.0,3686.5
2025-10,9777,Coolman 120mm Chassis Fan Black,COOLING,5.0,350.0,0.0,0.0,350.0,70.0
2025-10,9835,MSI MAG Coreliquid A13 360 CPU Liquid Cooler Black,COOLING,2.0,8180.73,0.0,0.0,8180.73,4090.36
2025-10,10076,"Bezel Ignite 2 24MD1FS-2 24.5"" 200Hz FHD IPS Monitor",DISPLAY,2.0,9780.0,0.0,0.0,9780.0,4890.0
2025-10,10160,"Gamdias Atlast HD24IFIC III 24"" 200HZ FHD IPS Monitor",DISPLAY,0.0,0.0,1.0,5300.0,-5300.0,
2025-10,10164,"AOC 24B36H3 23.8"" 120Hz FHD IPS Monitor",DISPLAY,1.0,4350.0,0.0,0.0,4350.0,4350.0
2025-10,10285,"LG 27U411A-B 27"" FHD IPS 120Hz HDR 10 Monitor",DISPLAY,4.0,23980.0,0.0,0.0,23980.0,5995.0
2025-10,10291,"Acer EK251Q 24.5"" 144Hz FHD IPS Monitor",DISPLAY,12.0,52954.0,0.0,0.0,52954.0,4412.83
2025-10,10317,"Nvision G2455 23.8"" IPS 144Hz FHD Monitor Black",DISPLAY,7.0,29400.0,1.0,4200.0,25200.0,4200.0
2025-10,10425,"ViewSonic VA24G1-H 24"" FHD 144Hz IPS Monitor",DISPLAY,4.0,18444.0,0.0,0.0,18444.0,4611.0
2025-10,10426,"ViewSonic VX2779A-HD-PRO 27"" 240Hz FHD IPS Monitor",DISPLAY,2.0,17704.5,0.0,0.0,17704.5,8852.25
2025-10,10459,"AOC 24B36X 23.8"" FHD 144Hz IPS Monitor",DISPLAY,3.0,13275.0,0.0,0.0,13275.0,4425.0
2025-10,10460,"AOC 27B36X 27"" FHD 144Hz IPS Monitor",DISPLAY,3.0,17400.0,0.0,0.0,17400.0,5800.0
2025-10,10461,"AOC Q27B30S3 27"" QHD 120Hz IPS Monitor",DISPLAY,1.0,7695.0,0.0,0.0,7695.0,7695.0
2025-10,10463,"MSI MAG 274F 27"" FHD 200Hz IPS Monitor",DISPLAY,3.0,26759.25,0.0,0.0,26759.25,8919.75
2025-10,10545,"Gigabyte GS32QCA 31.5"" QHD 180Hz Monitor",DISPLAY,1.0,16352.0,0.0,0.0,16352.0,16352.0
2025-10,7785,Nvision N190V8 19' LED Monitor,DISPLAY,9.0,16274.7,0.0,0.0,16274.7,1808.3
2025-10,7786,"Nvision N200V8 20"" LED Monitor",DISPLAY,31.0,56110.0,0.0,0.0,56110.0,1810.0
2025-10,7787,"Nvision N2455PRO-B 100Hz IPS Panel 23.8"" Monitor Black",DISPLAY,58.0,210879.9,4.0,14320.0,196559.9,3635.86
2025-10,8060,"Nvision H22V8 21.5"" LED Monitor",DISPLAY,15.0,34500.0,0.0,0.0,34500.0,2300.0
2025-10,8416,"ASUS ROG Strix XG27ACS 27"" Fast IPS 180HZ QHD Monitor",DISPLAY,3.0,52050.25,0.0,0.0,52050.25,17350.08
2025-10,9126,"Gamdias Atlas HD24CII 24"" 180HZ FHD Curved Monitor",DISPLAY,1.0,6000.0,0.0,0.0,6000.0,6000.0
2025-10,9791,"Nvision N2455PRO-W 100Hz IPS Panel 23.8"" Monitor White",DISPLAY,8.0,28640.0,0.0,0.0,28640.0,3580.0
2025-10,9904,"Viewsonic VX2479A-HD-PRO 24"" 240Hz FHD 1MS MPRT IPS HDR10 Gaming Monitor",DISPLAY,4.0,27574.0,0.0,0.0,27574.0,6893.5
2025-10,9969,"Gamdias Atlas HD24IF III 24"" 200HZ IPS Gaming Monitor",DISPLAY,6.0,34506.5,0.0,0.0,34506.5,5751.08
2025-10,9284,RAKK SUKOG LITE 700x300x3mm Mousepad Black,GAMING SURFACE,14.0,2118.0,0.0,0.0,2118.0,151.29
2025-10,10053,ASUS Dual Nvidia Geforce RTX 3050 OC Edition (DUAL-RTX3050-O6G) 6GB 96-bit GDRR6 Videocard,GRAPHIC CARD,2.0,22031.7,0.0,0.0,22031.7,11015.85
2025-10,10072,MSI Nvidia GeForce RTX 5060 VENTUS 2X OC (G5060-8V2C) 8GB 128-bit GDDR7 Videocard,GRAPHIC CARD,11.0,231127.97,0.0,0.0,231127.97,21011.63
2025-10,10083,XFX RX 580 GTS XXX Edition (RX-580S85DD6) 8gb 256bit GDdr5 Gaming Videocard,GRAPHIC CARD,0.0,0.0,2.0,13190.0,-13190.0,
2025-10,10152,MSI GeForce RTX 5070 Ti VENTUS 3X OC (G507T-16V3C) 16GB 256-bit GDDR7 Videocard,GRAPHIC CARD,1.0,55470.0,0.0,0.0,55470.0,55470.0
2025-10,10206,ASUS Dual RX 7600 EVO OC Edition DUAL-RX7600-O8G-EVO 8GB 128-bit GDDR6 Videocard,GRAPHIC CARD,5.0,89527.79000000001,0.0,0.0,89527.79,17905.56
2025-10,10207,ASUS Prime AMD Radeon RX 9060 XT OC (PRIME-RX9060XT-O16G) 16GB 128-Bit GDDR6 Videocard,GRAPHIC CARD,1.0,29963.25,0.0,0.0,29963.25,29963.25
2025-10,10238,Asus AMD Radeon Dual RX 9060 XT DUAL-RX9060XT 8GB 128-bit GDDR6 Videocard,GRAPHIC CARD,1.0,21850.0,0.0,0.0,21850.0,21850.0
2025-10,10260,GALAX Nvidia GeForce RTX 5060 Ti 1-Click OC (56IZN8MDCPOC) 16GB 128-bit GDDR7 Videocard,GRAPHIC CARD,1.0,29950.0,0.0,0.0,29950.0,29950.0
2025-10,10278,MSI Nvidia GeForce RTX 5060 VENTUS 2X OC (G5060-8V2CW) 8GB 128-bit GDDR7 Videocard White,GRAPHIC CARD,1.0,21450.0,0.0,0.0,21450.0,21450.0
2025-10,10309,XFX Swift AMD Radeon RX 9060 XT OC Gaming Edition (RX-96TSW16BQ) 16GB 128-Bit GDDR6 Videocard,GRAPHIC CARD,4.0,100673.25,0.0,0.0,100673.25,25168.31
2025-10,10475,MSI Nvidia GeForce RTX 5060 TI SHADOW 2X OC (G506T-16S2CP) 16GB 128-bit GDDR7 Videocard,GRAPHIC CARD,1.0,28695.0,0.0,0.0,28695.0,28695.0
2025-10,4153,MSI RTX 3060 Ventus 2X OC 12gb 192bit GDdr6 Gaming Videocard LHR,GRAPHIC CARD,7.0,126763.64,0.0,0.0,126763.64,18109.09
2025-10,5874,MSI GTX 1630 VENTUS XS OC 4gb 64bit GDDR6 Videocard,GRAPHIC CARD,1.0,6700.0,0.0,0.0,6700.0,6700.0
2025-10,6547,Asrock RX 6600 8G CHALLENGER D 8gb 128bit GDdr6 Gaming Videocard,GRAPHIC CARD,18.0,239371.44,1.0,12850.0,226521.44,13298.41
2025-10,8396,MSI GEFORCE RTX 3050 VENTUS 2X OC 6GB 96-bit DDR6 Videocard,GRAPHIC CARD,16.0,162057.21,0.0,0.0,162057.21,10128.58
2025-10,9396,Biostar Rx 580 VA5815RQ82 Dual Cooling Fan 8gb 256bit GDdr5 Gaming Videocard,GRAPHIC CARD,30.0,195538.34,1.0,7056.0,188482.34,6517.94
2025-10,9695,Asrock Intel ARC B580 Challenger 12GB OC 12gb 192bit GDDR6 Videocard,GRAPHIC CARD,1.0,20154.4,0.0,0.0,20154.4,20154.4
2025-10,495,Seagate 1tb ST1000LM048 2.5 Sata Harddisk Drive,HARD DISK,1.0,3250.0,0.0,0.0,3250.0,3250.0
2025-10,7665,Seagate 1tb ST1000DM014 Harddisk Drive,HARD DISK,3.0,8805.0,0.0,0.0,8805.0,2935.0
2025-10,7330,Fantech ATOM MK886 Red Switch RGB Mechanical Keyboard Gray,KEYBOARD,1.0,1160.0,0.0,0.0,1160.0,1160.0
2025-10,7465,RAKK DAUG 96 Keys Wired Gaming Keyboard|Hotswappable|Rainbow LED|Yellow Switch|Gray/Black,KEYBOARD,5.0,4475.0,0.0,0.0,4475.0,895.0
2025-10,7466,RAKK DAUG 96 Keys Wired Gaming Keyboard|Hotswappable|Rainbow LED|Yellow Switch|Black/Gray,KEYBOARD,17.0,15232.9,7.0,6265.0,8967.9,896.05
2025-10,75,A4Tech KRS-85 Usb Keyboard Black,KEYBOARD,1.0,350.0,0.0,0.0,350.0,350.0
2025-10,8995,Fantech MK874 V2 Atom 63 Hot swappable 3pin Blue switch Mechanical Keyboard Navy Blue,KEYBOARD,1.0,850.0,0.0,0.0,850.0,850.0
2025-10,9081,"RAKK SINAG PRO|Trimode Gasket Mount 1.4"" TFT Screen|96 Keys|Mechanical Keyboard|Black",KEYBOARD,8.0,22058.58,0.0,0.0,22058.58,2757.32
2025-10,9082,"RAKK SINAG PRO|Trimode Gasket Mount 1.4"" TFT Screen|96 Keys|Mechanical Keyboard|White",KEYBOARD,4.0,10874.33,0.0,0.0,10874.33,2718.58
2025-10,9195,Fantech MK886 V2 ATOM104 Sumi Edition Red Switch Mechanical Keyboard Black,KEYBOARD,2.0,2184.38,1.0,1020.0,1164.38,1092.19
2025-10,9196,Fantech MK886 V2 ATOM104 Sumi Edition Blue Switch Mechanical Keyboard Black,KEYBOARD,3.0,3330.0,0.0,0.0,3330.0,1110.0
2025-10,9297,RAKK DIWA V3 68 Keys Huano Switch Mechanical Gaming Keyboard Gray/Black,KEYBOARD,1.0,745.0,0.0,0.0,745.0,745.0
2025-10,9298,RAKK DIWA V3 68 Keys Huano Switch Mechanical Gaming Keyboard Black/Gray,KEYBOARD,5.0,3751.08,1.0,771.08,2980.0,750.22
2025-10,9309,RAKK LAM-ANG PRO MAX 87 Keys / RGB / Trimode / Universal Hotswap / South Facing / Gasket Mount / Outemu Black / TFT Screen / Cherry Keycaps / White,KEYBOARD,2.0,4470.33,0.0,0.0,4470.33,2235.16
2025-10,9216,MSI CYBORG 15 A12UCX-1298PH FHD Alder Lake i5-12450H/8GB DDR5/512GB SSD/RTX 2050 4GB/Win 11 Laptop,LAPTOP GA1,6.0,217949.73,1.0,35995.0,181954.73,36324.96
2025-10,10497,"Asus TUF Gaming A15 FA506NCR-HN007W 15.6"" FHD 144Hz Ryzen 7-7435HS/8GB DDR4/512GB PCIe 4.0 NVMe M.2 SSD/RTX 3050 4GD6/Win11 Laptop",LAPTOP GA2,1.0,49995.0,0.0,0.0,49995.0,49995.0
2025-10,10511,"Asus Gaming V16 V3607VU-RP076W 16.0"" WUXGA (1920x1200) 144Hz Intel Core 5 210H/8GB DDR5/512GB M.2 NVMe PCIe 4.0 SS/ RTX 4050 6GD6/Win11 Laptop",LAPTOP GA2,1.0,50495.0,0.0,0.0,50495.0,50495.0
2025-10,9998,"Gigabyte Gaming A16 CMHH2PH893SH 16.0"" WUXGA 165Hz Intel Core i5-13420H/16GB DDR5/512GB 2x M.2 SSD/ RTX 4050 6GB/Win11Laptop",LAPTOP GA2,1.0,46995.0,0.0,0.0,46995.0,46995.0
2025-10,10211,"Ningmei NL150-N15165A 15.6"" IPS Intel N150/16GB 3200Mhz/512GB SSD/Win 11 Laptop",LAPTOP NO2,2.0,29990.0,1.0,14995.0,14995.0,14995.0
2025-10,10241,"Ningmei NLR500-R765 15.6"" IPS Ryen 5-7430U/16GB DDR4/512GB SSD/Win11 Laptop + Fingerprint",LAPTOP PR1,1.0,22495.0,0.0,0.0,22495.0,22495.0
2025-10,10113,"Lenovo IdeaPad 1 15AMN7 15.6"" Ryzen 5-7520U/8GB/512GB SSD/Win11 Pro Laptop SE",LAPTOP PR2,3.0,75859.83,0.0,0.0,75859.83,25286.61
2025-10,10365,"Acer Aspire 3 15.6"" FHD IPS Ryzen 7-7730U/16GB/512GB SSD/Win11 Pro Laptop + Backlit SE",LAPTOP PR3,4.0,135658.8,0.0,0.0,135658.8,33914.7
2025-10,10086,Kingston Fury Beast 16GB 2x8 KF432C16BWAK2/16 3200MT/s DDR4 Memory White Special Edition,MEMORY,1.0,4088.25,0.0,0.0,4088.25,4088.25
2025-10,10115,Lexar Thor 32GB LD5U16G60C38BG-RGD 2x16 6000Mhz DDR5 CL38 Memory RGB Black,MEMORY,2.0,11581.66,0.0,0.0,11581.66,5790.83
2025-10,10148,Kingston Fury Beast KF556C36BBEK2-16 16GB 2x8GB DDR5 5600MT/s CL36 Black EXPO,MEMORY,1.0,3630.0,0.0,0.0,3630.0,3630.0
2025-10,10175,Lexar Ares OC 16GB LD4BU008G-R3600GDLA 2x8GB 3600Mhz DDR4 Memory RGB Black,MEMORY,5.0,16073.5,0.0,0.0,16073.5,3214.7
2025-10,10194,KingBank SharpBlade 16GB 2x8 3200mhz DDR4 RGB Memory Black,MEMORY,94.0,238867.99,2.0,5044.0,233823.99,2541.15
2025-10,10214,Team Vulcan Eco 32GB 16GBx2 6000Mhz CL38 DDR5 Memory Silver,MEMORY,3.0,16842.5,0.0,0.0,16842.5,5614.17
2025-10,10215,Team T-Force Delta RGB 32GB 16GBx2 6000Mhz CL30 DDR5 Memory White,MEMORY,1.0,6820.0,0.0,0.0,6820.0,6820.0
2025-10,10239,Biwin Black Opal DW100 32GB 2x16 6000Mhz CL36 DDR5 RGB Gaming Memory Black,MEMORY,1.0,6850.0,0.0,0.0,6850.0,6850.0
2025-10,10266,Lexar LD4AS008G-B3200GSST 8GB 3200Mhz DDR4 Sodimm Memory,MEMORY,7.0,13397.66,0.0,0.0,13397.66,1913.95
2025-10,10286,Lexar LD5S16G56C46ST-BGS 16GB 5600Mhz DDR5 Sodimm Memory,MEMORY,3.0,8749.5,0.0,0.0,8749.5,2916.5
2025-10,10300,Kingston Fury Beast RGB 16GB KF432C16BB12A/16WP 1x16 3200Mhz DDR4 Memory Black,MEMORY,5.0,17892.0,0.0,0.0,17892.0,3578.4
2025-10,10354,Kingston Fury Beast 16GB 1x16 KF432C16BB1/16WP 3200Mhz DDR4 Memory Black,MEMORY,4.0,13880.0,2.0,6940.0,6940.0,3470.0
2025-10,10378,Team Elite Plus 16GB 1x16 3200Mhz DDR4 Memory Black Gold,MEMORY,20.0,52728.0,1.0,2600.0,50128.0,2636.4
2025-10,10391,Team T-Force Delta RGB 32GB 16GBx2 6000Mhz CL30 DDR5 Memory Black,MEMORY,3.0,20400.0,0.0,0.0,20400.0,6800.0
2025-10,10427,Lexar LD4AS008G-R3200GSST 8GB 3200MHz DDR4 Sodimm Memory,MEMORY,1.0,1895.0,0.0,0.0,1895.0,1895.0
2025-10,2814,G.Skill Ripjaws V 8gb 1x8 3200mhz Ddr4 Memory,MEMORY,2.0,3300.0,0.0,0.0,3300.0,1650.0
2025-10,4054,Team Elite Plus 8gb 1x8 3200Mhz Ddr4 Memory Black Red,MEMORY,5.0,6777.0,0.0,0.0,6777.0,1355.4
2025-10,4055,Team Elite Plus 8gb 1x8 3200Mhz Ddr4 Memory Black Gold,MEMORY,3.0,4077.0,7.0,8257.0,-4180.0,1359.0
2025-10,4600,Kingston Fury Beast KF432C16BB/8 8gb 1x8 3200MT/s Ddr4 Memory Black,MEMORY,2.0,3790.0,0.0,0.0,3790.0,1895.0
2025-10,4610,Kingston Fury Beast KF432C16BB2A/8 8gb 1x8 3200MT/s Ddr4 RGB Memory Black,MEMORY,2.0,3200.0,0.0,0.0,3200.0,1600.0
2025-10,6223,Team Elite Vulcan Z 16GB 2x8 3200mHz Gray DDR4 Memory,MEMORY,8.0,22653.489999999998,1.0,2795.0,19858.49,2831.69
2025-10,8285,Kingston KVR52S42BS6-8 8gb 1x8 5200MT/s Ddr5 Sodimm Memory,MEMORY,3.0,5285.0,0.0,0.0,5285.0,1761.67
2025-10,9192,Adata Gammix D35 8gb 1x8 3200mhz Ddr4 Memory with Heatsink,MEMORY,0.0,0.0,1.0,937.95,-937.95,
2025-10,9324,KINGBANK 16GB 1x16 3200mhz DDR4 with Heatsink Memory Silver,MEMORY,15.0,34222.5,0.0,0.0,34222.5,2281.5
2025-10,9325,KINGBANK 8GB 1x8 3200mhz DDR4 with Heatsink Memory Silver,MEMORY,76.0,84235.39,0.0,0.0,84235.39,1108.36
2025-10,9327,KINGBANK SharpBlade 16GB 2x8 3200mhz DDR4 RGB Memory White,MEMORY,3.0,7950.0,0.0,0.0,7950.0,2650.0
2025-10,981,Team Elite TForce Delta TUF 16gb 2x8 3200mhz Ddr4 RGB Memory,MEMORY,1.0,3055.05,0.0,0.0,3055.05,3055.05
2025-10,9828,Lexar Thor 16GB LD4BU008G-R3200GDXG 2x8 3200Mhz DDR4 Memory Blk,MEMORY,1.0,2895.0,0.0,0.0,2895.0,2895.0
2025-10,10184,EasyPC Pocket Rocket Beelink EQR5-D4 AMD Ryzen 5 5650U Processor / 16GB 3200MHz DDR4 / 500GB NVMe M.2 SSD,MINI PC,4.0,61800.0,0.0,0.0,61800.0,15450.0
2025-10,7349,Beelink Mini S12 Intel 12th Gen N95 Processor / 8GB 3200MHZ DDR4 / 256GB M.2 PCIe SSD,MINI PC,6.0,47370.0,0.0,0.0,47370.0,7895.0
2025-10,10295,Asus B650M-AYW Wifi DDR5 AMD Motherboard,MOTHERBOARD,7.0,53326.75,0.0,0.0,53326.75,7618.11
2025-10,10296,Asus Prime A520M-K/CSM AM4 AMD Motherboard,MOTHERBOARD,12.0,37910.25,0.0,0.0,37910.25,3159.19
2025-10,2755,MSI B450M-A Pro Max II Socket Am4 Ddr4  Motherboard,MOTHERBOARD,30.0,94350.9,0.0,0.0,94350.9,3145.03
2025-10,2756,MSI B550M Pro VDH Wifi Socket Am4 Ddr4 Motherboard,MOTHERBOARD,21.0,134270.75,1.0,6350.0,127920.75,6393.85
2025-10,3435,Asrock B450M HDV Motherboard Socket Am4 Ddr4,MOTHERBOARD,51.0,154253.98,0.0,0.0,154253.98,3024.59
2025-10,3715,Asus Prime A520M-K Gaming Socket AM4 Ddr4 Motherboard,MOTHERBOARD,28.0,87561.66,1.0,3150.0,84411.66,3127.2
2025-10,4492,Asus Prime B550M-A Wifi II Socket Am4 Ddr4 Gaming Motherboard,MOTHERBOARD,8.0,51277.25,0.0,0.0,51277.25,6409.66
2025-10,4578,Gigabyte H610M-H V2 Socket LGA 1700 Ddr4 Motherboard,MOTHERBOARD,1.0,5050.0,0.0,0.0,5050.0,5050.0
2025-10,5696,Msi PRO H610M-E Socket LGA 1700 Ddr4 Motherboard,MOTHERBOARD,6.0,26970.0,0.0,0.0,26970.0,4495.0
2025-10,6044,Gigabyte GA-B450M-DS3H WIFI Socket Am4 Ddr4 Motherboard,MOTHERBOARD,6.0,28832.5,1.0,4750.0,24082.5,4805.42
2025-10,7615,MSI B650M Project zero socket LGA AM5 DDR5 Motherboard,MOTHERBOARD,1.0,12838.95,0.0,0.0,12838.95,12838.95
2025-10,9132,Biostar B450MHP Socket Am4 DDR4 Motherboard,MOTHERBOARD,2.0,5500.0,0.0,0.0,5500.0,2750.0
2025-10,9225,MSI PRO B650M-P Socket AM5 DDR5 Motherboard,MOTHERBOARD,1.0,7950.0,0.0,0.0,7950.0,7950.0
2025-10,9385,Biostar A520MHP Socket Am4 DDR4 Motherboard,MOTHERBOARD,4.0,11400.0,0.0,0.0,11400.0,2850.0
2025-10,9598,Asus Prime B550M-A Socket Am4 Ddr4 Motherboard,MOTHERBOARD,0.0,0.0,1.0,5495.0,-5495.0,
2025-10,9648,Asus PRIME B650M-A WIFI II Socket AM5 DDR5 Motherboard,MOTHERBOARD,1.0,8450.0,1.0,8450.0,0.0,8450.0
2025-10,9707,Gigabyte B850 AORUS ELITE WIFI7 ICE AM5 Socket Ddr5 Motherboard,MOTHERBOARD,1.0,15450.0,0.0,0.0,15450.0,15450.0
2025-10,9879,MSI B550M-A PRO Socket Am4 Ddr4 Motherboard,MOTHERBOARD,5.0,24280.5,1.0,4650.0,19630.5,4856.1
2025-10,9970,Asus Prime B550M-K ARGB Socket Am4 Ddr4 Motherboard,MOTHERBOARD,17.0,81456.17,0.0,0.0,81456.17,4791.54
2025-10,15,A4Tech OP-720 Usb Mouse Black,MOUSE,25.0,3642.4,0.0,0.0,3642.4,145.7
2025-10,3700,Logitech G102 Lightsync Gaming Mouse White,MOUSE,2.0,2060.0,0.0,0.0,2060.0,1030.0
2025-10,6133,Fantech Crypto VX7 Gaming Mouse Black,MOUSE,4.0,1755.23,0.0,0.0,1755.23,438.81
2025-10,6542,RAKK GAHUM Trimode 3395 Lightweight Gaming Mouse Black,MOUSE,1.0,1280.0,0.0,0.0,1280.0,1280.0
2025-10,7490,RAKK MAG-AN Trimode PAW3335 Lightweight 53g Gaming Mouse Black,MOUSE,12.0,12978.33,0.0,0.0,12978.33,1081.53
2025-10,8096,RAKK KAPTAN Trimode PAW3395 Lightweight 53g Gaming Mouse White,MOUSE,1.0,1218.9,0.0,0.0,1218.9,1218.9
2025-10,8254,Fantech VX9 Kanata Gaming Mouse,MOUSE,3.0,675.0,0.0,0.0,675.0,225.0
2025-10,8616,RAKK GAHUM Trimode 3395 Lightweight Gaming Mouse Grey,MOUSE,11.0,14417.75,2.0,2560.0,11857.75,1310.7
2025-10,9108,Redragon M916 Lite King Wireless Gaming Mouse Black,MOUSE,1.0,952.2,0.0,0.0,952.2,952.2
2025-10,1715,LB-Link BL-WN351 300Mbps Wireless Usb WiFi Adapter,NETWORK DEVICE,16.0,3704.15,0.0,0.0,3704.15,231.51
2025-10,21,Tp-Link TL-SG1016 16 Ports Gigabit Switch Hub,NETWORK DEVICE,1.0,3760.0,0.0,0.0,3760.0,3760.0
2025-10,8503,TP-Link Archer AX12 AX1500 Wi-Fi 6 Router,NETWORK DEVICE,1.0,1330.0,0.0,0.0,1330.0,1330.0
2025-10,10047,YGT N195 Micro ATX Tempered Glass Gaming Case Black,PC CASE,14.0,9824.5,0.0,0.0,9824.5,701.75
2025-10,10145,YGT B-700 Micro ATX Tempered Glass PC Case Black,PC CASE,1.0,1250.0,0.0,0.0,1250.0,1250.0
2025-10,1020,Dark Flash DLM21 Mesh Mid Tower Gaming PC Case Black,PC CASE,2.0,4233.16,0.0,0.0,4233.16,2116.58
2025-10,10224,YGT B-708 Micro ATX Mesh Tempered Glass PC Case Black,PC CASE,1.0,1250.0,0.0,0.0,1250.0,1250.0
2025-10,10271,DarkFlash M305 Mesh Micro ATX Tempered Glass Gaming PC Case Black,PC CASE,38.0,42719.03,1.0,1170.4,41548.63,1124.18
2025-10,10320,CoolerMaster Elite 301 Lite Mesh Micro ATX  PC Case White,PC CASE,1.0,1995.0,0.0,0.0,1995.0,1995.0
2025-10,10363,DarkFlash C285P V2 ATX Tempered Glass Side Panel Gaming PC Case Black,PC CASE,1.0,2350.0,0.0,0.0,2350.0,2350.0
2025-10,10374,DarkFlash DY460 Tempered Glass ATX PC Case Black,PC CASE,1.0,3950.0,0.0,0.0,3950.0,3950.0
2025-10,10412,DarkFlash DB330M v2 Reset Micro ATX Tempered Glass Side and Front Panel Gaming PC Case White,PC CASE,7.0,10990.0,0.0,0.0,10990.0,1570.0
2025-10,10430,Acer Air 2 N with Digital Screen ATX PC Case White,PC CASE,1.0,3099.83,1.0,3099.83,0.0,3099.83
2025-10,10431,Acer Air 2 Plus with LCD Screen ATX PC Case Black,PC CASE,1.0,5066.33,0.0,0.0,5066.33,5066.33
2025-10,10432,Acer Air 2 Plus with LCD Screen ATX PC Case White,PC CASE,1.0,4995.0,0.0,0.0,4995.0,4995.0
2025-10,10438,Aigo Apollo A275 Panoramic Glass Micro ATX Gaming PC Case Black,PC CASE,2.0,2340.25,1.0,1150.0,1190.25,1170.12
2025-10,3142,InPlay Meteor 03 Mid Tower Gaming Case Black,PC CASE,1.0,1045.0,0.0,0.0,1045.0,1045.0
2025-10,3540,InPlay Meteor 03 Mid Tower Gaming Case White,PC CASE,1.0,1095.0,0.0,0.0,1095.0,1095.0
2025-10,6013,MSI MAG Forge M100R Micro ATX PC Case Black,PC CASE,15.0,43106.25,1.0,2850.0,40256.25,2873.75
2025-10,7002,DarkFlash DK352 Mesh ATX Tempered Glass Side Panel Gaming PC Case Black,PC CASE,1.0,2045.0,0.0,0.0,2045.0,2045.0
2025-10,7199,Keytech T-100 Tempered Glass Micro ATX Gaming PC Case With PSU Black,PC CASE,30.0,32424.04,1.0,1115.0,31309.04,1080.8
2025-10,7367,MSI MAG Forge M100A Auto RGB Micro ATX PC Case Black,PC CASE,20.0,42043.4,0.0,0.0,42043.4,2102.17
2025-10,7559,Keytech Cyborg ROG Micro ATX with 6fans Gaming PC Case Black,PC CASE,1.0,2500.0,0.0,0.0,2500.0,2500.0
2025-10,8389,Deepcool D-Shield V2 ATX PC Case Black,PC CASE,1.0,2033.78,0.0,0.0,2033.78,2033.78
2025-10,8434,RAKK NAYA ATX Mesh Gaming PC Black,PC CASE,2.0,2930.4,0.0,0.0,2930.4,1465.2
2025-10,8520,MSI MAG PANO M100R Project Zero Micro ATX PC Case Black,PC CASE,1.0,4951.21,0.0,0.0,4951.21,4951.21
2025-10,9304,RAKK MASID MATX Tempered Gaming Case Black,PC CASE,1.0,1050.0,0.0,0.0,1050.0,1050.0
2025-10,9305,RAKK MASID MATX Tempered Gaming Case White,PC CASE,4.0,4418.33,0.0,0.0,4418.33,1104.58
2025-10,9349,DarkFlash DB330M Micro ATX Tempred Glass Side and Front Panel Gaming PC Case Black,PC CASE,4.0,6062.23,0.0,0.0,6062.23,1515.56
2025-10,9699,YGT Mars 9 Micro ATX/ITX PC Case Black,PC CASE,9.0,4050.0,0.0,0.0,4050.0,450.0
2025-10,9749,DarkFlash DB330M Mesh Micro ATX Tempred Glass Side Gaming PC Case Black,PC CASE,22.0,31725.37,2.0,2798.54,28926.83,1442.06
2025-10,9880,MSI MAG FORGE 120A AIRFLOW Mid Tower PC Case Black,PC CASE,3.0,8400.0,1.0,2800.0,5600.0,2800.0
2025-10,10052,Asus Prime 650W 80+ Bronze Power Supply,POWER SUPPLY,39.0,116273.64,0.0,0.0,116273.64,2981.38
2025-10,10208,Asus Prime AP-850W 80+ Gold Full Modular Power Supply,POWER SUPPLY,2.0,14390.0,0.0,0.0,14390.0,7195.0
2025-10,10220,Corsair SF850 850 watts SFX 80+ Platinum Power Supply,POWER SUPPLY,1.0,10350.0,0.0,0.0,10350.0,10350.0
2025-10,10433,DarkFlash GS 550M 550W Full Modular 80+ Bronze Power Supply,POWER SUPPLY,1.0,1895.0,0.0,0.0,1895.0,1895.0
2025-10,10435,DarkFlash GS 850M 850W Full Modular 80+ Bronze Power Supply,POWER SUPPLY,2.0,5700.0,0.0,0.0,5700.0,2850.0
2025-10,10504,Asus TUF Gaming 650B 80+ Bronze 650W Gaming Power Supply,POWER SUPPLY,11.0,41099.0,1.0,3650.0,37449.0,3736.27
2025-10,10507,Asus Prime 750W 80+ Bronze Power Supply,POWER SUPPLY,3.0,11985.0,0.0,0.0,11985.0,3995.0
2025-10,176,Intelligent 700 watts Power Supply,POWER SUPPLY,16.0,6480.0,0.0,0.0,6480.0,405.0
2025-10,4079,MSI MAG A650BN 650Watts 80+ Non-Modular Power Supply Bronze,POWER SUPPLY,26.0,81094.8,2.0,6390.0,74704.8,3119.03
2025-10,4080,MSI MAG A550BN 550Watts 80+ Non-Modular Power Supply Bronze,POWER SUPPLY,16.0,42612.93,0.0,0.0,42612.93,2663.31
2025-10,5458,Keytech BTS 550 watts ATX Power Supply,POWER SUPPLY,11.0,12485.0,0.0,0.0,12485.0,1135.0
2025-10,7838,MSI MAG A850GL 850Watts PCIE5 80+ Full Modular Power Supply Gold Black,POWER SUPPLY,1.0,6404.33,0.0,0.0,6404.33,6404.33
2025-10,8092,Corsair CX550 550 watts 80 Plus Bronze Power Supply,POWER SUPPLY,1.0,2905.0,0.0,0.0,2905.0,2905.0
2025-10,8093,Corsair CX650 650 watts 80 Plus Bronze Power Supply,POWER SUPPLY,2.0,6790.0,0.0,0.0,6790.0,3395.0
2025-10,8094,Corsair CX750 750 watts 80 Plus Bronze Power Supply,POWER SUPPLY,2.0,7570.0,0.0,0.0,7570.0,3785.0
2025-10,8542,Acer AC-550 550w Full Modular 80plus Bronze Power Supply,POWER SUPPLY,32.0,44681.3,0.0,0.0,44681.3,1396.29
2025-10,8543,Acer AC-650 650w Full Modular  80plus Bronze Power Supply,POWER SUPPLY,8.0,16511.93,1.0,2055.0,14456.93,2063.99
2025-10,8545,Acer AC-1000 1000w Full Modular 80plus Gold Power Supply,POWER SUPPLY,1.0,2500.0,0.0,0.0,2500.0,2500.0
2025-10,9756,Coolermaster MWE850 V2 ATX 3.1 FM MPE-8501-AFAAG-3EU2 850watts Fully Modular 80+ Gold Power Supply,POWER SUPPLY,1.0,7500.0,0.0,0.0,7500.0,7500.0
2025-10,4118,Epson L3210 Multi Functional Integrated Ink Tank Printer,PRINTER AND SCANNER,7.0,59765.0,0.0,0.0,59765.0,8537.86
2025-10,10102,AMD Ryzen 7 7700 Socket AM5 3.8GHz Processor MPK,PROCESSOR,7.0,84818.74,0.0,0.0,84818.74,12116.96
2025-10,10110,AMD Ryzen 5 5500GT 3.6GHz AM4 Socket DDR4 Processor MPK,PROCESSOR,47.0,258493.03,1.0,5605.0,252888.03,5499.85
2025-10,4513,AMD Ryzen 5 5600X Socket AM4 3.7GHz Processor with Wraith Stealth Cooler MPK,PROCESSOR,2.0,13125.75,0.0,0.0,13125.75,6562.88
2025-10,5640,AMD Ryzen 5 5500 Socket Am4 3.6GHz Processor with AMD wraith cooler MPK,PROCESSOR,29.0,110837.25,1.0,4138.4,106698.85,3821.97
2025-10,5663,AMD Ryzen 5 5600 Socket Am4 3.5GHz Processor with Wraith stealth cooler MPK,PROCESSOR,22.0,123797.1,1.0,5400.0,118397.1,5627.14
2025-10,7098,AMD Ryzen 7 5700G Socket Am4 3.8GHz with Radeon Vega 8 wraith stealth cooler Processor MPK,PROCESSOR,22.0,175148.25,0.0,0.0,175148.25,7961.28
2025-10,7260,AMD Ryzen 5 7500F Socket AM5 3.7GHz Processor MPK,PROCESSOR,1.0,8000.0,0.0,0.0,8000.0,8000.0
2025-10,7727,Intel Core I5-12400 Alder Lake Socket 1700 2.5GHz Processor MPK,PROCESSOR,6.0,55900.0,0.0,0.0,55900.0,9316.67
2025-10,7929,AMD Ryzen 7 5700X Socket AM4 3.4GHz Processor with AMD Wraith Stealth cooler MPK,PROCESSOR,27.0,199802.83,1.0,7250.0,192552.83,7400.1
2025-10,8432,AMD Ryzen 3 3200g PRO Socket Am4 3.6ghz with Radeon Vega 8 Processor MPK,PROCESSOR,11.0,33548.62,0.0,0.0,33548.62,3049.87
2025-10,928,AMD Ryzen 3 3200g Socket Am4 3.6ghz with Radeon Vega 8 Processor,PROCESSOR,1.0,2895.0,0.0,0.0,2895.0,2895.0
2025-10,9608,AMD RYZEN 7 7800X3D Socket AM5 D5 5.0ghz with Radeon Graphics processor TTP,PROCESSOR,1.0,20295.0,0.0,0.0,20295.0,20295.0
2025-10,9776,AMD Ryzen 5 5600GT 3.6GHz AM4 Socket DDR4 Processor MPK,PROCESSOR,8.0,55200.0,3.0,20400.0,34800.0,6900.0
2025-10,10403,Kingbank KP230 256GB Solid State Drive SATA 2.5,SOLID STATE DRIVE,3.0,2985.0,0.0,0.0,2985.0,995.0
2025-10,1681,Team Group GX2 Solid State Drive 256gb SATA 2.5,SOLID STATE DRIVE,39.0,43695.0,0.0,0.0,43695.0,1120.38
2025-10,2468,Team Group GX2 512GB Sata III 2.5 Solid State Drive,SOLID STATE DRIVE,35.0,68268.0,0.0,0.0,68268.0,1950.51
2025-10,6492,Adata SU650 Solid State Drive 256GB SATA 2.5,SOLID STATE DRIVE,11.0,11968.0,0.0,0.0,11968.0,1088.0
2025-10,6698,Gigabyte GP-GSTFS31480GNTD 480gb SATA 2.5 Solid State Drive,SOLID STATE DRIVE,0.0,0.0,1.0,2099.0,-2099.0,
2025-10,6700,Lexar NM610 Pro 500gb M.2 NVME Solid State Drive,SOLID STATE DRIVE,71.0,139850.82,3.0,6078.0,133772.82,1969.73
2025-10,6701,Lexar NM610 Pro 1TB M.2 NVME Solid State Drive,SOLID STATE DRIVE,21.0,72190.63,1.0,3350.0,68840.63,3437.65
2025-10,6856,Team Group MP33 256GB M.2 PCIe NVME Solid State Drive,SOLID STATE DRIVE,32.0,41268.64,1.0,1320.0,39948.64,1289.64
2025-10,6857,Team Group MP33 PRO 512GB M.2 PCIe Gen3.0 x4 NVME 1.3 Solid State Drive,SOLID STATE DRIVE,10.0,22500.0,0.0,0.0,22500.0,2250.0
2025-10,6936,Adata SU650 Solid State Drive 512GB SATA 2.5,SOLID STATE DRIVE,0.0,0.0,1.0,1795.0,-1795.0,
2025-10,7252,Adata Legend 710 512GB PCIe GEN3 x4 M.2 2280 Solid State Drive,SOLID STATE DRIVE,5.0,9989.8,1.0,1990.0,7999.8,1997.96
2025-10,7341,Team Group MP33 PRO 1TB M.2 PCIe Gen3.0 x4 NVME 1.3 Solid State Drive,SOLID STATE DRIVE,1.0,3450.0,0.0,0.0,3450.0,3450.0
2025-10,7342,Team Group MP33 PRO 2TB M.2 PCIe Gen3.0 x4 NVME 1.3 Solid State Drive,SOLID STATE DRIVE,1.0,6727.5,0.0,0.0,6727.5,6727.5
2025-10,7407,Samsung 990 Pro 2TB NVME M.2 Solid State Drive,SOLID STATE DRIVE,1.0,9995.0,0.0,0.0,9995.0,9995.0
2025-10,9591,Kingston NV3 1TB PCIe 4.0 M.2 NVME Solid State Drive,SOLID STATE DRIVE,34.0,125161.1,1.0,3650.0,121511.1,3681.21
2025-10,9613,Kingston SNV3 500GB PCIe 4.0 M.2 NVME Solid State Drive,SOLID STATE DRIVE,4.0,10154.66,0.0,0.0,10154.66,2538.66
2025-10,9812,Kingston NV3 2TB PCIe 4.0 M.2 NVME SNV3S Solid State Drive,SOLID STATE DRIVE,1.0,7570.0,0.0,0.0,7570.0,7570.0
2025-10,KISS446,Kingston SSDNow A400 Solid State Drive 480gb SATA 2.5,SOLID STATE DRIVE,1.0,2345.0,0.0,0.0,2345.0,2345.0
2025-10,3510,Edifier M101BT 2.1 Bluetooth Speaker,SPEAKER,1.0,2390.85,0.0,0.0,2390.85,2390.85
2025-10,503,Edifier R12U Usb Powered Speaker Black,SPEAKER,4.0,3280.0,0.0,0.0,3280.0,820.0
2025-10,571,Edifier XM2PF Simple Elegant 2.1 Speaker,SPEAKER,2.0,3640.0,0.0,0.0,3640.0,1820.0
2025-10,1,Eco Power 220v/110v Avr,UPS & AVR,1.0,280.0,0.0,0.0,280.0,280.0
2025-10,2991,APC Back-Ups BVX650I-PH 360 Watts 650va with Avr Universal Sockets Ups,UPS & AVR,1.0,2190.0,0.0,0.0,2190.0,2190.0
2025-10,36,Secure 220v Avr,UPS & AVR,25.0,6362.5,0.0,0.0,6362.5,254.5
2025-10,454,Secure 650va Ups,UPS & AVR,12.0,17762.5,0.0,0.0,17762.5,1480.21
2025-10,6110,Secure 1000va UPS,UPS & AVR,1.0,2968.0,0.0,0.0,2968.0,2968.0
2025-10,6738,Secure 1500va UPS,UPS & AVR,2.0,6710.0,0.0,0.0,6710.0,3355.0
2025-10,8212,Secure SVC-500 500VA AVR,UPS & AVR,15.0,17400.0,0.0,0.0,17400.0,1160.0
2025-11,9975,RAKK LIMAYA + L+R Cushion Foam Pair Black,ACCESSORIES,4.0,80.0,0.0,0.0,80.0,20.0
2025-11,10551,Logitech G733 LIGHTSPEED Wireless RGB Gaming Headset Black,AUDIO,1.0,6261.75,0.0,0.0,6261.75,6261.75
2025-11,10653,RAKK Matik USB Gaming Headset LED Illuminated,AUDIO,2.0,630.0,0.0,0.0,630.0,315.0
2025-11,3147,Edifier K800 USB Headset Black,AUDIO,1.0,795.0,1.0,795.0,0.0,795.0
2025-11,6147,Fantech Sonata MH90 Multi Platform Gaming Headset,AUDIO,1.0,1876.8,0.0,0.0,1876.8,1876.8
2025-11,6150,RAKK HUNI Wired Gaming Headset RGB Black,AUDIO,7.0,4516.4,0.0,0.0,4516.4,645.2
2025-11,6409,Logitech Zone Vibe 100 Wireless Headset Graphite,AUDIO,4.0,22180.0,2.0,11090.0,11090.0,5545.0
2025-11,6995,Inplay H20 RGB Gaming Headset Black,AUDIO,5.0,1225.0,0.0,0.0,1225.0,245.0
2025-11,7652,RAKK SONIDO 7.1 Virtual Surround RGB Gaming Headset USB Black,AUDIO,19.0,19059.23,0.0,0.0,19059.23,1003.12
2025-11,8553,Inplay HN820 Active Noice Cancellation Uni-directional Headset,AUDIO,2.0,1280.0,0.0,0.0,1280.0,640.0
2025-11,9266,Logitech G435 Lightspeed Wireless Gaming Headset Black,AUDIO,1.0,3370.0,0.0,0.0,3370.0,3370.0
2025-11,29,A4Tech PK-910H Full-HD Webcam,CAMERA,1.0,980.0,0.0,0.0,980.0,980.0
2025-11,3336,Logitech C270 HD Webcam,CAMERA,6.0,6616.0,2.0,2218.0,4398.0,1102.67
2025-11,3325,Logitech MK270R Wireless Keyboard and Mouse,COMBO,4.0,6380.0,2.0,3190.0,3190.0,1595.0
2025-11,6554,RAKK TANDOG Membrane Keyboard and Mouse Bundle,COMBO,2.0,1592.2,0.0,0.0,1592.2,796.1
2025-11,6555,RAKK TANDOG PRO Mechanical Keyboard and Mouse Bundle,COMBO,21.0,32396.67,0.0,0.0,32396.67,1542.7
2025-11,78,A4Tech KRS-8572 Usb Keyboard and Mouse Black,COMBO,56.0,27098.4,0.0,0.0,27098.4,483.9
2025-11,8437,A4Tech KRS-3330 USB Keyboard and Mouse Black,COMBO,9.0,4230.0,0.0,0.0,4230.0,470.0
2025-11,9301,RAKK APTAS ILLUMINATED / Membrane Keyboard and Mouse / No software / Rainbow lighting / Black,COMBO,16.0,4200.0,1.0,230.0,3970.0,262.5
2025-11,9302,RAKK APTAS ILLUMINATED / Membrane Keyboard and Mouse / No software / Rainbow lighting / White,COMBO,2.0,530.0,1.0,265.0,265.0,265.0
2025-11,1015,Dark Flash Dr12 Pro 120mm 3in1 Chassis Fan with Control Hub and Remote Control RGB,COOLING,6.0,6124.23,0.0,0.0,6124.23,1020.7
2025-11,10276,DarkFlash Explore DO360 Digital CPU Liquid Cooler White,COOLING,1.0,3570.75,0.0,0.0,3570.75,3570.75
2025-11,10315,Jungle Leopard Astroshel V2G LCD 240 ARGB AIO Liquid Cooler Black,COOLING,2.0,7722.83,0.0,0.0,7722.83,3861.42
2025-11,10316,Jungle Leopard Astroshel V2G LCD 240 ARGB AIO Liquid Cooler White,COOLING,1.0,4479.25,0.0,0.0,4479.25,4479.25
2025-11,10358,Jungle Leopard KF420E-DGT ARGB CPU Air Cooler Black,COOLING,2.0,1790.0,0.0,0.0,1790.0,895.0
2025-11,10359,Jungle Leopard KF420E-DGT ARGB CPU Air Cooler White,COOLING,1.0,895.0,0.0,0.0,895.0,895.0
2025-11,10370,DarkFlash Infinity 34 3in1 ARGB Chassis Fan Black,COOLING,3.0,3570.75,1.0,1190.25,2380.5,1190.25
2025-11,10371,DarkFlash Infinity 34 3in1 ARGB Chassis Fan White,COOLING,2.0,2569.25,0.0,0.0,2569.25,1284.62
2025-11,10372,DarkFlash Infinity 34 Single ARGB Chassis Fan Black,COOLING,3.0,1185.0,0.0,0.0,1185.0,395.0
2025-11,10373,DarkFlash Infinity 34 Single ARGB Chassis Fan White,COOLING,1.0,483.0,0.0,0.0,483.0,483.0
2025-11,10385,Ocypus Gamma A40 BK1AAWN00X-GL ARGB CPU Air Cooler Black,COOLING,11.0,11048.11,0.0,0.0,11048.11,1004.37
2025-11,10386,MSI MAG COREFROZR AA13 ARGB CPU Air Cooler black,COOLING,23.0,24917.75,1.0,1195.0,23722.75,1083.38
2025-11,10585,Deepcool AK500S Digital SE (R-AK500S-BKADMN-GJD) ARGB Single Tower CPU Air Cooler Black,COOLING,4.0,7529.5,0.0,0.0,7529.5,1882.38
2025-11,10586,Deepcool AK500S Digital SE (R-AK500S-WHADMN-GJD) ARGB Single Tower CPU Air Cooler White,COOLING,2.0,3829.5,0.0,0.0,3829.5,1914.75
2025-11,10590,YGT Cyber-120IFB 3in1 ARGB Chassis Fan Black,COOLING,4.0,2380.0,0.0,0.0,2380.0,595.0
2025-11,10592,YGT Cyber-120IFW 3in1 ARGB Chassis Fan White,COOLING,4.0,2451.4,1.0,630.7,1820.7,612.85
2025-11,45,Deepcool Z3 Silicon Syringe,COOLING,11.0,1048.33,0.0,0.0,1048.33,95.3
2025-11,46,Deepcool Z5 Silicon Syringe,COOLING,14.0,1820.0,0.0,0.0,1820.0,130.0
2025-11,6168,Deepcool FC120 3 in 1 ARGB PWM Cooling Fan Black,COOLING,3.0,4740.0,0.0,0.0,4740.0,1580.0
2025-11,6289,Darkflash C6MS 120mm 3in1 ARGB Aurora Spectrum Black,COOLING,3.0,2520.1,1.0,865.05,1655.05,840.03
2025-11,6398,Ad-link 120mm Chassis Fan Black,COOLING,1.0,65.0,0.0,0.0,65.0,65.0
2025-11,6520,Deepcool Gammaxx AG400 PLUS (R-AG400-BKNNMD-G) Single Tower CPU Air Cooler,COOLING,2.0,2844.6000000000004,0.0,0.0,2844.6,1422.3
2025-11,6680,Deepcool Gammaxx AG400 (R-AG400-BKNNMN-G-1) 120mm Single Tower CPU Air Cooler,COOLING,1.0,1145.0,0.0,0.0,1145.0,1145.0
2025-11,6723,Deepcool AK400 R-AK400-BKNNMN-G-1 Single Tower CPU Air Cooler Black,COOLING,2.0,2570.0,0.0,0.0,2570.0,1285.0
2025-11,6752,Keytech Tornado 3in1 120mm Chassis Fan with Control Hub and Remote Control ARGB,COOLING,88.0,46371.0,2.0,1040.0,45331.0,526.94
2025-11,7024,COOLERMASTER Hyper 212 Spectrum V3 CPU Air Cooler (RR-S4NA-17PA-R1),COOLING,1.0,1270.0,0.0,0.0,1270.0,1270.0
2025-11,7500,DarkFlash DM12 F 3in1 with Controller Remote ARGB Chassis Fan White,COOLING,1.0,1195.0,0.0,0.0,1195.0,1195.0
2025-11,7504,DarkFlash Infinity24 3in1 with Controller Remote ARGB Chassis Fan White,COOLING,3.0,3960.0,0.0,0.0,3960.0,1320.0
2025-11,8087,DarkFlash DC 360 360MM Liquid CPU Cooler Black,COOLING,1.0,3260.25,0.0,0.0,3260.25,3260.25
2025-11,9170,Deepcool AG400 (R-AG400-BKADMP-G-1) ARGB Digital Plus CPU Air Cooler Black,COOLING,2.0,5240.0,0.0,0.0,5240.0,2620.0
2025-11,9290,RAKK DANUM 240MM AIO CPU Liquid Cooling RGB Black,COOLING,2.0,3990.0,0.0,0.0,3990.0,1995.0
2025-11,9543,Jungle Leopard 3in1 ARGB Interstellar V3 Block Chassis Fan Black,COOLING,1.0,1220.0,0.0,0.0,1220.0,1220.0
2025-11,9737,MSI MAG Coreliquid A13 240 CPU Liquid Cooler Black,COOLING,13.0,45724.5,2.0,6800.0,38924.5,3517.27
2025-11,9777,Coolman 120mm Chassis Fan Black,COOLING,8.0,562.45,0.0,0.0,562.45,70.31
2025-11,10076,"Bezel Ignite 2 24MD1FS-2 24.5"" 200Hz FHD IPS Monitor",DISPLAY,1.0,4890.0,0.0,0.0,4890.0,4890.0
2025-11,10164,"AOC 24B36H3 23.8"" 120Hz FHD IPS Monitor",DISPLAY,1.0,4350.0,0.0,0.0,4350.0,4350.0
2025-11,10264,"Nvision EG24XT 23.8"" FHD 240Hz IPS Monitor",DISPLAY,5.0,28185.0,0.0,0.0,28185.0,5637.0
2025-11,10282,"AOC 22B15H2 21.45"" FHD IPS Monitor",DISPLAY,1.0,3495.0,0.0,0.0,3495.0,3495.0
2025-11,10285,"LG 27U411A-B 27"" FHD IPS 120Hz HDR 10 Monitor",DISPLAY,15.0,91393.78,4.0,23980.0,67413.78,6092.92
2025-11,10291,"Acer EK251Q 24.5"" 144Hz FHD IPS Monitor",DISPLAY,7.0,31416.0,0.0,0.0,31416.0,4488.0
2025-11,10317,"Nvision G2455 23.8"" IPS 144Hz FHD Monitor Black",DISPLAY,28.0,118629.0,0.0,0.0,118629.0,4236.75
2025-11,10425,"ViewSonic VA24G1-H 24"" FHD 144Hz IPS Monitor",DISPLAY,8.0,35452.5,0.0,0.0,35452.5,4431.56
2025-11,10426,"ViewSonic VX2779A-HD-PRO 27"" 240Hz FHD IPS Monitor",DISPLAY,1.0,9309.83,0.0,0.0,9309.83,9309.83
2025-11,10437,"MSI MAG 255F E20 24.5"" 200Hz IPS Monitor",DISPLAY,3.0,21435.0,0.0,0.0,21435.0,7145.0
2025-11,10459,"AOC 24B36X 23.8"" FHD 144Hz IPS Monitor",DISPLAY,11.0,50797.729999999996,0.0,0.0,50797.73,4617.98
2025-11,10460,"AOC 27B36X 27"" FHD 144Hz IPS Monitor",DISPLAY,6.0,37787.0,0.0,0.0,37787.0,6297.83
2025-11,10542,"MSI MAG 244C 23.6"" FHD 180Hz Curved Monitor",DISPLAY,2.0,11599.5,0.0,0.0,11599.5,5799.75
2025-11,10556,"Gamdias Venus HD24IFWII 24"" 200Hz FHD IPS Monitor",DISPLAY,1.0,5720.0,0.0,0.0,5720.0,5720.0
2025-11,10557,"Gamdias Atlas HD27IFIII 27"" 200Hz FHD IPS Monitor",DISPLAY,2.0,13760.0,0.0,0.0,13760.0,6880.0
2025-11,10558,"Gamdias Atlas QHD27FII 27"" 180Hz QHD IPS Monitor",DISPLAY,4.0,30800.0,0.0,0.0,30800.0,7700.0
2025-11,6351,"GAMDIAS ATLAS  VH22F 22"" Monitor",DISPLAY,1.0,3730.0,0.0,0.0,3730.0,3730.0
2025-11,7729,"Gamdias Atlas HD27GII 27"" 180HZ FHD Curved Gaming Monitor",DISPLAY,3.0,22380.0,0.0,0.0,22380.0,7460.0
2025-11,7785,Nvision N190V8 19' LED Monitor,DISPLAY,8.0,13445.0,1.0,1665.0,11780.0,1680.62
2025-11,7786,"Nvision N200V8 20"" LED Monitor",DISPLAY,5.0,9050.0,1.0,1810.0,7240.0,1810.0
2025-11,7787,"Nvision N2455PRO-B 100Hz IPS Panel 23.8"" Monitor Black",DISPLAY,38.0,136487.5,0.0,0.0,136487.5,3591.78
2025-11,8060,"Nvision H22V8 21.5"" LED Monitor",DISPLAY,9.0,21056.5,1.0,2300.0,18756.5,2339.61
2025-11,8101,"ViewPlus ML-24S 23.8"" 100HZ FHD Monitor",DISPLAY,0.0,0.0,1.0,3800.0,-3800.0,
2025-11,9028,"LG 24MR400-B 23.8"" IPS Full HD 100Hz monitor with AMD FreeSync Black",DISPLAY,2.0,8877.9,0.0,0.0,8877.9,4438.95
2025-11,9126,"Gamdias Atlas HD24CII 24"" 180HZ FHD Curved Monitor",DISPLAY,2.0,12000.0,0.0,0.0,12000.0,6000.0
2025-11,9261,"LG 24GS60F-B UltraGear 24"" 180HZ 1MS HDR 10 FHD IPS Gaming Monitor",DISPLAY,1.0,8450.0,0.0,0.0,8450.0,8450.0
2025-11,9791,"Nvision N2455PRO-W 100Hz IPS Panel 23.8"" Monitor White",DISPLAY,3.0,12152.4,1.0,4128.7,8023.7,4050.8
2025-11,9904,"Viewsonic VX2479A-HD-PRO 24"" 240Hz FHD 1MS MPRT IPS HDR10 Gaming Monitor",DISPLAY,2.0,14076.0,0.0,0.0,14076.0,7038.0
2025-11,9969,"Gamdias Atlas HD24IF III 24"" 200HZ IPS Gaming Monitor",DISPLAY,4.0,22625.12,0.0,0.0,22625.12,5656.28
2025-11,9284,RAKK SUKOG LITE 700x300x3mm Mousepad Black,GAMING SURFACE,15.0,2260.5,0.0,0.0,2260.5,150.7
2025-11,10028,MSI Nvidia GeForce RTX 5060 Ti VENTUS 2X OC PLUS (G506T-16V2CP) 16GB 128-bit GDDR7 Videocard,GRAPHIC CARD,2.0,62990.0,0.0,0.0,62990.0,31495.0
2025-11,10053,ASUS Dual Nvidia Geforce RTX 3050 OC Edition (DUAL-RTX3050-O6G) 6GB 96-bit GDRR6 Videocard,GRAPHIC CARD,9.0,97003.66,0.0,0.0,97003.66,10778.18
2025-11,10072,MSI Nvidia GeForce RTX 5060 VENTUS 2X OC (G5060-8V2C) 8GB 128-bit GDDR7 Videocard,GRAPHIC CARD,12.0,249988.25,2.0,41510.0,208478.25,20832.35
2025-11,10155,ASUS DUAL Nvidia GeForce RTX 5060 OC Edition (DUAL-RTX5060-O8G) 8GB 128-bit GDDR7 Videocard,GRAPHIC CARD,5.0,106216.5,0.0,0.0,106216.5,21243.3
2025-11,10206,ASUS Dual RX 7600 EVO OC Edition DUAL-RX7600-O8G-EVO 8GB 128-bit GDDR6 Videocard,GRAPHIC CARD,3.0,55916.75,0.0,0.0,55916.75,18638.92
2025-11,10207,ASUS Prime AMD Radeon RX 9060 XT OC (PRIME-RX9060XT-O16G) 16GB 128-Bit GDDR6 Videocard,GRAPHIC CARD,6.0,178614.0,0.0,0.0,178614.0,29769.0
2025-11,10238,Asus AMD Radeon Dual RX 9060 XT DUAL-RX9060XT 8GB 128-bit GDDR6 Videocard,GRAPHIC CARD,2.0,46746.0,0.0,0.0,46746.0,23373.0
2025-11,10278,MSI Nvidia GeForce RTX 5060 VENTUS 2X OC (G5060-8V2CW) 8GB 128-bit GDDR7 Videocard White,GRAPHIC CARD,2.0,46117.5,0.0,0.0,46117.5,23058.75
2025-11,10309,XFX Swift AMD Radeon RX 9060 XT OC Gaming Edition (RX-96TSW16BQ) 16GB 128-Bit GDDR6 Videocard,GRAPHIC CARD,1.0,25823.25,0.0,0.0,25823.25,25823.25
2025-11,10648,MSI Nvidia GeForce RTX 5060 TI SHADOW 2X OC PLUS (G506T-8S2P) 8GB 128-bit GDDR7 Videocard,GRAPHIC CARD,3.0,69653.25,0.0,0.0,69653.25,23217.75
2025-11,4153,MSI RTX 3060 Ventus 2X OC 12gb 192bit GDdr6 Gaming Videocard LHR,GRAPHIC CARD,5.0,92328.0,0.0,0.0,92328.0,18465.6
2025-11,5874,MSI GTX 1630 VENTUS XS OC 4gb 64bit GDDR6 Videocard,GRAPHIC CARD,3.0,20100.0,0.0,0.0,20100.0,6700.0
2025-11,6547,Asrock RX 6600 8G CHALLENGER D 8gb 128bit GDdr6 Gaming Videocard,GRAPHIC CARD,27.0,366076.25,0.0,0.0,366076.25,13558.38
2025-11,8396,MSI GEFORCE RTX 3050 VENTUS 2X OC 6GB 96-bit DDR6 Videocard,GRAPHIC CARD,13.0,136614.33,2.0,20600.0,116014.33,10508.79
2025-11,9396,Biostar Rx 580 VA5815RQ82 Dual Cooling Fan 8gb 256bit GDdr5 Gaming Videocard,GRAPHIC CARD,27.0,177257.5,1.0,7112.03,170145.47,6565.09
2025-11,9695,Asrock Intel ARC B580 Challenger 12GB OC 12gb 192bit GDDR6 Videocard,GRAPHIC CARD,1.0,17995.0,0.0,0.0,17995.0,17995.0
2025-11,6,Western Digital 1tb Harddisk Drive Blue,HARD DISK,2.0,6240.0,0.0,0.0,6240.0,3120.0
2025-11,442,Logitech G213 Prodigy RGB Gaming Keyboard,KEYBOARD,2.0,5319.9,0.0,0.0,5319.9,2659.95
2025-11,7291,RAKK PIRAH PLUS 66 Keys Universal HotSwap Mechanical Gaming Keyboard,KEYBOARD,1.0,1795.0,0.0,0.0,1795.0,1795.0
2025-11,7466,RAKK DAUG 96 Keys Wired Gaming Keyboard|Hotswappable|Rainbow LED|Yellow Switch|Black/Gray,KEYBOARD,3.0,2685.0,0.0,0.0,2685.0,895.0
2025-11,9081,"RAKK SINAG PRO|Trimode Gasket Mount 1.4"" TFT Screen|96 Keys|Mechanical Keyboard|Black",KEYBOARD,4.0,10780.0,1.0,2695.0,8085.0,2695.0
2025-11,9082,"RAKK SINAG PRO|Trimode Gasket Mount 1.4"" TFT Screen|96 Keys|Mechanical Keyboard|White",KEYBOARD,5.0,13663.66,0.0,0.0,13663.66,2732.73
2025-11,9195,Fantech MK886 V2 ATOM104 Sumi Edition Red Switch Mechanical Keyboard Black,KEYBOARD,3.0,3414.38,0.0,0.0,3414.38,1138.13
2025-11,9298,RAKK DIWA V3 68 Keys Huano Switch Mechanical Gaming Keyboard Black/Gray,KEYBOARD,1.0,740.0,0.0,0.0,740.0,740.0
2025-11,9303,RAKK BULAN / 82 Keys/Knob/Gasket/Trimode/UHS 5pin/Outemu Switches/PC Plate/PBT Cherry Doubleshot,KEYBOARD,10.0,20398.89,0.0,0.0,20398.89,2039.89
2025-11,9309,RAKK LAM-ANG PRO MAX 87 Keys / RGB / Trimode / Universal Hotswap / South Facing / Gasket Mount / Outemu Black / TFT Screen / Cherry Keycaps / White,KEYBOARD,1.0,2095.0,0.0,0.0,2095.0,2095.0
2025-11,10515,"MSI CYBORG 15 B13WEKG-639PH 15.6"" FHD 144Hz IPS Raptor Lake i5-13420H/8GB+8GB DDR5/512GB NVMe PCIe SSD/RTX 5050 8GD7/Win11 Laptop",LAPTOP GA2,3.0,164985.0,2.0,109990.0,54995.0,54995.0
2025-11,10298,"Asus Vivobook Go 15 E1504FA-NJ1909W 15.6"" FHD (1920x1080) Ryzen 3-7320U/8GB LPDDR5/512GB M.2 NVMe PCIe 3.0 SSD/AMD Radeon Graphics/Win11 Laptop (Grey Green)",LAPTOP PR1,1.0,24524.33,0.0,0.0,24524.33,24524.33
2025-11,10299,"Lenovo ThinkPad E16 Gen2 16.0"" Core Ultra 5 125H/16GB DDR5/512GB M.2 NVMe PCIe 3.0 SSD Laptop MN",LAPTOP PR2,1.0,38995.0,0.0,0.0,38995.0,38995.0
2025-11,10305,"Acer Aspire 7 A715-79G 15.6"" 144Hz IPS Intel Core I5-13420H/16GB DDR4/512GB SSD/RTX 3050 6GD6/Win11 Laptop SE",LAPTOP PR2,1.0,40995.0,0.0,0.0,40995.0,40995.0
2025-11,10546,"Acer Aspire Lite AL15-41 15.6"" FHD IPS Ryzen 5-7430U/16GB DDR4/512GB PCIe NVMe SSD/Win11 Pro SE",LAPTOP PR2,1.0,27995.0,0.0,0.0,27995.0,27995.0
2025-11,10517,"Acer Aspire AS15-42 15.6"" FHD IPS Ryzen 7-7730U/16GB/512GB SSD/Win11 Pro Laptop + Backlit SE",LAPTOP PR3,68.0,2175660.0,16.0,511920.0,1663740.0,31995.0
2025-11,10086,Kingston Fury Beast 16GB 2x8 KF432C16BWAK2/16 3200MT/s DDR4 Memory White Special Edition,MEMORY,1.0,4542.5,0.0,0.0,4542.5,4542.5
2025-11,10175,Lexar Ares OC 16GB LD4BU008G-R3600GDLA 2x8GB 3600Mhz DDR4 Memory RGB Black,MEMORY,1.0,3750.0,0.0,0.0,3750.0,3750.0
2025-11,10179,Lexar Thor OC 16GB LD4U08G36C18LG-RGD 2x8 3600Mhz DDR4 Memory Blk,MEMORY,2.0,6678.0,0.0,0.0,6678.0,3339.0
2025-11,10194,KingBank SharpBlade 16GB 2x8 3200mhz DDR4 RGB Memory Black,MEMORY,2.0,4949.0,0.0,0.0,4949.0,2474.5
2025-11,10214,Team Vulcan Eco 32GB 16GBx2 6000Mhz CL38 DDR5 Memory Silver,MEMORY,10.0,57672.75,1.0,5610.0,52062.75,5767.28
2025-11,10239,Biwin Black Opal DW100 32GB 2x16 6000Mhz CL36 DDR5 RGB Gaming Memory Black,MEMORY,5.0,34481.0,0.0,0.0,34481.0,6896.2
2025-11,10262,Team T-Force Delta RGB ECO 64GB 2x32 6000Mhz CL38 DDR5 Memory Silver,MEMORY,4.0,95160.0,2.0,47580.0,47580.0,23790.0
2025-11,10266,Lexar LD4AS008G-B3200GSST 8GB 3200Mhz DDR4 Sodimm Memory,MEMORY,1.0,1895.0,0.0,0.0,1895.0,1895.0
2025-11,10300,Kingston Fury Beast RGB 16GB KF432C16BB12A/16WP 1x16 3200Mhz DDR4 Memory Black,MEMORY,14.0,52600.0,0.0,0.0,52600.0,3757.14
2025-11,10354,Kingston Fury Beast 16GB 1x16 KF432C16BB1/16WP 3200Mhz DDR4 Memory Black,MEMORY,3.0,13264.0,0.0,0.0,13264.0,4421.33
2025-11,10378,Team Elite Plus 16GB 1x16 3200Mhz DDR4 Memory Black Gold,MEMORY,9.0,28350.0,0.0,0.0,28350.0,3150.0
2025-11,10391,Team T-Force Delta RGB 32GB 16GBx2 6000Mhz CL30 DDR5 Memory Black,MEMORY,1.0,9206.33,0.0,0.0,9206.33,9206.33
2025-11,10427,Lexar LD4AS008G-R3200GSST 8GB 3200MHz DDR4 Sodimm Memory,MEMORY,2.0,3790.0,0.0,0.0,3790.0,1895.0
2025-11,10473,Adata XPG Lancer Blade 32GB AX5U6000C3616G-DTLABRWH 2x16GB 6000Mhz CL36 DDR5 RGB Memory White,MEMORY,2.0,12021.75,0.0,0.0,12021.75,6010.88
2025-11,10496,Apacer Golden Panther 16GB 2x8 (RP-K2-AH4U16G32C28Y7GAA-2) 3200Mhz DDR4 Memory,MEMORY,89.0,234243.8,5.0,13390.7,220853.1,2631.95
2025-11,10498,G.Skill Ripjaws V 16gb 1x16 3200mhz DDR4 Memory Black,MEMORY,6.0,17299.5,0.0,0.0,17299.5,2883.25
2025-11,1095,G.Skill Trident Z Neo 16gb 2x8 3200mhz Ddr4 RGB Memory,MEMORY,1.0,4450.0,0.0,0.0,4450.0,4450.0
2025-11,4054,Team Elite Plus 8gb 1x8 3200Mhz Ddr4 Memory Black Red,MEMORY,1.0,1550.0,0.0,0.0,1550.0,1550.0
2025-11,4055,Team Elite Plus 8gb 1x8 3200Mhz Ddr4 Memory Black Gold,MEMORY,18.0,29192.0,0.0,0.0,29192.0,1621.78
2025-11,498,G.Skill Trident Z RGB 16GB F4-3200C16D-16GTZR 2x8 3200Mhz DDR4 Memory,MEMORY,2.0,7995.0,0.0,0.0,7995.0,3997.5
2025-11,6047,Kingston Fury Beast 8GB 1x8 3200MT/s DDR4 Memory RGB White Special Edition,MEMORY,2.0,3370.0,0.0,0.0,3370.0,1685.0
2025-11,6223,Team Elite Vulcan Z 16GB 2x8 3200mHz Gray DDR4 Memory,MEMORY,35.0,112285.83,2.0,6400.0,105885.83,3208.17
2025-11,7517,Lexar Thor 8GB LD4BU008G-R3200GSXG 1x8 3200Mhz DDR4 Memory Dark Grey,MEMORY,1.0,1750.0,1.0,1750.0,0.0,1750.0
2025-11,7836,NETAC NTBSD4P26SP-16 1x16GB 2666Mhz Udimm Ddr4 Memory,MEMORY,1.0,1250.0,0.0,0.0,1250.0,1250.0
2025-11,9325,KINGBANK 8GB 1x8 3200mhz DDR4 with Heatsink Memory Silver,MEMORY,8.0,9668.0,0.0,0.0,9668.0,1208.5
2025-11,9327,KINGBANK SharpBlade 16GB 2x8 3200mhz DDR4 RGB Memory White,MEMORY,1.0,2450.0,0.0,0.0,2450.0,2450.0
2025-11,981,Team Elite TForce Delta TUF 16gb 2x8 3200mhz Ddr4 RGB Memory,MEMORY,3.0,8565.3,0.0,0.0,8565.3,2855.1
2025-11,984,Team Elite TForce Delta 16gb 2x8 3200mhz Ddr4 RGB Memory Black,MEMORY,2.0,8900.0,0.0,0.0,8900.0,4450.0
2025-11,985,Team Elite TForce Delta 16gb 2x8 3200mhz Ddr4 RGB Memory White,MEMORY,1.0,4605.75,0.0,0.0,4605.75,4605.75
2025-11,10184,EasyPC Pocket Rocket Beelink EQR5-D4 AMD Ryzen 5 5650U Processor / 16GB 3200MHz DDR4 / 500GB NVMe M.2 SSD,MINI PC,1.0,15450.0,0.0,0.0,15450.0,15450.0
2025-11,10502,Beelink EQR6-LP AMD Ryzen 5 6600U Processor / Dual Gigabit Lan / 32GB 4800MHZ DDR5 / 500GB NVMe M.2 SSD,MINI PC,3.0,53850.0,0.0,0.0,53850.0,17950.0
2025-11,10503,Beelink EQi12-D4 Intel Core i5-1235U Processor / Dual Gigabit Lan / 16GB 3200MHZ DDR4 / 500GB NVMe M.2 SSD,MINI PC,2.0,36900.0,0.0,0.0,36900.0,18450.0
2025-11,10295,Asus B650M-AYW Wifi DDR5 AMD Motherboard,MOTHERBOARD,9.0,69041.5,0.0,0.0,69041.5,7671.28
2025-11,2755,MSI B450M-A Pro Max II Socket Am4 Ddr4  Motherboard,MOTHERBOARD,19.0,59589.0,3.0,9300.0,50289.0,3136.26
2025-11,2756,MSI B550M Pro VDH Wifi Socket Am4 Ddr4 Motherboard,MOTHERBOARD,22.0,143002.0,0.0,0.0,143002.0,6500.09
2025-11,3367,MSI A520m-A Pro Socket Am4 Ddr4 Motherboard,MOTHERBOARD,2.0,6500.0,0.0,0.0,6500.0,3250.0
2025-11,3435,Asrock B450M HDV Motherboard Socket Am4 Ddr4,MOTHERBOARD,38.0,114067.6,1.0,3137.6,110930.0,3001.78
2025-11,3715,Asus Prime A520M-K Gaming Socket AM4 Ddr4 Motherboard,MOTHERBOARD,47.0,138015.9,3.0,9209.25,128806.65,2936.51
2025-11,4492,Asus Prime B550M-A Wifi II Socket Am4 Ddr4 Gaming Motherboard,MOTHERBOARD,9.0,58888.5,0.0,0.0,58888.5,6543.17
2025-11,5696,Msi PRO H610M-E Socket LGA 1700 Ddr4 Motherboard,MOTHERBOARD,9.0,40714.0,1.0,4495.0,36219.0,4523.78
2025-11,6044,Gigabyte GA-B450M-DS3H WIFI Socket Am4 Ddr4 Motherboard,MOTHERBOARD,1.0,4750.0,0.0,0.0,4750.0,4750.0
2025-11,6091,ASUS Prime B450M-K II AM4 ddr4 motherboard,MOTHERBOARD,2.0,7700.0,0.0,0.0,7700.0,3850.0
2025-11,7759,MSI Pro B760M-E M-ATX LGA 1700 DDR4 Motherboard,MOTHERBOARD,2.0,10900.0,1.0,5450.0,5450.0,5450.0
2025-11,8298,Gigabyte B650I AX AM5 Socket DDR5 Motherboard,MOTHERBOARD,1.0,9650.0,0.0,0.0,9650.0,9650.0
2025-11,8418,ASUS PRIME B650M-A II Socket AM5 DDR5 Motherboard,MOTHERBOARD,1.0,7850.0,0.0,0.0,7850.0,7850.0
2025-11,9225,MSI PRO B650M-P Socket AM5 DDR5 Motherboard,MOTHERBOARD,4.0,31223.5,0.0,0.0,31223.5,7805.88
2025-11,9385,Biostar A520MHP Socket Am4 DDR4 Motherboard,MOTHERBOARD,2.0,5799.75,0.0,0.0,5799.75,2899.88
2025-11,9618,Gigabyte GA-B450M-K Socket Am4 Ddr4 Motherboard,MOTHERBOARD,2.0,6700.0,0.0,0.0,6700.0,3350.0
2025-11,9879,MSI B550M-A PRO Socket Am4 Ddr4 Motherboard,MOTHERBOARD,11.0,54101.75,0.0,0.0,54101.75,4918.34
2025-11,9970,Asus Prime B550M-K ARGB Socket Am4 Ddr4 Motherboard,MOTHERBOARD,27.0,128384.0,1.0,4600.0,123784.0,4754.96
2025-11,10039,RAKK DASIG X2 Ambidextrous Hotswap Trimode PAW3325 Huano 80M RGB Gaming Mouse Black,MOUSE,0.0,0.0,1.0,995.0,-995.0,
2025-11,10488,RAKK DASIG X3 Ambidextrous Hotswap Trimode PAW3311 Huano 80M RGB Gaming Mouse Black,MOUSE,12.0,12044.49,2.0,2024.83,10019.66,1003.71
2025-11,10489,RAKK DASIG X3 Ambidextrous Hotswap Trimode PAW3311 Huano 80M RGB Gaming Mouse White,MOUSE,5.0,5079.49,1.0,1029.83,4049.66,1015.9
2025-11,15,A4Tech OP-720 Usb Mouse Black,MOUSE,14.0,2035.08,0.0,0.0,2035.08,145.36
2025-11,3513,Logitech G102 Lightsync Gaming Mouse Black,MOUSE,2.0,1912.9,0.0,0.0,1912.9,956.45
2025-11,3700,Logitech G102 Lightsync Gaming Mouse White,MOUSE,2.0,1880.0,0.0,0.0,1880.0,940.0
2025-11,492,Logitech G304 Lightspeed Wireless Gaming Mouse Black,MOUSE,2.0,3317.05,0.0,0.0,3317.05,1658.52
2025-11,7490,RAKK MAG-AN Trimode PAW3335 Lightweight 53g Gaming Mouse Black,MOUSE,3.0,2685.0,0.0,0.0,2685.0,895.0
2025-11,8616,RAKK GAHUM Trimode 3395 Lightweight Gaming Mouse Grey,MOUSE,2.0,2500.0,0.0,0.0,2500.0,1250.0
2025-11,9299,RAKK DASIG LITE Huano Switch RGB Gaming Mouse,MOUSE,5.0,1480.9,0.0,0.0,1480.9,296.18
2025-11,1715,LB-Link BL-WN351 300Mbps Wireless Usb WiFi Adapter,NETWORK DEVICE,9.0,2070.0,1.0,230.0,1840.0,230.0
2025-11,6853,"TPLink TL-SG1005LP 5 Port, Gigabit, 4X PoE Switch Hub",NETWORK DEVICE,2.0,2770.0,0.0,0.0,2770.0,1385.0
2025-11,8500,TP-Link Archer C54 AC1200 Dual Band Wi-Fi Router,NETWORK DEVICE,2.0,2000.0,0.0,0.0,2000.0,1000.0
2025-11,8503,TP-Link Archer AX12 AX1500 Wi-Fi 6 Router,NETWORK DEVICE,1.0,1330.0,0.0,0.0,1330.0,1330.0
2025-11,860,LB Link BL-WN151 150Mbps Wireless N USB Adapter,NETWORK DEVICE,3.0,450.0,0.0,0.0,450.0,150.0
2025-11,10045,YGT N275 Micro ATX Tempered Glass Gaming Case Black,PC CASE,5.0,4775.0,0.0,0.0,4775.0,955.0
2025-11,10047,YGT N195 Micro ATX Tempered Glass Gaming Case Black,PC CASE,4.0,2824.5,0.0,0.0,2824.5,706.12
2025-11,10146,MSI PANO 110R PZ Mid Tower Gaming PC Case Black,PC CASE,2.0,7936.5,0.0,0.0,7936.5,3968.25
2025-11,10182,YGT Y-288 Micro ATX Tempered Glass PC Case Black,PC CASE,26.0,13255.0,0.0,0.0,13255.0,509.81
2025-11,1020,Dark Flash DLM21 Mesh Mid Tower Gaming PC Case Black,PC CASE,3.0,6451.98,0.0,0.0,6451.98,2150.66
2025-11,10224,YGT B-708 Micro ATX Mesh Tempered Glass PC Case Black,PC CASE,3.0,3818.75,0.0,0.0,3818.75,1272.92
2025-11,10271,DarkFlash M305 Mesh Micro ATX Tempered Glass Gaming PC Case Black,PC CASE,43.0,47679.37,3.0,3707.5,43971.87,1108.82
2025-11,10431,Acer Air 2 Plus with LCD Screen ATX PC Case Black,PC CASE,1.0,4895.0,0.0,0.0,4895.0,4895.0
2025-11,10432,Acer Air 2 Plus with LCD Screen ATX PC Case White,PC CASE,1.0,5744.25,0.0,0.0,5744.25,5744.25
2025-11,10438,Aigo Apollo A275 Panoramic Glass Micro ATX Gaming PC Case Black,PC CASE,0.0,0.0,1.0,1190.25,-1190.25,
2025-11,10439,Aigo Apollo A275 Panoramic Glass Micro ATX Gaming PC Case White,PC CASE,1.0,1190.25,0.0,0.0,1190.25,1190.25
2025-11,10595,1stplayer Uview UV5 Dual Chamber Micro ATX PC Case Black,PC CASE,1.0,2395.0,0.0,0.0,2395.0,2395.0
2025-11,6013,MSI MAG Forge M100R Micro ATX PC Case Black,PC CASE,23.0,66590.25,1.0,2850.0,63740.25,2895.23
2025-11,7002,DarkFlash DK352 Mesh ATX Tempered Glass Side Panel Gaming PC Case Black,PC CASE,2.0,4161.58,0.0,0.0,4161.58,2080.79
2025-11,7004,DarkFlash DK352 Plus ATX Tempered Glass Side Panel Gaming PC Case Black,PC CASE,2.0,4873.83,0.0,0.0,4873.83,2436.92
2025-11,7199,Keytech T-100 Tempered Glass Micro ATX Gaming PC Case With PSU Black,PC CASE,3.0,3324.0299999999997,0.0,0.0,3324.03,1108.01
2025-11,7200,Keytech T-100 Tempered Glass Micro ATX Gaming PC Case With PSU White,PC CASE,1.0,1065.0,0.0,0.0,1065.0,1065.0
2025-11,7367,MSI MAG Forge M100A Auto RGB Micro ATX PC Case Black,PC CASE,24.0,48570.0,2.0,4000.0,44570.0,2023.75
2025-11,9304,RAKK MASID MATX Tempered Gaming Case Black,PC CASE,9.0,9450.0,1.0,1050.0,8400.0,1050.0
2025-11,9305,RAKK MASID MATX Tempered Gaming Case White,PC CASE,6.0,6701.4,1.0,1160.7,5540.7,1116.9
2025-11,9349,DarkFlash DB330M Micro ATX Tempred Glass Side and Front Panel Gaming PC Case Black,PC CASE,1.0,1495.0,0.0,0.0,1495.0,1495.0
2025-11,9699,YGT Mars 9 Micro ATX/ITX PC Case Black,PC CASE,2.0,900.0,0.0,0.0,900.0,450.0
2025-11,9749,DarkFlash DB330M Mesh Micro ATX Tempred Glass Side Gaming PC Case Black,PC CASE,25.0,35090.49,0.0,0.0,35090.49,1403.62
2025-11,9750,DarkFlash DB330M Mesh Micro ATX Tempred Glass Side Gaming PC Case White,PC CASE,1.0,1550.0,0.0,0.0,1550.0,1550.0
2025-11,9880,MSI MAG FORGE 120A AIRFLOW Mid Tower PC Case Black,PC CASE,5.0,14000.0,2.0,5600.0,8400.0,2800.0
2025-11,9896,YGT V100 Micro ATX PC Case with PSU Black,PC CASE,1.0,835.0,0.0,0.0,835.0,835.0
2025-11,10052,Asus Prime 650W 80+ Bronze Power Supply,POWER SUPPLY,58.0,170281.5,3.0,9049.25,161232.25,2935.89
2025-11,10153,Aigo G5 HJ Plus GP550 550W 80+ Bronze Power Supply,POWER SUPPLY,1.0,1695.0,0.0,0.0,1695.0,1695.0
2025-11,10154,Aigo G6 HJ Plus GP650 650W 80+ Bronze Power Supply,POWER SUPPLY,1.0,1850.0,0.0,0.0,1850.0,1850.0
2025-11,10208,Asus Prime AP-850W 80+ Gold Full Modular Power Supply,POWER SUPPLY,1.0,7452.0,0.0,0.0,7452.0,7452.0
2025-11,10433,DarkFlash GS 550M 550W Full Modular 80+ Bronze Power Supply,POWER SUPPLY,1.0,1895.0,0.0,0.0,1895.0,1895.0
2025-11,10434,DarkFlash GS 650M 650W Full Modular 80+ Bronze Power Supply,POWER SUPPLY,1.0,2350.0,0.0,0.0,2350.0,2350.0
2025-11,10507,Asus Prime 750W 80+ Bronze Power Supply,POWER SUPPLY,18.0,73747.72,0.0,0.0,73747.72,4097.1
2025-11,10589,Cougar Atlas 650 Watts 80+ Bronze ATX 3.1 Power Supply,POWER SUPPLY,1.0,3150.0,0.0,0.0,3150.0,3150.0
2025-11,176,Intelligent 700 watts Power Supply,POWER SUPPLY,21.0,8291.0,1.0,402.8,7888.2,394.81
2025-11,4079,MSI MAG A650BN 650Watts 80+ Non-Modular Power Supply Bronze,POWER SUPPLY,25.0,77403.56,0.0,0.0,77403.56,3096.14
2025-11,4080,MSI MAG A550BN 550Watts 80+ Non-Modular Power Supply Bronze,POWER SUPPLY,20.0,52649.0,2.0,5200.0,47449.0,2632.45
2025-11,7838,MSI MAG A850GL 850Watts PCIE5 80+ Full Modular Power Supply Gold Black,POWER SUPPLY,8.0,50754.0,2.0,12400.0,38354.0,6344.25
2025-11,8092,Corsair CX550 550 watts 80 Plus Bronze Power Supply,POWER SUPPLY,1.0,2905.0,0.0,0.0,2905.0,2905.0
2025-11,8542,Acer AC-550 550w Full Modular 80plus Bronze Power Supply,POWER SUPPLY,39.0,54047.44,1.0,1435.0,52612.44,1385.83
2025-11,8543,Acer AC-650 650w Full Modular  80plus Bronze Power Supply,POWER SUPPLY,11.0,22933.82,2.0,4253.86,18679.96,2084.89
2025-11,9703,CoolerMaster MWE 650W V3 (MPE-6501-ACABW-3BUS) 80+ Bronze ATX 3.1 Power Supply,POWER SUPPLY,1.0,3810.0,0.0,0.0,3810.0,3810.0
2025-11,3940,Epson L121 Ink Tank Printer,PRINTER AND SCANNER,1.0,5495.0,0.0,0.0,5495.0,5495.0
2025-11,4115,Epson L3250 Wi-Fi Multi Functional Integrated Ink Tank Printer,PRINTER AND SCANNER,2.0,20450.0,0.0,0.0,20450.0,10225.0
2025-11,4118,Epson L3210 Multi Functional Integrated Ink Tank Printer,PRINTER AND SCANNER,7.0,59762.33,0.0,0.0,59762.33,8537.48
2025-11,10102,AMD Ryzen 7 7700 Socket AM5 3.8GHz Processor MPK,PROCESSOR,10.0,129217.75,0.0,0.0,129217.75,12921.78
2025-11,10110,AMD Ryzen 5 5500GT 3.6GHz AM4 Socket DDR4 Processor MPK,PROCESSOR,42.0,227259.18,2.0,10948.9,216310.28,5410.93
2025-11,4513,AMD Ryzen 5 5600X Socket AM4 3.7GHz Processor with Wraith Stealth Cooler MPK,PROCESSOR,19.0,126645.75,1.0,6450.0,120195.75,6665.57
2025-11,5640,AMD Ryzen 5 5500 Socket Am4 3.6GHz Processor with AMD wraith cooler MPK,PROCESSOR,22.0,86718.0,0.0,0.0,86718.0,3941.73
2025-11,5663,AMD Ryzen 5 5600 Socket Am4 3.5GHz Processor with Wraith stealth cooler MPK,PROCESSOR,31.0,187561.25,2.0,12415.25,175146.0,6050.36
2025-11,7098,AMD Ryzen 7 5700G Socket Am4 3.8GHz with Radeon Vega 8 wraith stealth cooler Processor MPK,PROCESSOR,27.0,219512.0,1.0,8100.0,211412.0,8130.07
2025-11,7260,AMD Ryzen 5 7500F Socket AM5 3.7GHz Processor MPK,PROCESSOR,5.0,43690.0,0.0,0.0,43690.0,8738.0
2025-11,7325,Intel Core i3-12100 Alder Lake Socket 1700 4.30GHz Processor MPK,PROCESSOR,1.0,6600.0,0.0,0.0,6600.0,6600.0
2025-11,7727,Intel Core I5-12400 Alder Lake Socket 1700 2.5GHz Processor MPK,PROCESSOR,6.0,59616.0,0.0,0.0,59616.0,9936.0
2025-11,7929,AMD Ryzen 7 5700X Socket AM4 3.4GHz Processor with AMD Wraith Stealth cooler MPK,PROCESSOR,22.0,179061.11,0.0,0.0,179061.11,8139.14
2025-11,8432,AMD Ryzen 3 3200g PRO Socket Am4 3.6ghz with Radeon Vega 8 Processor MPK,PROCESSOR,4.0,13440.0,0.0,0.0,13440.0,3360.0
2025-11,9776,AMD Ryzen 5 5600GT 3.6GHz AM4 Socket DDR4 Processor MPK,PROCESSOR,8.0,55745.28,0.0,0.0,55745.28,6968.16
2025-11,10652,Lexar NQ780 LNQ780X001T-RNNNG 1TB PCIe 4.0 M.2 NVME Solid State Drive,SOLID STATE DRIVE,1.0,3995.0,0.0,0.0,3995.0,3995.0
2025-11,1681,Team Group GX2 Solid State Drive 256gb SATA 2.5,SOLID STATE DRIVE,37.0,46835.25,0.0,0.0,46835.25,1265.82
2025-11,2468,Team Group GX2 512GB Sata III 2.5 Solid State Drive,SOLID STATE DRIVE,15.0,32571.38,0.0,0.0,32571.38,2171.43
2025-11,6700,Lexar NM610 Pro 500gb M.2 NVME Solid State Drive,SOLID STATE DRIVE,45.0,92813.0,4.0,8474.5,84338.5,2062.51
2025-11,6701,Lexar NM610 Pro 1TB M.2 NVME Solid State Drive,SOLID STATE DRIVE,7.0,24741.33,0.0,0.0,24741.33,3534.48
2025-11,6856,Team Group MP33 256GB M.2 PCIe NVME Solid State Drive,SOLID STATE DRIVE,38.0,55092.4,1.0,1400.0,53692.4,1449.8
2025-11,6857,Team Group MP33 PRO 512GB M.2 PCIe Gen3.0 x4 NVME 1.3 Solid State Drive,SOLID STATE DRIVE,18.0,43627.75,1.0,2450.0,41177.75,2423.76
2025-11,6936,Adata SU650 Solid State Drive 512GB SATA 2.5,SOLID STATE DRIVE,8.0,15600.0,0.0,0.0,15600.0,1950.0
2025-11,7252,Adata Legend 710 512GB PCIe GEN3 x4 M.2 2280 Solid State Drive,SOLID STATE DRIVE,7.0,15050.0,1.0,2150.0,12900.0,2150.0
2025-11,7341,Team Group MP33 PRO 1TB M.2 PCIe Gen3.0 x4 NVME 1.3 Solid State Drive,SOLID STATE DRIVE,6.0,21234.75,0.0,0.0,21234.75,3539.12
2025-11,7407,Samsung 990 Pro 2TB NVME M.2 Solid State Drive,SOLID STATE DRIVE,1.0,9995.0,0.0,0.0,9995.0,9995.0
2025-11,9119,Team Group GX2 Solid State Drive 2tb SATA 2.5,SOLID STATE DRIVE,4.0,26260.0,0.0,0.0,26260.0,6565.0
2025-11,9321,KINGBANK KP230 512GB M.2 PCIe Solid State Drive Gen 3x4,SOLID STATE DRIVE,3.0,6885.0,0.0,0.0,6885.0,2295.0
2025-11,9591,Kingston NV3 1TB PCIe 4.0 M.2 NVME Solid State Drive,SOLID STATE DRIVE,49.0,196129.5,0.0,0.0,196129.5,4002.64
2025-11,9613,Kingston SNV3 500GB PCIe 4.0 M.2 NVME Solid State Drive,SOLID STATE DRIVE,19.0,47879.06,3.0,7485.0,40394.06,2519.95
2025-11,9812,Kingston NV3 2TB PCIe 4.0 M.2 NVME SNV3S Solid State Drive,SOLID STATE DRIVE,5.0,37850.0,2.0,15140.0,22710.0,7570.0
2025-11,503,Edifier R12U Usb Powered Speaker Black,SPEAKER,1.0,820.0,0.0,0.0,820.0,820.0
2025-11,1,Eco Power 220v/110v Avr,UPS & AVR,1.0,280.0,0.0,0.0,280.0,280.0
2025-11,10335,APC Easy UPS BV1000I-MS 1000VA,UPS & AVR,2.0,11350.0,0.0,0.0,11350.0,5675.0
2025-11,2991,APC Back-Ups BVX650I-PH 360 Watts 650va with Avr Universal Sockets Ups,UPS & AVR,1.0,2190.0,0.0,0.0,2190.0,2190.0
2025-11,36,Secure 220v Avr,UPS & AVR,17.0,4311.25,1.0,250.0,4061.25,253.6
2025-11,454,Secure 650va Ups,UPS & AVR,9.0,13129.75,0.0,0.0,13129.75,1458.86
2025-12,10549,Logitech G335 Wired Gaming Headset Mint,AUDIO,1.0,2950.0,0.0,0.0,2950.0,2950.0
2025-12,10653,RAKK Matik USB Gaming Headset LED Illuminated,AUDIO,12.0,3780.0,0.0,0.0,3780.0,315.0
2025-12,3555,INPLAY HN620 v2 Noise Cancelling Headset Black,AUDIO,1.0,445.0,0.0,0.0,445.0,445.0
2025-12,6132,Logitech G335 Wired Gaming Headset White,AUDIO,1.0,3053.25,0.0,0.0,3053.25,3053.25
2025-12,6150,RAKK HUNI Wired Gaming Headset RGB Black,AUDIO,11.0,7172.4,1.0,645.0,6527.4,652.04
2025-12,6995,Inplay H20 RGB Gaming Headset Black,AUDIO,4.0,980.0,0.0,0.0,980.0,245.0
2025-12,7652,RAKK SONIDO 7.1 Virtual Surround RGB Gaming Headset USB Black,AUDIO,25.0,24875.0,0.0,0.0,24875.0,995.0
2025-12,7661,RAKK KLARE  Gaming Headset USB Black,AUDIO,1.0,495.0,0.0,0.0,495.0,495.0
2025-12,9243,Poly 3220 Blackwire Corded UC USB-C/A Headset,AUDIO,1.0,1540.0,0.0,0.0,1540.0,1540.0
2025-12,9289,RAKK MYNA 7.1 Trimode Gaming Wireless Headset Black,AUDIO,1.0,1295.0,0.0,0.0,1295.0,1295.0
2025-12,10807,TP-LINK Tapo C500 Outdoor Pan/Tilt Security WiFi Camera,CAMERA,6.0,11220.0,0.0,0.0,11220.0,1870.0
2025-12,29,A4Tech PK-910H Full-HD Webcam,CAMERA,3.0,2940.0,0.0,0.0,2940.0,980.0
2025-12,3336,Logitech C270 HD Webcam,CAMERA,1.0,999.0,0.0,0.0,999.0,999.0
2025-12,6554,RAKK TANDOG Membrane Keyboard and Mouse Bundle,COMBO,21.0,15960.0,1.0,760.0,15200.0,760.0
2025-12,6555,RAKK TANDOG PRO Mechanical Keyboard and Mouse Bundle,COMBO,10.0,14950.0,0.0,0.0,14950.0,1495.0
2025-12,78,A4Tech KRS-8572 Usb Keyboard and Mouse Black,COMBO,10.0,4828.8,0.0,0.0,4828.8,482.88
2025-12,8021,Keytech K-516 Gaming Keyboard and Mouse,COMBO,2.0,510.0,1.0,255.0,255.0,255.0
2025-12,8437,A4Tech KRS-3330 USB Keyboard and Mouse Black,COMBO,9.0,4316.4,0.0,0.0,4316.4,479.6
2025-12,9301,RAKK APTAS ILLUMINATED / Membrane Keyboard and Mouse / No software / Rainbow lighting / Black,COMBO,37.0,10054.2,0.0,0.0,10054.2,271.74
2025-12,9302,RAKK APTAS ILLUMINATED / Membrane Keyboard and Mouse / No software / Rainbow lighting / White,COMBO,3.0,750.0,0.0,0.0,750.0,250.0
2025-12,10001,Deepcool AG400 (R-AG400-BKADMN-G-1) ARGB Digital CPU Air Cooler Black,COOLING,1.0,2450.0,0.0,0.0,2450.0,2450.0
2025-12,10089,MSI MAG Coreliquid A15 240 CPU Liquid Cooler Black,COOLING,1.0,4398.75,0.0,0.0,4398.75,4398.75
2025-12,1016,Dark Flash Darkvoid CPU Air Cooler RGB,COOLING,1.0,345.0,0.0,0.0,345.0,345.0
2025-12,10192,Keytech Mirage 3in1 120mm Chassis Fan with Control Hub and Remote Control Black,COOLING,29.0,18351.9,1.0,630.0,17721.9,632.82
2025-12,10316,Jungle Leopard Astroshel V2G LCD 240 ARGB AIO Liquid Cooler White,COOLING,1.0,4128.7,0.0,0.0,4128.7,4128.7
2025-12,10359,Jungle Leopard KF420E-DGT ARGB CPU Air Cooler White,COOLING,2.0,1897.4,0.0,0.0,1897.4,948.7
2025-12,10370,DarkFlash Infinity 34 3in1 ARGB Chassis Fan Black,COOLING,1.0,1288.0,1.0,1288.0,0.0,1288.0
2025-12,10371,DarkFlash Infinity 34 3in1 ARGB Chassis Fan White,COOLING,6.0,7743.6,2.0,2676.8,5066.8,1290.6
2025-12,10373,DarkFlash Infinity 34 Single ARGB Chassis Fan White,COOLING,3.0,1360.8,1.0,470.4,890.4,453.6
2025-12,10386,MSI MAG COREFROZR AA13 ARGB CPU Air Cooler black,COOLING,27.0,29847.14,0.0,0.0,29847.14,1105.45
2025-12,10587,Deepcool AK620 Digital SE (R-AK620-BKADMN-GJD) ARGB Dual Tower CPU Air Cooler Black,COOLING,3.0,8550.0,0.0,0.0,8550.0,2850.0
2025-12,10588,Deepcool AK620 Digital SE (R-AK620-WHADMN-GJD) ARGB Dual Tower CPU Air Cooler White,COOLING,1.0,3150.0,0.0,0.0,3150.0,3150.0
2025-12,10590,YGT Cyber-120IFB 3in1 ARGB Chassis Fan Black,COOLING,31.0,18780.17,2.0,1279.25,17500.92,605.81
2025-12,10591,YGT Cyber-120IFB Single Fan ARGB Chassis Fan Black,COOLING,2.0,290.0,0.0,0.0,290.0,145.0
2025-12,10592,YGT Cyber-120IFW 3in1 ARGB Chassis Fan White,COOLING,13.0,7842.1,1.0,595.0,7247.1,603.24
2025-12,10593,YGT Cyber-120IFW Single Fan ARGB Chassis Fan White,COOLING,4.0,580.0,0.0,0.0,580.0,145.0
2025-12,10664,DarkFlash Wave DV240S LCD Screen 240 ARGB CPU Liquid Cooler White,COOLING,3.0,15390.0,1.0,5320.0,10070.0,5130.0
2025-12,10743,NZXT F120 RGB Duo Triple Pack (RF-D12TF-W1) with RGB Controller Chassis Fan White,COOLING,1.0,1500.0,0.0,0.0,1500.0,1500.0
2025-12,4166,InPlay Ice One SINGLE CHASSIS FAN | 6PIN PAIR WITH HUB,COOLING,2.0,250.0,0.0,0.0,250.0,125.0
2025-12,6520,Deepcool Gammaxx AG400 PLUS (R-AG400-BKNNMD-G) Single Tower CPU Air Cooler,COOLING,1.0,1320.0,0.0,0.0,1320.0,1320.0
2025-12,6674,Deepcool Gammaxx AG400 R-AG400-BKANMC-G-1 120mm ARGB Single Tower CPU Air Cooler,COOLING,1.0,1450.0,0.0,0.0,1450.0,1450.0
2025-12,6680,Deepcool Gammaxx AG400 (R-AG400-BKNNMN-G-1) 120mm Single Tower CPU Air Cooler,COOLING,5.0,5725.0,0.0,0.0,5725.0,1145.0
2025-12,6723,Deepcool AK400 R-AK400-BKNNMN-G-1 Single Tower CPU Air Cooler Black,COOLING,12.0,15420.0,0.0,0.0,15420.0,1285.0
2025-12,6752,Keytech Tornado 3in1 120mm Chassis Fan with Control Hub and Remote Control ARGB,COOLING,3.0,1560.0,0.0,0.0,1560.0,520.0
2025-12,7024,COOLERMASTER Hyper 212 Spectrum V3 CPU Air Cooler (RR-S4NA-17PA-R1),COOLING,3.0,3670.0,0.0,0.0,3670.0,1223.33
2025-12,7500,DarkFlash DM12 F 3in1 with Controller Remote ARGB Chassis Fan White,COOLING,2.0,2390.0,0.0,0.0,2390.0,1195.0
2025-12,9170,Deepcool AG400 (R-AG400-BKADMP-G-1) ARGB Digital Plus CPU Air Cooler Black,COOLING,1.0,2620.0,0.0,0.0,2620.0,2620.0
2025-12,9290,RAKK DANUM 240MM AIO CPU Liquid Cooling RGB Black,COOLING,2.0,4229.4,0.0,0.0,4229.4,2114.7
2025-12,9547,Keytech PRISM 3in1 120mm Chassis Fan Black,COOLING,29.0,18421.2,2.0,1260.0,17161.2,635.21
2025-12,9548,Keytech PRISM 3in1 120mm Chassis Fan White,COOLING,1.0,705.6,0.0,0.0,705.6,705.6
2025-12,9737,MSI MAG Coreliquid A13 240 CPU Liquid Cooler Black,COOLING,4.0,13838.0,0.0,0.0,13838.0,3459.5
2025-12,9777,Coolman 120mm Chassis Fan Black,COOLING,5.0,350.0,0.0,0.0,350.0,70.0
2025-12,9835,MSI MAG Coreliquid A13 360 CPU Liquid Cooler Black,COOLING,1.0,4280.0,0.0,0.0,4280.0,4280.0
2025-12,10076,"Bezel Ignite 2 24MD1FS-2 24.5"" 200Hz FHD IPS Monitor",DISPLAY,1.0,4890.0,0.0,0.0,4890.0,4890.0
2025-12,10264,"Nvision EG24XT 23.8"" FHD 240Hz IPS Monitor",DISPLAY,3.0,15478.5,0.0,0.0,15478.5,5159.5
2025-12,10285,"LG 27U411A-B 27"" FHD IPS 120Hz HDR 10 Monitor",DISPLAY,1.0,5995.0,0.0,0.0,5995.0,5995.0
2025-12,10291,"Acer EK251Q 24.5"" 144Hz FHD IPS Monitor",DISPLAY,6.0,26928.0,0.0,0.0,26928.0,4488.0
2025-12,10317,"Nvision G2455 23.8"" IPS 144Hz FHD Monitor Black",DISPLAY,12.0,52458.0,3.0,13230.0,39228.0,4371.5
2025-12,10425,"ViewSonic VA24G1-H 24"" FHD 144Hz IPS Monitor",DISPLAY,4.0,17400.0,0.0,0.0,17400.0,4350.0
2025-12,10426,"ViewSonic VX2779A-HD-PRO 27"" 240Hz FHD IPS Monitor",DISPLAY,1.0,8995.0,0.0,0.0,8995.0,8995.0
2025-12,10459,"AOC 24B36X 23.8"" FHD 144Hz IPS Monitor",DISPLAY,15.0,69361.53,1.0,4595.0,64766.53,4624.1
2025-12,10460,"AOC 27B36X 27"" FHD 144Hz IPS Monitor",DISPLAY,11.0,64000.0,1.0,5800.0,58200.0,5818.18
2025-12,10540,"ASUS ROG Strix XG27ACMES 27"" QHD 255Hz-OC Fast IPS Monitor",DISPLAY,1.0,16900.0,0.0,0.0,16900.0,16900.0
2025-12,10542,"MSI MAG 244C 23.6"" FHD 180Hz Curved Monitor",DISPLAY,3.0,17299.5,0.0,0.0,17299.5,5766.5
2025-12,10557,"Gamdias Atlas HD27IFIII 27"" 200Hz FHD IPS Monitor",DISPLAY,5.0,34640.8,0.0,0.0,34640.8,6928.16
2025-12,10558,"Gamdias Atlas QHD27FII 27"" 180Hz QHD IPS Monitor",DISPLAY,2.0,15400.0,0.0,0.0,15400.0,7700.0
2025-12,10669,"ASUS TUF Gaming Series 5 VG279QM5A 27"" 240Hz FHD Fast IPS Monitor",DISPLAY,2.0,22042.0,0.0,0.0,22042.0,11021.0
2025-12,10739,"Gamdias HD27H III 27"" 300Hz FHD Curved Gaming Monitor",DISPLAY,2.0,15990.0,0.0,0.0,15990.0,7995.0
2025-12,7483,"Gamdias Monitor Atlas DHD32C ""31.5 Curved 240hz VA Gaming Monitor",DISPLAY,3.0,29905.2,0.0,0.0,29905.2,9968.4
2025-12,7729,"Gamdias Atlas HD27GII 27"" 180HZ FHD Curved Gaming Monitor",DISPLAY,1.0,7500.0,0.0,0.0,7500.0,7500.0
2025-12,7785,Nvision N190V8 19' LED Monitor,DISPLAY,11.0,18465.0,1.0,1670.0,16795.0,1678.64
2025-12,7786,"Nvision N200V8 20"" LED Monitor",DISPLAY,13.0,23530.0,0.0,0.0,23530.0,1810.0
2025-12,7787,"Nvision N2455PRO-B 100Hz IPS Panel 23.8"" Monitor Black",DISPLAY,42.0,150897.0,2.0,7285.3,143611.7,3592.79
2025-12,8060,"Nvision H22V8 21.5"" LED Monitor",DISPLAY,4.0,9200.0,0.0,0.0,9200.0,2300.0
2025-12,8416,"ASUS ROG Strix XG27ACS 27"" Fast IPS 180HZ QHD Monitor",DISPLAY,0.0,0.0,1.0,17150.0,-17150.0,
2025-12,9126,"Gamdias Atlas HD24CII 24"" 180HZ FHD Curved Monitor",DISPLAY,1.0,6000.0,0.0,0.0,6000.0,6000.0
2025-12,9261,"LG 24GS60F-B UltraGear 24"" 180HZ 1MS HDR 10 FHD IPS Gaming Monitor",DISPLAY,1.0,8450.0,0.0,0.0,8450.0,8450.0
2025-12,9791,"Nvision N2455PRO-W 100Hz IPS Panel 23.8"" Monitor White",DISPLAY,3.0,11762.9,0.0,0.0,11762.9,3920.97
2025-12,9869,"Gamdias Atlas HD238IF III 23.8"" 120HZ FHD IPS Monitor Black",DISPLAY,1.0,4290.0,0.0,0.0,4290.0,4290.0
2025-12,9904,"Viewsonic VX2479A-HD-PRO 24"" 240Hz FHD 1MS MPRT IPS HDR10 Gaming Monitor",DISPLAY,4.0,27438.0,0.0,0.0,27438.0,6859.5
2025-12,9969,"Gamdias Atlas HD24IF III 24"" 200HZ IPS Gaming Monitor",DISPLAY,2.0,10930.0,0.0,0.0,10930.0,5465.0
2025-12,10189,Kingston Data Traveler DTXM 128GB 3.2 USB Flashdrive,EXTERNAL STORAGE DEVICES,1.0,420.0,0.0,0.0,420.0,420.0
2025-12,10633,Hiksemi Sync E327C 32GB USB 3.2 Flashdrive Silver,EXTERNAL STORAGE DEVICES,1.0,295.0,0.0,0.0,295.0,295.0
2025-12,10634,Hiksemi M200 (STD) 64GB USB 3.0 Flashdrive,EXTERNAL STORAGE DEVICES,3.0,750.0,0.0,0.0,750.0,250.0
2025-12,10717,Kingston Canvas Select Plus 32GB MicroSD Card,EXTERNAL STORAGE DEVICES,1.0,89.0,0.0,0.0,89.0,89.0
2025-12,9284,RAKK SUKOG LITE 700x300x3mm Mousepad Black,GAMING SURFACE,11.0,1659.0,0.0,0.0,1659.0,150.82
2025-12,10028,MSI Nvidia GeForce RTX 5060 Ti VENTUS 2X OC PLUS (G506T-16V2CP) 16GB 128-bit GDDR7 Videocard,GRAPHIC CARD,5.0,157475.0,0.0,0.0,157475.0,31495.0
2025-12,10053,ASUS Dual Nvidia Geforce RTX 3050 OC Edition (DUAL-RTX3050-O6G) 6GB 96-bit GDRR6 Videocard,GRAPHIC CARD,13.0,142243.5,1.0,12299.25,129944.25,10941.81
2025-12,10072,MSI Nvidia GeForce RTX 5060 VENTUS 2X OC (G5060-8V2C) 8GB 128-bit GDDR7 Videocard,GRAPHIC CARD,8.0,173470.0,0.0,0.0,173470.0,21683.75
2025-12,10155,ASUS DUAL Nvidia GeForce RTX 5060 OC Edition (DUAL-RTX5060-O8G) 8GB 128-bit GDDR7 Videocard,GRAPHIC CARD,4.0,87047.25,0.0,0.0,87047.25,21761.81
2025-12,10206,ASUS Dual RX 7600 EVO OC Edition DUAL-RX7600-O8G-EVO 8GB 128-bit GDDR6 Videocard,GRAPHIC CARD,8.0,136891.5,0.0,0.0,136891.5,17111.44
2025-12,10207,ASUS Prime AMD Radeon RX 9060 XT OC (PRIME-RX9060XT-O16G) 16GB 128-Bit GDDR6 Videocard,GRAPHIC CARD,4.0,108138.0,0.0,0.0,108138.0,27034.5
2025-12,10225,MSI Nvidia GeForce RTX 5060 SHADOW 2X OC (G5060-8S2C) 8GB 128-bit GDDR7 Videocard,GRAPHIC CARD,4.0,80498.25,0.0,0.0,80498.25,20124.56
2025-12,10238,Asus AMD Radeon Dual RX 9060 XT DUAL-RX9060XT 8GB 128-bit GDDR6 Videocard,GRAPHIC CARD,2.0,44500.0,0.0,0.0,44500.0,22250.0
2025-12,10278,MSI Nvidia GeForce RTX 5060 VENTUS 2X OC (G5060-8V2CW) 8GB 128-bit GDDR7 Videocard White,GRAPHIC CARD,3.0,70785.0,1.0,24024.0,46761.0,23595.0
2025-12,10660,MSI Nvidia GeForce RTX 5050 VENTUS 2X OC (G5050-8V2C) 128-bit GDDR6 Videocard,GRAPHIC CARD,1.0,19780.0,0.0,0.0,19780.0,19780.0
2025-12,4153,MSI RTX 3060 Ventus 2X OC 12gb 192bit GDdr6 Gaming Videocard LHR,GRAPHIC CARD,15.0,265278.5,1.0,17595.0,247683.5,17685.23
2025-12,6547,Asrock RX 6600 8G CHALLENGER D 8gb 128bit GDdr6 Gaming Videocard,GRAPHIC CARD,17.0,225444.5,1.0,13250.0,212194.5,13261.44
2025-12,8396,MSI GEFORCE RTX 3050 VENTUS 2X OC 6GB 96-bit DDR6 Videocard,GRAPHIC CARD,19.0,195028.46,1.0,11754.4,183274.06,10264.66
2025-12,9396,Biostar Rx 580 VA5815RQ82 Dual Cooling Fan 8gb 256bit GDdr5 Gaming Videocard,GRAPHIC CARD,23.0,159269.26,2.0,13450.0,145819.26,6924.75
2025-12,6173,RAKK Sari V2 RGB Usb Gaming Keyboard,KEYBOARD,5.0,3475.0,0.0,0.0,3475.0,695.0
2025-12,7330,Fantech ATOM MK886 Red Switch RGB Mechanical Keyboard Gray,KEYBOARD,1.0,1160.0,0.0,0.0,1160.0,1160.0
2025-12,7465,RAKK DAUG 96 Keys Wired Gaming Keyboard|Hotswappable|Rainbow LED|Yellow Switch|Gray/Black,KEYBOARD,3.0,2685.0,0.0,0.0,2685.0,895.0
2025-12,7466,RAKK DAUG 96 Keys Wired Gaming Keyboard|Hotswappable|Rainbow LED|Yellow Switch|Black/Gray,KEYBOARD,1.0,912.9,4.0,3580.0,-2667.1,912.9
2025-12,8393,RAKK KAPI BT+2.4G Membrane Keyboard 87 Keys Light,KEYBOARD,2.0,1180.3,0.0,0.0,1180.3,590.15
2025-12,8394,RAKK KAPI BT+2.4G Membrane Keyboard 87 Keys Dark,KEYBOARD,1.0,580.0,0.0,0.0,580.0,580.0
2025-12,9082,"RAKK SINAG PRO|Trimode Gasket Mount 1.4"" TFT Screen|96 Keys|Mechanical Keyboard|White",KEYBOARD,3.0,8085.0,0.0,0.0,8085.0,2695.0
2025-12,9195,Fantech MK886 V2 ATOM104 Sumi Edition Red Switch Mechanical Keyboard Black,KEYBOARD,1.0,1125.0,0.0,0.0,1125.0,1125.0
2025-12,9297,RAKK DIWA V3 68 Keys Huano Switch Mechanical Gaming Keyboard Gray/Black,KEYBOARD,1.0,740.0,0.0,0.0,740.0,740.0
2025-12,9300,RAKK DUHA | 68 Keys Split | VIA | Top Mount | CIDOO switches | PBT Dyesub Keycaps,KEYBOARD,1.0,2495.0,0.0,0.0,2495.0,2495.0
2025-12,9303,RAKK BULAN / 82 Keys/Knob/Gasket/Trimode/UHS 5pin/Outemu Switches/PC Plate/PBT Cherry Doubleshot,KEYBOARD,24.0,48678.03,0.0,0.0,48678.03,2028.25
2025-12,10581,"MSI Thin A15 B7UC-083PH 15.6"" FHD 144Hz Ryzen 5-7535HS/8GB DDR5/512GB NVMe PCIe SSD/RTX 3050 4GD6/Win11 Laptop",LAPTOP GA1,3.0,113985.0,0.0,0.0,113985.0,37995.0
2025-12,10515,"MSI CYBORG 15 B13WEKG-639PH 15.6"" FHD 144Hz IPS Raptor Lake i5-13420H/8GB+8GB DDR5/512GB NVMe PCIe SSD/RTX 5050 8GD7/Win11 Laptop",LAPTOP GA2,2.0,111914.83,0.0,0.0,111914.83,55957.42
2025-12,10512,"MSI CYBORG 15 B13WFKG-641PH 15.6"" FHD 144Hz IPS Raptor Lake i7-13620H/8GB+8GB DDR5/1TB NVMe PCIe SSD/RTX 5060 8GD7/Win11 Laptop",LAPTOP GA3,1.0,65995.0,0.0,0.0,65995.0,65995.0
2025-12,10298,"Asus Vivobook Go 15 E1504FA-NJ1909W 15.6"" FHD (1920x1080) Ryzen 3-7320U/8GB LPDDR5/512GB M.2 NVMe PCIe 3.0 SSD/AMD Radeon Graphics/Win11 Laptop (Grey Green)",LAPTOP PR1,3.0,78193.5,1.0,27249.25,50944.25,26064.5
2025-12,10379,"Lenovo IdeaPad 1 15AMN7 15.6"" Ryzen 3-7320U/8GB LPDDR5/256GB SSD/Win11 Laptop SE",LAPTOP PR1,1.0,21924.9,0.0,0.0,21924.9,21924.9
2025-12,10524,"Asus Vivobook Go 15 E1504FA-BQ2324W 15.6"" FHD Ryzen 3-7320U/8GB LPDDR5/512GB M.2 NVMe PCIe 3.0 SSD/ AMD Radeon Graphics/Win11 Laptop (Mixed Black)",LAPTOP PR1,1.0,23695.0,0.0,0.0,23695.0,23695.0
2025-12,10626,"Lenovo IdeaPad Slim 3 15ABR8 15.6"" FHD Ryzen 5-5625U/8GB DDR4/512GB SSD/Win11 Pro Laptop SE",LAPTOP PR2,4.0,103980.0,0.0,0.0,103980.0,25995.0
2025-12,10517,"Acer Aspire AS15-42 15.6"" FHD IPS Ryzen 7-7730U/16GB/512GB SSD/Win11 Pro Laptop + Backlit SE",LAPTOP PR3,4.0,129099.83,0.0,0.0,129099.83,32274.96
2025-12,10086,Kingston Fury Beast 16GB 2x8 KF432C16BWAK2/16 3200MT/s DDR4 Memory White Special Edition,MEMORY,5.0,18950.0,0.0,0.0,18950.0,3790.0
2025-12,10179,Lexar Thor OC 16GB LD4U08G36C18LG-RGD 2x8 3600Mhz DDR4 Memory Blk,MEMORY,3.0,10622.5,0.0,0.0,10622.5,3540.83
2025-12,10194,KingBank SharpBlade 16GB 2x8 3200mhz DDR4 RGB Memory Black,MEMORY,1.0,2995.0,0.0,0.0,2995.0,2995.0
2025-12,10214,Team Vulcan Eco 32GB 16GBx2 6000Mhz CL38 DDR5 Memory Silver,MEMORY,6.0,62278.55,2.0,22388.8,39889.75,10379.76
2025-12,10239,Biwin Black Opal DW100 32GB 2x16 6000Mhz CL36 DDR5 RGB Gaming Memory Black,MEMORY,1.0,6500.0,0.0,0.0,6500.0,6500.0
2025-12,10240,Biwin Black Opal DW100 32GB 2x16 6000Mhz CL36 DDR5 RGB Gaming Memory White,MEMORY,2.0,22574.23,0.0,0.0,22574.23,11287.12
2025-12,10266,Lexar LD4AS008G-B3200GSST 8GB 3200Mhz DDR4 Sodimm Memory,MEMORY,1.0,1895.0,0.0,0.0,1895.0,1895.0
2025-12,10300,Kingston Fury Beast RGB 16GB KF432C16BB12A/16WP 1x16 3200Mhz DDR4 Memory Black,MEMORY,4.0,18000.0,0.0,0.0,18000.0,4500.0
2025-12,10354,Kingston Fury Beast 16GB 1x16 KF432C16BB1/16WP 3200Mhz DDR4 Memory Black,MEMORY,2.0,8300.0,0.0,0.0,8300.0,4150.0
2025-12,10427,Lexar LD4AS008G-R3200GSST 8GB 3200MHz DDR4 Sodimm Memory,MEMORY,1.0,1895.0,0.0,0.0,1895.0,1895.0
2025-12,10496,Apacer Golden Panther 16GB 2x8 (RP-K2-AH4U16G32C28Y7GAA-2) 3200Mhz DDR4 Memory,MEMORY,67.0,202246.7,5.0,14905.5,187341.2,3018.61
2025-12,10498,G.Skill Ripjaws V 16gb 1x16 3200mhz DDR4 Memory Black,MEMORY,1.0,4100.0,0.0,0.0,4100.0,4100.0
2025-12,10516,Team Vulcan Z 32GB 16GBx2 6000Mhz CL38 DDR5 Memory Black,MEMORY,1.0,11850.0,0.0,0.0,11850.0,11850.0
2025-12,10529,Apacer Panther OC 16GB 1x16 (AH5U16G60C6227BAA-1) 6000Mhz CL38 DDR5 Memory Black,MEMORY,1.0,4650.0,0.0,0.0,4650.0,4650.0
2025-12,10639,Hiksemi Future RGB 16GB (16x1) 6000Mhz CL38 DDR5 Memory Black,MEMORY,6.0,22820.0,0.0,0.0,22820.0,3803.33
2025-12,10651,Lexar LD4AS016G-B3200GSST 16GB 3200Mhz DDR4 Sodimm Memory,MEMORY,2.0,7500.0,0.0,0.0,7500.0,3750.0
2025-12,10667,Biostar Storming V 16GB 1x16 3200Mhz DDR4 Memory,MEMORY,8.0,27557.0,0.0,0.0,27557.0,3444.62
2025-12,10682,Kingston Fury Beast 16GB KF560C30BBE-16 1x16 6000MT/s DDR5 CL30 Memory Black EXPO,MEMORY,1.0,7250.0,0.0,0.0,7250.0,7250.0
2025-12,10792,Hiksemi Armor 16GB 16x1 HSC416U32D2 3200Mhz DDR4 Memory Black,MEMORY,1.0,2995.0,0.0,0.0,2995.0,2995.0
2025-12,1095,G.Skill Trident Z Neo 16gb 2x8 3200mhz Ddr4 RGB Memory,MEMORY,1.0,4450.0,0.0,0.0,4450.0,4450.0
2025-12,1684,Team Elite Vulcan TUF 16gb 2x8 3200mhz Ddr4 Memory,MEMORY,1.0,3995.0,1.0,1905.0,2090.0,3995.0
2025-12,331,G.Skill Trident Z RGB 16GB F4-3600C18D-16GTZR 2x8 3600Mhz DDR4 Memory,MEMORY,2.0,8600.0,0.0,0.0,8600.0,4300.0
2025-12,4054,Team Elite Plus 8gb 1x8 3200Mhz Ddr4 Memory Black Red,MEMORY,2.0,3900.0,0.0,0.0,3900.0,1950.0
2025-12,4055,Team Elite Plus 8gb 1x8 3200Mhz Ddr4 Memory Black Gold,MEMORY,18.0,32110.0,1.0,1995.0,30115.0,1783.89
2025-12,4610,Kingston Fury Beast KF432C16BB2A/8 8gb 1x8 3200MT/s Ddr4 RGB Memory Black,MEMORY,1.0,1600.0,0.0,0.0,1600.0,1600.0
2025-12,6047,Kingston Fury Beast 8GB 1x8 3200MT/s DDR4 Memory RGB White Special Edition,MEMORY,1.0,1685.0,0.0,0.0,1685.0,1685.0
2025-12,6223,Team Elite Vulcan Z 16GB 2x8 3200mHz Gray DDR4 Memory,MEMORY,50.0,169506.04,1.0,3200.0,166306.04,3390.12
2025-12,7517,Lexar Thor 8GB LD4BU008G-R3200GSXG 1x8 3200Mhz DDR4 Memory Dark Grey,MEMORY,2.0,3500.0,0.0,0.0,3500.0,1750.0
2025-12,7632,Kingston Fury Beast KF432C16BB2AK2/16 16gb 2x8 3200MT/s Ddr4 RGB Memory Black,MEMORY,1.0,4600.0,0.0,0.0,4600.0,4600.0
2025-12,8270,Kingston Fury Beast 32gb KF556C40BBAK2-32 2x16 5600MT/s Ddr5 CL40 Memory RGB Black Intel XMP,MEMORY,1.0,6995.0,0.0,0.0,6995.0,6995.0
2025-12,8473,Adata AD5S560016G-S/16 16gb 1x16 5600mhz Ddr5 Sodimm Memory,MEMORY,4.0,12600.0,0.0,0.0,12600.0,3150.0
2025-12,9828,Lexar Thor 16GB LD4BU008G-R3200GDXG 2x8 3200Mhz DDR4 Memory Blk,MEMORY,1.0,3864.0,0.0,0.0,3864.0,3864.0
2025-12,984,Team Elite TForce Delta 16gb 2x8 3200mhz Ddr4 RGB Memory Black,MEMORY,5.0,23413.5,0.0,0.0,23413.5,4682.7
2025-12,985,Team Elite TForce Delta 16gb 2x8 3200mhz Ddr4 RGB Memory White,MEMORY,1.0,4750.0,0.0,0.0,4750.0,4750.0
2025-12,9985,Adata Spectrix D35 8gb 1x8 3200mhz Ddr4 RGB Memory,MEMORY,1.0,1145.0,0.0,0.0,1145.0,1145.0
2025-12,10184,EasyPC Pocket Rocket Beelink EQR5-D4 AMD Ryzen 5 5650U Processor / 16GB 3200MHz DDR4 / 500GB NVMe M.2 SSD,MINI PC,1.0,15450.0,0.0,0.0,15450.0,15450.0
2025-12,10502,Beelink EQR6-LP AMD Ryzen 5 6600U Processor / Dual Gigabit Lan / 32GB 4800MHZ DDR5 / 500GB NVMe M.2 SSD,MINI PC,39.0,700050.0,0.0,0.0,700050.0,17950.0
2025-12,10775,"Nvision A24K7-R560-1651 Ryzen 5-5600H 16GB 512GB SSD 23.8"" FHD IPS All in One PC",MINI PC,20.0,343000.0,0.0,0.0,343000.0,17150.0
2025-12,10295,Asus B650M-AYW Wifi DDR5 AMD Motherboard,MOTHERBOARD,9.0,67517.03,0.0,0.0,67517.03,7501.89
2025-12,10647,ASUS PRIME B850M-A WIFI-CSM Socket AM5 DDR5 Motherboard,MOTHERBOARD,1.0,11450.0,0.0,0.0,11450.0,11450.0
2025-12,10675,MSI B650M GAMING WIFI AM5 DDR5 Motherboard,MOTHERBOARD,3.0,28188.0,1.0,9744.0,18444.0,9396.0
2025-12,10689,MSI Z790 GAMING PLUS WIFI LGA 1700 DDR5 Motherboard,MOTHERBOARD,2.0,36300.0,0.0,0.0,36300.0,18150.0
2025-12,2755,MSI B450M-A Pro Max II Socket Am4 Ddr4  Motherboard,MOTHERBOARD,34.0,106257.0,3.0,9600.0,96657.0,3125.21
2025-12,2756,MSI B550M Pro VDH Wifi Socket Am4 Ddr4 Motherboard,MOTHERBOARD,11.0,69850.0,1.0,6350.0,63500.0,6350.0
2025-12,3435,Asrock B450M HDV Motherboard Socket Am4 Ddr4,MOTHERBOARD,27.0,81680.0,2.0,6000.0,75680.0,3025.19
2025-12,3715,Asus Prime A520M-K Gaming Socket AM4 Ddr4 Motherboard,MOTHERBOARD,44.0,129589.65,5.0,15102.0,114487.65,2945.22
2025-12,4492,Asus Prime B550M-A Wifi II Socket Am4 Ddr4 Gaming Motherboard,MOTHERBOARD,6.0,39474.0,0.0,0.0,39474.0,6579.0
2025-12,5696,Msi PRO H610M-E Socket LGA 1700 Ddr4 Motherboard,MOTHERBOARD,1.0,4400.0,1.0,4495.0,-95.0,4400.0
2025-12,6044,Gigabyte GA-B450M-DS3H WIFI Socket Am4 Ddr4 Motherboard,MOTHERBOARD,1.0,4750.0,0.0,0.0,4750.0,4750.0
2025-12,7759,MSI Pro B760M-E M-ATX LGA 1700 DDR4 Motherboard,MOTHERBOARD,0.0,0.0,1.0,5450.0,-5450.0,
2025-12,9618,Gigabyte GA-B450M-K Socket Am4 Ddr4 Motherboard,MOTHERBOARD,1.0,3350.0,0.0,0.0,3350.0,3350.0
2025-12,9879,MSI B550M-A PRO Socket Am4 Ddr4 Motherboard,MOTHERBOARD,13.0,65087.0,0.0,0.0,65087.0,5006.69
2025-12,9970,Asus Prime B550M-K ARGB Socket Am4 Ddr4 Motherboard,MOTHERBOARD,29.0,137772.25,0.0,0.0,137772.25,4750.77
2025-12,10488,RAKK DASIG X3 Ambidextrous Hotswap Trimode PAW3311 Huano 80M RGB Gaming Mouse Black,MOUSE,26.0,26108.82,1.0,995.0,25113.82,1004.19
2025-12,10489,RAKK DASIG X3 Ambidextrous Hotswap Trimode PAW3311 Huano 80M RGB Gaming Mouse White,MOUSE,5.0,5034.7,0.0,0.0,5034.7,1006.94
2025-12,10776,RAKK TALAN AERO X PAW3395 8K Polling Omron Optical Trimode Lightweight 55g Gaming Mouse Black,MOUSE,4.0,8780.0,0.0,0.0,8780.0,2195.0
2025-12,15,A4Tech OP-720 Usb Mouse Black,MOUSE,9.0,1305.0,1.0,145.0,1160.0,145.0
2025-12,3513,Logitech G102 Lightsync Gaming Mouse Black,MOUSE,5.0,4841.0,0.0,0.0,4841.0,968.2
2025-12,3700,Logitech G102 Lightsync Gaming Mouse White,MOUSE,3.0,2932.8,0.0,0.0,2932.8,977.6
2025-12,5649,Logitech G304 Lightspeed Wireless Gaming Mouse White,MOUSE,2.0,3260.0,0.0,0.0,3260.0,1630.0
2025-12,8096,RAKK KAPTAN Trimode PAW3395 Lightweight 53g Gaming Mouse White,MOUSE,1.0,1195.0,0.0,0.0,1195.0,1195.0
2025-12,9299,RAKK DASIG LITE Huano Switch RGB Gaming Mouse,MOUSE,17.0,5015.0,0.0,0.0,5015.0,295.0
2025-12,1715,LB-Link BL-WN351 300Mbps Wireless Usb WiFi Adapter,NETWORK DEVICE,7.0,1610.0,1.0,230.0,1380.0,230.0
2025-12,8500,TP-Link Archer C54 AC1200 Dual Band Wi-Fi Router,NETWORK DEVICE,1.0,1000.0,0.0,0.0,1000.0,1000.0
2025-12,8503,TP-Link Archer AX12 AX1500 Wi-Fi 6 Router,NETWORK DEVICE,2.0,2706.55,0.0,0.0,2706.55,1353.28
2025-12,860,LB Link BL-WN151 150Mbps Wireless N USB Adapter,NETWORK DEVICE,3.0,450.0,0.0,0.0,450.0,150.0
2025-12,10047,YGT N195 Micro ATX Tempered Glass Gaming Case Black,PC CASE,1.0,784.0,0.0,0.0,784.0,784.0
2025-12,10146,MSI PANO 110R PZ Mid Tower Gaming PC Case Black,PC CASE,1.0,3900.0,0.0,0.0,3900.0,3900.0
2025-12,10182,YGT Y-288 Micro ATX Tempered Glass PC Case Black,PC CASE,8.0,4090.0,0.0,0.0,4090.0,511.25
2025-12,1020,Dark Flash DLM21 Mesh Mid Tower Gaming PC Case Black,PC CASE,3.0,6135.0,0.0,0.0,6135.0,2045.0
2025-12,1021,Dark Flash DLM21 Mesh Mid Tower Gaming PC Case White,PC CASE,1.0,2245.0,0.0,0.0,2245.0,2245.0
2025-12,10226,YGT M235 Micro ATX Tempered Glass PC Case Black,PC CASE,3.0,2250.0,0.0,0.0,2250.0,750.0
2025-12,10269,DarkFlash M305 Micro ATX Tempered Glass Gaming PC Case Black,PC CASE,13.0,15915.0,0.0,0.0,15915.0,1224.23
2025-12,10271,DarkFlash M305 Mesh Micro ATX Tempered Glass Gaming PC Case Black,PC CASE,9.0,10073.5,2.0,2246.75,7826.75,1119.28
2025-12,10319,CoolerMaster Elite 301 Lite Mesh Micro ATX  PC Case Black,PC CASE,1.0,1995.0,0.0,0.0,1995.0,1995.0
2025-12,10429,Acer Air 2 N with Digital Screen ATX PC Case Black,PC CASE,2.0,5790.0,0.0,0.0,5790.0,2895.0
2025-12,10432,Acer Air 2 Plus with LCD Screen ATX PC Case White,PC CASE,3.0,16183.8,1.0,5594.4,10589.4,5394.6
2025-12,10594,1stplayer Megaview MV8-TP Dual Chamber ATX PC Case Black,PC CASE,1.0,2995.0,0.0,0.0,2995.0,2995.0
2025-12,10595,1stplayer Uview UV5 Dual Chamber Micro ATX PC Case Black,PC CASE,1.0,2478.83,0.0,0.0,2478.83,2478.83
2025-12,10596,1stplayer Uview UV5 Dual Chamber Micro ATX PC Case White,PC CASE,1.0,2644.7,0.0,0.0,2644.7,2644.7
2025-12,10668,CoolerMaster Elite 302 ARGB Micro ATX PC Case Black,PC CASE,4.0,11600.0,0.0,0.0,11600.0,2900.0
2025-12,10712,DarkFlash DB460M Mesh Micro ATX Tempered Glass PC Case Black,PC CASE,2.0,3590.0,0.0,0.0,3590.0,1795.0
2025-12,10742,NZXT H5 Flow RGB 2024 (CC-H52FW-R1) ATX PC Case White,PC CASE,1.0,3300.0,0.0,0.0,3300.0,3300.0
2025-12,10772,Antec VX300M ARGB Tempered Glass Micro ATX PC Case Black,PC CASE,6.0,12642.0,0.0,0.0,12642.0,2107.0
2025-12,10808,MSI PAG PANO M110A ARGB Micro ATX PC Case Black,PC CASE,1.0,2535.75,0.0,0.0,2535.75,2535.75
2025-12,6013,MSI MAG Forge M100R Micro ATX PC Case Black,PC CASE,26.0,75553.5,0.0,0.0,75553.5,2905.9
2025-12,7003,DarkFlash DK352 Mesh ATX Tempered Glass Side Panel Gaming PC Case White,PC CASE,1.0,2395.0,0.0,0.0,2395.0,2395.0
2025-12,7199,Keytech T-100 Tempered Glass Micro ATX Gaming PC Case With PSU Black,PC CASE,1.0,1115.0,0.0,0.0,1115.0,1115.0
2025-12,7367,MSI MAG Forge M100A Auto RGB Micro ATX PC Case Black,PC CASE,25.0,51806.8,1.0,2190.0,49616.8,2072.27
2025-12,9304,RAKK MASID MATX Tempered Gaming Case Black,PC CASE,5.0,5350.0,1.0,1050.0,4300.0,1070.0
2025-12,9305,RAKK MASID MATX Tempered Gaming Case White,PC CASE,1.0,1095.0,0.0,0.0,1095.0,1095.0
2025-12,9349,DarkFlash DB330M Micro ATX Tempred Glass Side and Front Panel Gaming PC Case Black,PC CASE,1.0,1495.0,0.0,0.0,1495.0,1495.0
2025-12,9749,DarkFlash DB330M Mesh Micro ATX Tempred Glass Side Gaming PC Case Black,PC CASE,37.0,51890.64,5.0,6995.0,44895.64,1402.45
2025-12,9750,DarkFlash DB330M Mesh Micro ATX Tempred Glass Side Gaming PC Case White,PC CASE,7.0,11036.0,1.0,1550.0,9486.0,1576.57
2025-12,9896,YGT V100 Micro ATX PC Case with PSU Black,PC CASE,1.0,835.0,0.0,0.0,835.0,835.0
2025-12,10052,Asus Prime 650W 80+ Bronze Power Supply,POWER SUPPLY,51.0,154875.0,3.0,9450.0,145425.0,3036.76
2025-12,10154,Aigo G6 HJ Plus GP650 650W 80+ Bronze Power Supply,POWER SUPPLY,3.0,5550.0,1.0,1850.0,3700.0,1850.0
2025-12,10208,Asus Prime AP-850W 80+ Gold Full Modular Power Supply,POWER SUPPLY,2.0,14200.0,0.0,0.0,14200.0,7100.0
2025-12,10434,DarkFlash GS 650M 650W Full Modular 80+ Bronze Power Supply,POWER SUPPLY,2.0,4700.0,0.0,0.0,4700.0,2350.0
2025-12,10507,Asus Prime 750W 80+ Bronze Power Supply,POWER SUPPLY,4.0,16459.4,0.0,0.0,16459.4,4114.85
2025-12,176,Intelligent 700 watts Power Supply,POWER SUPPLY,10.0,4220.0,0.0,0.0,4220.0,422.0
2025-12,3235,FSP HV PRO 85+ FSP550-51AAC 550 watts 80+ Bronze Non-Modular Power Supply,POWER SUPPLY,1.0,2610.0,0.0,0.0,2610.0,2610.0
2025-12,4079,MSI MAG A650BN 650Watts 80+ Non-Modular Power Supply Bronze,POWER SUPPLY,34.0,105861.81,1.0,3000.0,102861.81,3113.58
2025-12,4080,MSI MAG A550BN 550Watts 80+ Non-Modular Power Supply Bronze,POWER SUPPLY,17.0,45164.86,0.0,0.0,45164.86,2656.76
2025-12,8092,Corsair CX550 550 watts 80 Plus Bronze Power Supply,POWER SUPPLY,1.0,2905.0,0.0,0.0,2905.0,2905.0
2025-12,8093,Corsair CX650 650 watts 80 Plus Bronze Power Supply,POWER SUPPLY,5.0,17297.53,0.0,0.0,17297.53,3459.51
2025-12,8094,Corsair CX750 750 watts 80 Plus Bronze Power Supply,POWER SUPPLY,2.0,7570.0,0.0,0.0,7570.0,3785.0
2025-12,8542,Acer AC-550 550w Full Modular 80plus Bronze Power Supply,POWER SUPPLY,28.0,39116.45,2.0,2700.0,36416.45,1397.02
2025-12,8543,Acer AC-650 650w Full Modular  80plus Bronze Power Supply,POWER SUPPLY,11.0,22902.97,0.0,0.0,22902.97,2082.09
2025-12,8545,Acer AC-1000 1000w Full Modular 80plus Gold Power Supply,POWER SUPPLY,1.0,2500.0,0.0,0.0,2500.0,2500.0
2025-12,3940,Epson L121 Ink Tank Printer,PRINTER AND SCANNER,3.0,16485.0,0.0,0.0,16485.0,5495.0
2025-12,4115,Epson L3250 Wi-Fi Multi Functional Integrated Ink Tank Printer,PRINTER AND SCANNER,1.0,10225.0,0.0,0.0,10225.0,10225.0
2025-12,9934,Brother DCP-T730DW 3 in 1 Ink Tank Printer,PRINTER AND SCANNER,1.0,13950.0,0.0,0.0,13950.0,13950.0
2025-12,10102,AMD Ryzen 7 7700 Socket AM5 3.8GHz Processor MPK,PROCESSOR,8.0,101137.5,0.0,0.0,101137.5,12642.19
2025-12,10110,AMD Ryzen 5 5500GT 3.6GHz AM4 Socket DDR4 Processor MPK,PROCESSOR,25.0,168448.0,2.0,13570.0,154878.0,6737.92
2025-12,4513,AMD Ryzen 5 5600X Socket AM4 3.7GHz Processor with Wraith Stealth Cooler MPK,PROCESSOR,8.0,58328.5,0.0,0.0,58328.5,7291.06
2025-12,5640,AMD Ryzen 5 5500 Socket Am4 3.6GHz Processor with AMD wraith cooler MPK,PROCESSOR,39.0,183915.0,4.0,19490.0,164425.0,4715.77
2025-12,5663,AMD Ryzen 5 5600 Socket Am4 3.5GHz Processor with Wraith stealth cooler MPK,PROCESSOR,27.0,191544.83,1.0,7045.0,184499.83,7094.25
2025-12,7098,AMD Ryzen 7 5700G Socket Am4 3.8GHz with Radeon Vega 8 wraith stealth cooler Processor MPK,PROCESSOR,22.0,216596.0,1.0,9600.0,206996.0,9845.27
2025-12,7260,AMD Ryzen 5 7500F Socket AM5 3.7GHz Processor MPK,PROCESSOR,5.0,44520.0,1.0,9408.0,35112.0,8904.0
2025-12,7325,Intel Core i3-12100 Alder Lake Socket 1700 4.30GHz Processor MPK,PROCESSOR,1.0,6600.0,0.0,0.0,6600.0,6600.0
2025-12,7719,Intel Core i9-14900K Raptor Lake Socket LGA 1700 3.20GHz Processor,PROCESSOR,2.0,63590.0,0.0,0.0,63590.0,31795.0
2025-12,7929,AMD Ryzen 7 5700X Socket AM4 3.4GHz Processor with AMD Wraith Stealth cooler MPK,PROCESSOR,25.0,229193.63999999998,0.0,0.0,229193.64,9167.75
2025-12,8432,AMD Ryzen 3 3200g PRO Socket Am4 3.6ghz with Radeon Vega 8 Processor MPK,PROCESSOR,3.0,10090.0,0.0,0.0,10090.0,3363.33
2025-12,9776,AMD Ryzen 5 5600GT 3.6GHz AM4 Socket DDR4 Processor MPK,PROCESSOR,7.0,53650.0,1.0,7550.0,46100.0,7664.29
2025-12,10652,Lexar NQ780 LNQ780X001T-RNNNG 1TB PCIe 4.0 M.2 NVME Solid State Drive,SOLID STATE DRIVE,2.0,7990.0,0.0,0.0,7990.0,3995.0
2025-12,10659,Lexar NM620 256GB M.2 NVME Solid State Drive,SOLID STATE DRIVE,6.0,10500.9,0.0,0.0,10500.9,1750.15
2025-12,10680,Apacer AS2280Q4X 512GB PCIe 4.0 M.2 NVMe Solid State Drive,SOLID STATE DRIVE,10.0,29433.0,0.0,0.0,29433.0,2943.3
2025-12,10681,Apacer AS2280Q4X 1TB PCIe 4.0 M.2 NVMe Solid State Drive,SOLID STATE DRIVE,8.0,37200.0,0.0,0.0,37200.0,4650.0
2025-12,10697,Lexar NQ100 256GB Solid State Drive SATA 2.5,SOLID STATE DRIVE,3.0,5085.0,0.0,0.0,5085.0,1695.0
2025-12,10796,Lexar NM620 512gb M.2 NVME Solid State Drive,SOLID STATE DRIVE,3.0,10950.0,0.0,0.0,10950.0,3650.0
2025-12,1681,Team Group GX2 Solid State Drive 256gb SATA 2.5,SOLID STATE DRIVE,18.0,28898.0,2.0,3300.0,25598.0,1605.44
2025-12,1909,Lexar NS10 Lite Solid State Drive 120gb SATA 2.5,SOLID STATE DRIVE,1.0,605.0,1.0,605.0,0.0,605.0
2025-12,2468,Team Group GX2 512GB Sata III 2.5 Solid State Drive,SOLID STATE DRIVE,14.0,36962.5,0.0,0.0,36962.5,2640.18
2025-12,6700,Lexar NM610 Pro 500gb M.2 NVME Solid State Drive,SOLID STATE DRIVE,28.0,77951.98,0.0,0.0,77951.98,2784.0
2025-12,6856,Team Group MP33 256GB M.2 PCIe NVME Solid State Drive,SOLID STATE DRIVE,15.0,35200.0,0.0,0.0,35200.0,2346.67
2025-12,6936,Adata SU650 Solid State Drive 512GB SATA 2.5,SOLID STATE DRIVE,2.0,4800.0,0.0,0.0,4800.0,2400.0
2025-12,7232,Adata Legend 710 256GB PCIe GEN3 x4 M.2 2280 Solid State Drive,SOLID STATE DRIVE,2.0,3990.0,1.0,1995.0,1995.0,1995.0
2025-12,7233,Adata Legend 710 1TB PCIe GEN3 x4 M.2 2280 Solid State Drive,SOLID STATE DRIVE,3.0,14250.0,0.0,0.0,14250.0,4750.0
2025-12,7341,Team Group MP33 PRO 1TB M.2 PCIe Gen3.0 x4 NVME 1.3 Solid State Drive,SOLID STATE DRIVE,14.0,65343.75,1.0,4500.0,60843.75,4667.41
2025-12,9321,KINGBANK KP230 512GB M.2 PCIe Solid State Drive Gen 3x4,SOLID STATE DRIVE,1.0,2570.4,0.0,0.0,2570.4,2570.4
2025-12,9591,Kingston NV3 1TB PCIe 4.0 M.2 NVME Solid State Drive,SOLID STATE DRIVE,22.0,110346.25,1.0,5320.0,105026.25,5015.74
2025-12,9613,Kingston SNV3 500GB PCIe 4.0 M.2 NVME Solid State Drive,SOLID STATE DRIVE,45.0,125810.65,3.0,8505.0,117305.65,2795.79
2025-12,503,Edifier R12U Usb Powered Speaker Black,SPEAKER,2.0,1640.0,0.0,0.0,1640.0,820.0
2025-12,2991,APC Back-Ups BVX650I-PH 360 Watts 650va with Avr Universal Sockets Ups,UPS & AVR,2.0,4380.0,0.0,0.0,4380.0,2190.0
2025-12,36,Secure 220v Avr,UPS & AVR,19.0,4750.0,0.0,0.0,4750.0,250.0
2025-12,454,Secure 650va Ups,UPS & AVR,7.0,10251.5,0.0,0.0,10251.5,1464.5
2025-12,6110,Secure 1000va UPS,UPS & AVR,1.0,2650.0,0.0,0.0,2650.0,2650.0
2026-01,10653,RAKK Matik USB Gaming Headset LED Illuminated,AUDIO,7.0,2205.0,0.0,0.0,2205.0,315.0
2026-01,10952,EPOS Sennheiser Impact SC 260 ED Headset,AUDIO,1.0,1320.0,0.0,0.0,1320.0,1320.0
2026-01,10991,Logitech G PRO X Wired 7.1 Gaming Headset,AUDIO,3.0,13650.0,0.0,0.0,13650.0,4550.0
2026-01,10993,Logitech G PRO X Wired 7.1 Gaming Headset (League of Legends Edition),AUDIO,3.0,13650.0,0.0,0.0,13650.0,4550.0
2026-01,11507,Accutone UB210 Noise Cancelling Headset Black,AUDIO,4.0,6200.0,0.0,0.0,6200.0,1550.0
2026-01,11508,Accutone Sonar 280 Wireless & Wired Noise Cancelling Headset Black,AUDIO,4.0,8240.0,0.0,0.0,8240.0,2060.0
2026-01,11509,Accutone Converse 95 Noise Cancelling Headset Black,AUDIO,6.0,13920.0,0.0,0.0,13920.0,2320.0
2026-01,11510,Accutone Nexus 2000 MagSafe Speaker Blue,AUDIO,4.0,5000.0,0.0,0.0,5000.0,1250.0
2026-01,11511,Accutone Nexus 2000 MagSafe Speaker Gray,AUDIO,4.0,5000.0,0.0,0.0,5000.0,1250.0
2026-01,11512,Accutone Nexus 2000 MagSafe Speaker Pink,AUDIO,3.0,3750.0,0.0,0.0,3750.0,1250.0
2026-01,11612,Accutone UB101 Stereo USB Headset Black,AUDIO,6.0,2070.0,0.0,0.0,2070.0,345.0
2026-01,7652,RAKK SONIDO 7.1 Virtual Surround RGB Gaming Headset USB Black,AUDIO,5.0,4975.0,0.0,0.0,4975.0,995.0
2026-01,8581,Edifier W820NB Plus Active Noice Cancellation Bluetooth Stereo Wireless Headset Ivory,AUDIO,14.0,25900.0,0.0,0.0,25900.0,1850.0
2026-01,11143,Ad-Link CABLE (V705) VGA 3+4 1.5M,CABLES AND ADAPTERS,3.0,240.0,0.0,0.0,240.0,80.0
2026-01,7824,Hikvision E-HWID 2.8MM Eco-HiWatch 2.mm IR Dome E-HWID,CAMERA,5.0,7250.0,0.0,0.0,7250.0,1450.0
2026-01,78,A4Tech KRS-8572 Usb Keyboard and Mouse Black,COMBO,44.0,22440.0,0.0,0.0,22440.0,510.0
2026-01,9301,RAKK APTAS ILLUMINATED / Membrane Keyboard and Mouse / No software / Rainbow lighting / Black,COMBO,41.0,11685.0,0.0,0.0,11685.0,285.0
2026-01,10370,DarkFlash Infinity 34 3in1 ARGB Chassis Fan Black,COOLING,4.0,4600.0,0.0,0.0,4600.0,1150.0
2026-01,10373,DarkFlash Infinity 34 Single ARGB Chassis Fan White,COOLING,15.0,6300.0,0.0,0.0,6300.0,420.0
2026-01,10386,MSI MAG COREFROZR AA13 ARGB CPU Air Cooler black,COOLING,10.0,11950.0,0.0,0.0,11950.0,1195.0
2026-01,10590,YGT Cyber-120IFB 3in1 ARGB Chassis Fan Black,COOLING,12.0,6600.0,0.0,0.0,6600.0,550.0
2026-01,10743,NZXT F120 RGB Duo Triple Pack (RF-D12TF-W1) with RGB Controller Chassis Fan White,COOLING,16.0,24000.0,0.0,0.0,24000.0,1500.0
2026-01,10839,CoolerMaster Hyper 212 3DHP ARGB CPU Air Cooler Black,COOLING,12.0,16740.0,0.0,0.0,16740.0,1395.0
2026-01,10858,DarkFlash E400 Plus Matrix Display CPU Air Cooler White,COOLING,11.0,18150.0,0.0,0.0,18150.0,1650.0
2026-01,10930,CoolerMaster MasterLiquid 240L Core Liquid Cooling Black,COOLING,7.0,25900.0,0.0,0.0,25900.0,3700.0
2026-01,10966,CoolerMaster V4 Alpha 3DHP CPU Air Cooler Black,COOLING,13.0,24635.0,0.0,0.0,24635.0,1895.0
2026-01,10990,BeQuiet Silent Wings 4 (BL094) 120mm PWM High Speed Single Chassis Fan Black,COOLING,13.0,15600.0,0.0,0.0,15600.0,1200.0
2026-01,11005,Asus AR120 ARGB PWM Single Chassis Fan Black,COOLING,14.0,2100.0,0.0,0.0,2100.0,150.0
2026-01,11159,Jungle Leopard Chill Arc 360mm ARGB Liquid Cooling Black,COOLING,9.0,98550.0,0.0,0.0,98550.0,10950.0
2026-01,11160,Jungle Leopard Chill Arc 360mm ARGB Liquid Cooling White,COOLING,8.0,90360.0,0.0,0.0,90360.0,11295.0
2026-01,11216,CoolerMaster MasterLiquid Core Nex 360 ARGB CPU Liquid Cooler Black,COOLING,7.0,31150.0,0.0,0.0,31150.0,4450.0
2026-01,6174,Deepcool TW-003 CPU Air Cooler,COOLING,12.0,4800.0,0.0,0.0,4800.0,400.0
2026-01,7,AMD Stock Heatsink Fan,COOLING,14.0,1960.0,0.0,0.0,1960.0,140.0
2026-01,7501,DarkFlash DM12 F Single ARGB Chassis Fan Black,COOLING,13.0,3055.0,0.0,0.0,3055.0,235.0
2026-01,7502,DarkFlash DM12 F Single ARGB Chassis Fan White,COOLING,10.0,2850.0,0.0,0.0,2850.0,285.0
2026-01,7505,DarkFlash Infinity24 Single ARGB Chassis Fan Black,COOLING,7.0,1995.0,0.0,0.0,1995.0,285.0
2026-01,9737,MSI MAG Coreliquid A13 240 CPU Liquid Cooler Black,COOLING,7.0,25550.0,0.0,0.0,25550.0,3650.0
2026-01,9835,MSI MAG Coreliquid A13 360 CPU Liquid Cooler Black,COOLING,9.0,38520.0,0.0,0.0,38520.0,4280.0
2026-01,9836,MSI MAG Coreliquid A13 360 CPU Liquid Cooler White,COOLING,6.0,24840.0,0.0,0.0,24840.0,4140.0
2026-01,10425,"ViewSonic VA24G1-H 24"" FHD 144Hz IPS Monitor",DISPLAY,1.0,4150.0,0.0,0.0,4150.0,4150.0
2026-01,10540,"ASUS ROG Strix XG27ACMES 27"" QHD 255Hz-OC Fast IPS Monitor",DISPLAY,5.0,79975.0,0.0,0.0,79975.0,15995.0
2026-01,10711,"ASUS TUF Gaming Series 5 VG259QMR5A 24.5"" FHD 310Hz(OC) Fast-IPS Monitor",DISPLAY,8.0,75960.0,0.0,0.0,75960.0,9495.0
2026-01,10836,"AOC 24G11ZE 23.8"" 240Hz OC FHD Fast IPS Monitor",DISPLAY,8.0,52760.0,0.0,0.0,52760.0,6595.0
2026-01,10918,"Philips 24E2G2200 23.8"" 144Hz IPS FHD Monitor",DISPLAY,8.0,33560.0,0.0,0.0,33560.0,4195.0
2026-01,10919,"Philips 27E2G2200 27"" 144Hz IPS FHD Monitor",DISPLAY,6.0,35970.0,0.0,0.0,35970.0,5995.0
2026-01,10940,"MSI MAG 245F X24 23.8"" 240Hz FHD Rapid IPS Monitor",DISPLAY,7.0,45150.0,0.0,0.0,45150.0,6450.0
2026-01,10941,"MSI MAG 272F X24 27"" 240Hz FHD Rapid IPS Monitor",DISPLAY,7.0,62650.0,0.0,0.0,62650.0,8950.0
2026-01,11074,"AOC 24B36XE 23.8"" FHD 144Hz IPS Monitor",DISPLAY,6.0,25500.0,0.0,0.0,25500.0,4250.0
2026-01,11127,"Nvision N2455GT-B 23.8"" FHD 144Hz IPS Monitor",DISPLAY,11.0,43450.0,0.0,0.0,43450.0,3950.0
2026-01,11151,"MSI MAG 275QF E20 27"" WQHD 200Hz Rapid IPS Monitor",DISPLAY,15.0,172500.0,0.0,0.0,172500.0,11500.0
2026-01,11208,"Gamdias Atlas HD24IF IV 23.8"" 240Hz FHD Fast IPS Monitor Black",DISPLAY,8.0,46960.0,0.0,0.0,46960.0,5870.0
2026-01,11258,"AOC Q27G4SL/WS 27"" QHD 320Hz Fast IPS HDR 400 Monitor",DISPLAY,7.0,96600.0,0.0,0.0,96600.0,13800.0
2026-01,11472,"MSI PRO MP251 E14L 24.5"" 144HZ FHD IPS Monitor",DISPLAY,5.0,21625.0,0.0,0.0,21625.0,4325.0
2026-01,11473,"Asus TUF Gaming VG259QM5A 24.5"" 240Hz IPS Gaming Monitor",DISPLAY,9.0,71055.0,0.0,0.0,71055.0,7895.0
2026-01,11528,"LG 24U411A-B 23.8"" 120Hz FHD IPS Monitor",DISPLAY,8.0,29200.0,0.0,0.0,29200.0,3650.0
2026-01,7785,Nvision N190V8 19' LED Monitor,DISPLAY,6.0,10200.0,0.0,0.0,10200.0,1700.0
2026-01,7786,"Nvision N200V8 20"" LED Monitor",DISPLAY,8.0,13720.0,0.0,0.0,13720.0,1715.0
2026-01,8060,"Nvision H22V8 21.5"" LED Monitor",DISPLAY,8.0,17920.0,0.0,0.0,17920.0,2240.0
2026-01,9904,"Viewsonic VX2479A-HD-PRO 24"" 240Hz FHD 1MS MPRT IPS HDR10 Gaming Monitor",DISPLAY,10.0,63300.0,0.0,0.0,63300.0,6330.0
2026-01,11003,RAKK SUKOG LITE 800x400x3mm Mousepad Black,GAMING SURFACE,9.0,1710.0,0.0,0.0,1710.0,190.0
2026-01,10053,ASUS Dual Nvidia Geforce RTX 3050 OC Edition (DUAL-RTX3050-O6G) 6GB 96-bit GDRR6 Videocard,GRAPHIC CARD,5.0,72250.0,0.0,0.0,72250.0,14450.0
2026-01,10072,MSI Nvidia GeForce RTX 5060 VENTUS 2X OC (G5060-8V2C) 8GB 128-bit GDDR7 Videocard,GRAPHIC CARD,9.0,220500.0,0.0,0.0,220500.0,24500.0
2026-01,10080,Gigabyte Nvidia GeForce RTX 5060 AERO OC (GV-N5060AERO-OC-8GD) 8GB 128-bit GDDR7 Videocard,GRAPHIC CARD,10.0,257500.0,0.0,0.0,257500.0,25750.0
2026-01,10152,MSI GeForce RTX 5070 Ti VENTUS 3X OC (G507T-16V3C) 16GB 256-bit GDDR7 Videocard,GRAPHIC CARD,6.0,395700.0,0.0,0.0,395700.0,65950.0
2026-01,10155,ASUS DUAL GeForce RTX 5060 (DUAL-RTX5060-8G) 8GB 128-bit GDDR7 Videocard,GRAPHIC CARD,11.0,274450.0,0.0,0.0,274450.0,24950.0
2026-01,10206,ASUS Dual RX 7600 EVO OC Edition DUAL-RX7600-O8G-EVO 8GB 128-bit GDDR6 Videocard,GRAPHIC CARD,8.0,183600.0,0.0,0.0,183600.0,22950.0
2026-01,10207,ASUS Prime AMD Radeon RX 9060 XT OC (PRIME-RX9060XT-O16G) 16GB 128-Bit GDDR6 Videocard,GRAPHIC CARD,9.0,314550.0,0.0,0.0,314550.0,34950.0
2026-01,10225,MSI Nvidia GeForce RTX 5060 SHADOW 2X OC (G5060-8S2C) 8GB 128-bit GDDR7 Videocard,GRAPHIC CARD,10.0,249500.0,0.0,0.0,249500.0,24950.0
2026-01,10660,MSI Nvidia GeForce RTX 5050 VENTUS 2X OC (G5050-8V2C) 128-bit GDDR6 Videocard,GRAPHIC CARD,6.0,119700.0,0.0,0.0,119700.0,19950.0
2026-01,11557,ASUS DUAL Nvidia GeForce RTX 5060 Ti OC Edition (DUAL-RTX5060TI-O8G) 8GB 128-bit GDDR7 Videocard,GRAPHIC CARD,6.0,173700.0,0.0,0.0,173700.0,28950.0
2026-01,11591,MSI GeForce RTX 5060 Ventus 2X OC v1 (G5060-8V2CV1) 8GB 128-bit GDDR7 Videocard,GRAPHIC CARD,12.0,307800.0,0.0,0.0,307800.0,25650.0
2026-01,11636,Colorful Nvidia GeForce RTX 3050 6GB V4-V 96-bit GDDR6 Videocard,GRAPHIC CARD,5.0,61250.0,0.0,0.0,61250.0,12250.0
2026-01,8396,MSI GEFORCE RTX 3050 VENTUS 2X OC 6GB 96-bit DDR6 Videocard,GRAPHIC CARD,6.0,85200.0,0.0,0.0,85200.0,14200.0
2026-01,9396,Biostar Rx 580 VA5815RQ82 Dual Cooling Fan 8gb 256bit GDdr5 Gaming Videocard,GRAPHIC CARD,7.0,55650.0,0.0,0.0,55650.0,7950.0
2026-01,9883,Asus Prime AMD Radeon RX 9070 OC (PRIME-RX9070-O16G) 16GB 256-Bit GDDR6 Videocard,GRAPHIC CARD,11.0,527450.0,0.0,0.0,527450.0,47950.0
2026-01,9967,MSI Nvidia GeForce RTX 5070 VENTUS 2X OC 12GB 192-bit GDDR7 Videocard,GRAPHIC CARD,7.0,328650.0,0.0,0.0,328650.0,46950.0
2026-01,160,Seagate 1tb ST1000DM010 Harddisk Drive,HARD DISK,2.0,6900.0,0.0,0.0,6900.0,3450.0
2026-01,11573,Aula S75 Pro RGB Gaming Mechanical Wireless Tri-Mode Keyboard Gradient Pink,KEYBOARD,10.0,24500.0,0.0,0.0,24500.0,2450.0
2026-01,4285,Fantech MAXPOWER MK853 Mechanical Gaming Keyboard White - BLUE Switch,KEYBOARD,27.0,39960.0,0.0,0.0,39960.0,1480.0
2026-01,11552,"Asus Vivobook Go 15 E1504FA-BQ5585WSM 15.6""FHD IPS Ryzen 5-40/8GB LPDDR5/512GB M.2 NVMe PCIe 3.0 SSD/Win11 Laptop + HS M365",LAPTOP PR2,1.0,39995.0,0.0,0.0,39995.0,39995.0
2026-01,11583,"MSI Modern 14 F3HMG-039PHNN 14.0""FHD IPS Ryzen™ AI 5 330/8GB DDR5-5600/512GB*1 NVMe SSD PCIe Gen4/Win11 Laptop + OFC + Laptop Bag",LAPTOP PR2,1.0,47795.0,0.0,0.0,47795.0,47795.0
2026-01,11461,"MSI Modern 14 F1MG-887PHNN 14.0""FHD IPS Intel Core 7 150U/8GB+8GB DDR4-3200/512GB*1 NVMe SSD PCIe Gen4/Win11 Laptop + OFC + Laptop Bag",LAPTOP PR3,3.0,161985.0,0.0,0.0,161985.0,53995.0
2026-01,11550,"Lenovo V15 G5 IRL 15.6"" Intel Core i5-13420H/16GB DDR5/512GB SSD Laptop/Win11 Laptop SE + Laptop Bag",LAPTOP PR3,1.0,44995.0,0.0,0.0,44995.0,44995.0
2026-01,10286,Lexar LD5S16G56C46ST-BGS 16GB 5600Mhz DDR5 Sodimm Memory,MEMORY,17.0,265200.0,0.0,0.0,265200.0,15600.0
2026-01,10789,Teamgroup Vulcan 16GB 8GBx2 6000Mhz CL38 DDR5 Memory,MEMORY,13.0,188500.0,0.0,0.0,188500.0,14500.0
2026-01,10905,Lexar Ares 8GB LD4U08G32C16LA-RGS 3200Mhz DDR4 RGB Memory Black,MEMORY,7.0,29750.0,0.0,0.0,29750.0,4250.0
2026-01,11052,Biostar Storming V 8GB 3200Mhz DDR4 Memory,MEMORY,9.0,37350.0,0.0,0.0,37350.0,4150.0
2026-01,11185,Crucial 16GB CT16G4SFRA32A 3200Mhz DDR4 Sodimm,MEMORY,15.0,123750.0,0.0,0.0,123750.0,8250.0
2026-01,11327,HKC PC 16gb 3200mhz DDR4 with Heatsink Memory Black,MEMORY,11.0,68145.0,0.0,0.0,68145.0,6195.0
2026-01,11444,FASPEED 8GB 3200Mhz DDR4 with Heatsink Memory,MEMORY,13.0,40950.0,0.0,0.0,40950.0,3150.0
2026-01,11450,HKC PC 8gb 3200mhz DDR4 with Heatsink Memory Black,MEMORY,15.0,51750.0,0.0,0.0,51750.0,3450.0
2026-01,11548,Hiksemi Future 16GB (16x1) HSC516U56C2 5600Mhz CL38 DDR5 Memory Black,MEMORY,25.0,374875.0,0.0,0.0,374875.0,14995.0
2026-01,1372,Ramsta 4gb 1x4 2666mhz Ddr4 Memory,MEMORY,25.0,12500.0,0.0,0.0,12500.0,500.0
2026-01,2489,Ramsta 4gb 1x4 2666mhz Ddr4 Sodimm Memory,MEMORY,15.0,6000.0,0.0,0.0,6000.0,400.0
2026-01,3150,Team Elite TForce Delta 16gb 2x8 3600mhz Ddr4 RGB Memory Black,MEMORY,9.0,82350.0,0.0,0.0,82350.0,9150.0
2026-01,3151,Team Elite TForce Delta 16gb 2x8 3600mhz Ddr4 RGB Memory White,MEMORY,15.0,137250.0,0.0,0.0,137250.0,9150.0
2026-01,4055,Team Elite Plus 8gb 1x8 3200Mhz Ddr4 Memory Black Gold,MEMORY,19.0,90250.0,0.0,0.0,90250.0,4750.0
2026-01,9324,KINGBANK 16GB 1x16 3200mhz DDR4 with Heatsink Memory Silver,MEMORY,8.0,59600.0,0.0,0.0,59600.0,7450.0
2026-01,11448,Y5Pro Intel Core i5 8250U / 16GB DDr4 / 512GB SSD / WIFI 5 DUAL / 4* USB 3.0 / 2* HDMI 2.0 / 1* RJ45 1000Mbps / 1* Type-C / Windows 11 Pro Mini PC,MINI PC,5.0,104750.0,0.0,0.0,104750.0,20950.0
2026-01,11579,Y5Plus Intel Core i7 4650U / 8GB DDr3 / 128GB SSD / WIFI 5 DUAL / 4* USB 3.0 / 2* HDMI 2.0 / 1* RJ45 1000Mbps / 1* Type-C / Windows 11 Pro Mini PC,MINI PC,3.0,29850.0,0.0,0.0,29850.0,9950.0
2026-01,10295,Asus B650M-AYW Wifi DDR5 AMD Motherboard,MOTHERBOARD,16.0,116720.0,0.0,0.0,116720.0,7295.0
2026-01,10296,Asus Prime A520M-K/CSM AM4 AMD Motherboard,MOTHERBOARD,5.0,16475.0,0.0,0.0,16475.0,3295.0
2026-01,10647,ASUS PRIME B850M-A WIFI-CSM Socket AM5 DDR5 Motherboard,MOTHERBOARD,19.0,218405.0,0.0,0.0,218405.0,11495.0
2026-01,10675,MSI B650M GAMING WIFI AM5 DDR5 Motherboard,MOTHERBOARD,15.0,110925.0,0.0,0.0,110925.0,7395.0
2026-01,11556,Gigabyte B550M-K Socket Am4 Ddr4 Motherboard,MOTHERBOARD,15.0,74250.0,0.0,0.0,74250.0,4950.0
2026-01,11558,Asus B760M-AYW WIFI Socket LGA 1700 Ddr4 Motherboard,MOTHERBOARD,10.0,93500.0,0.0,0.0,93500.0,9350.0
2026-01,11593,Gigabyte B860M GAMING X WIFI6E LGA1851 Socket Ddr5 Motherboard,MOTHERBOARD,7.0,84665.0,0.0,0.0,84665.0,12095.0
2026-01,2756,MSI B550M Pro VDH Wifi Socket Am4 Ddr4 Motherboard,MOTHERBOARD,17.0,107950.0,0.0,0.0,107950.0,6350.0
2026-01,3367,MSI A520m-A Pro Socket Am4 Ddr4 Motherboard,MOTHERBOARD,12.0,39000.0,0.0,0.0,39000.0,3250.0
2026-01,4492,Asus Prime B550M-A Wifi II Socket Am4 Ddr4 Gaming Motherboard,MOTHERBOARD,13.0,83850.0,0.0,0.0,83850.0,6450.0
2026-01,7615,MSI B650M Project zero socket LGA AM5 DDR5 Motherboard,MOTHERBOARD,18.0,231300.0,0.0,0.0,231300.0,12850.0
2026-01,8617,Asrock A520M-HVS Socket Am4 DDR4 Motherboard,MOTHERBOARD,7.0,22050.0,0.0,0.0,22050.0,3150.0
2026-01,9385,Biostar A520MHP Socket Am4 DDR4 Motherboard,MOTHERBOARD,13.0,37635.0,0.0,0.0,37635.0,2895.0
2026-01,9759,MSI PRO X870-P WIFI Ddr5 AM5 Motherboard,MOTHERBOARD,17.0,305150.0,0.0,0.0,305150.0,17950.0
2026-01,9879,MSI B550M-A PRO Socket Am4 Ddr4 Motherboard,MOTHERBOARD,13.0,60450.0,0.0,0.0,60450.0,4650.0
2026-01,9970,Asus Prime B550M-K ARGB Socket Am4 Ddr4 Motherboard,MOTHERBOARD,10.0,48500.0,0.0,0.0,48500.0,4850.0
2026-01,10488,RAKK DASIG X3 Ambidextrous Hotswap Trimode PAW3311 Huano 80M RGB Gaming Mouse Black,MOUSE,6.0,5970.0,0.0,0.0,5970.0,995.0
2026-01,10489,RAKK DASIG X3 Ambidextrous Hotswap Trimode PAW3311 Huano 80M RGB Gaming Mouse White,MOUSE,10.0,9950.0,0.0,0.0,9950.0,995.0
2026-01,10776,RAKK TALAN AERO X PAW3395 8K Polling Omron Optical Trimode Lightweight 55g Gaming Mouse Black,MOUSE,10.0,21950.0,0.0,0.0,21950.0,2195.0
2026-01,10994,Logitech G 502X Wired Gaming Mouse White,MOUSE,7.0,21665.0,0.0,0.0,21665.0,3095.0
2026-01,3513,Logitech G102 Lightsync Gaming Mouse Black,MOUSE,13.0,12090.0,0.0,0.0,12090.0,930.0
2026-01,3700,Logitech G102 Lightsync Gaming Mouse White,MOUSE,9.0,8370.0,0.0,0.0,8370.0,930.0
2026-01,9299,RAKK DASIG LITE Huano Switch RGB Gaming Mouse,MOUSE,13.0,3640.0,0.0,0.0,3640.0,280.0
2026-01,11172,DITO Home WoWFi Lite 4G WiFi Router,NETWORK DEVICE,4.0,3920.0,0.0,0.0,3920.0,980.0
2026-01,11173,DITO Home WoWFi Pro 5G WiFi Router,NETWORK DEVICE,4.0,5960.0,0.0,0.0,5960.0,1490.0
2026-01,11356,TP-Link Archer BE220 Dual Band Wi-Fi 7 Router,NETWORK DEVICE,5.0,11250.0,0.0,0.0,11250.0,2250.0
2026-01,11460,ASUS RT-BE50 BE3600 Dual Band WiFi 7 Router,NETWORK DEVICE,1.0,2995.0,0.0,0.0,2995.0,2995.0
2026-01,130,Tp-Link TL-WA901ND Wireless N Access Point,NETWORK DEVICE,6.0,11364.0,0.0,0.0,11364.0,1894.0
2026-01,1693,TP-Link TL-WR820N 300Mbps Multimode Wi-Fi Router,NETWORK DEVICE,1.0,490.0,0.0,0.0,490.0,490.0
2026-01,10146,MSI PANO 110R PZ Mid Tower Gaming PC Case Black,PC CASE,6.0,25200.0,0.0,0.0,25200.0,4200.0
2026-01,10518,NZXT H6 Flow CC-H61FW-01 Tempered Glass ATX PC Case White,PC CASE,12.0,52200.0,0.0,0.0,52200.0,4350.0
2026-01,10519,NZXT H7 Flow (2024) CM-H72FW-01 ATX PC Case White,PC CASE,7.0,32550.0,0.0,0.0,32550.0,4650.0
2026-01,10520,NZXT H7 Flow RGB (2024) CM-H72FB-R1 ATX PC Case Black,PC CASE,9.0,39150.0,0.0,0.0,39150.0,4350.0
2026-01,10668,CoolerMaster Elite 302 ARGB Micro ATX PC Case Black,PC CASE,7.0,20965.0,0.0,0.0,20965.0,2995.0
2026-01,10808,MSI PAG PANO M110A ARGB Micro ATX PC Case Black,PC CASE,8.0,19600.0,0.0,0.0,19600.0,2450.0
2026-01,10828,DarkFlash Floatron F1 Micro ATX PC Case Black & White,PC CASE,6.0,23970.0,0.0,0.0,23970.0,3995.0
2026-01,10928,CoolerMaster Qube 540 Moonstone ATX PC Case,PC CASE,11.0,43945.0,0.0,0.0,43945.0,3995.0
2026-01,10963,CoolerMaster Elite 600 ARGB ATX Mid Tower PC Case Black,PC CASE,8.0,42800.0,0.0,0.0,42800.0,5350.0
2026-01,10972,Asus A31 Tempered Glass Mid Tower ATX PC Case White,PC CASE,10.0,34000.0,0.0,0.0,34000.0,3400.0
2026-01,11002,RAKK TANAN MATX Tempered Glass with PSU and Fans,PC CASE,6.0,7770.0,0.0,0.0,7770.0,1295.0
2026-01,11068,DarkFlash M305 with 3 RGB Fan Micro ATX Tempered Glass Gaming PC Case Black,PC CASE,11.0,15345.0,0.0,0.0,15345.0,1395.0
2026-01,11102,YGT Mars 9 Micro ATX PC Case with PSU Black,PC CASE,12.0,9540.0,0.0,0.0,9540.0,795.0
2026-01,11131,Asus A21 Tempered Glass Micro ATX PC Case Black,PC CASE,14.0,41930.0,0.0,0.0,41930.0,2995.0
2026-01,11306,Gamdias Aura GC10 v2 ARGB Dual Chamber Micro ATX PC Case Black,PC CASE,9.0,22455.0,0.0,0.0,22455.0,2495.0
2026-01,11406,Cougar MX110 RGB Mid Tower Tempered Glass ATX PC Case Black,PC CASE,8.0,18800.0,0.0,0.0,18800.0,2350.0
2026-01,11546,YGT 420B Micro ATX PC Case Black,PC CASE,6.0,7500.0,0.0,0.0,7500.0,1250.0
2026-01,6579,InPlay Wind 01 Acrylic Side Panel Micro ATX PC Case,PC CASE,3.0,0.0,0.0,0.0,0.0,0.0
2026-01,7367,MSI MAG Forge M100A Auto RGB Micro ATX PC Case Black,PC CASE,10.0,21900.0,0.0,0.0,21900.0,2190.0
2026-01,9897,YGT V100 Micro ATX PC Case with PSU White,PC CASE,4.0,3560.0,0.0,0.0,3560.0,890.0
2026-01,9973,MSI MAG PANO 100R Project Zero Micro ATX PC Case Black,PC CASE,7.0,46550.0,0.0,0.0,46550.0,6650.0
2026-01,10052,Asus Prime 650W 80+ Bronze Power Supply,POWER SUPPLY,12.0,43800.0,0.0,0.0,43800.0,3650.0
2026-01,10208,Asus Prime AP-850W 80+ Gold Full Modular Power Supply,POWER SUPPLY,16.0,119920.0,0.0,0.0,119920.0,7495.0
2026-01,10376,ASRock Pro-650B 650W 80+ Bronze Non-Modular ATX 3.1 Power Supply,POWER SUPPLY,10.0,26500.0,0.0,0.0,26500.0,2650.0
2026-01,10679,ASRock Steel Legend SL-1000G 1000W 80+ Gold Cybenetics Gold ATX 3.1 Full Modular Power Supply,POWER SUPPLY,9.0,85050.0,0.0,0.0,85050.0,9450.0
2026-01,11266,Acer AC-500 500W Non-Modular 80+ Bronze Power Supply Black,POWER SUPPLY,15.0,18750.0,0.0,0.0,18750.0,1250.0
2026-01,11267,Acer AC-650 650W Non-Modular 80+ Bronze Power Supply Black,POWER SUPPLY,12.0,21468.0,0.0,0.0,21468.0,1789.0
2026-01,11332,Acer AC-750 750W Non-Modular 80+ Bronze Power Supply Black,POWER SUPPLY,16.0,33600.0,0.0,0.0,33600.0,2100.0
2026-01,176,Intelligent 700 watts Power Supply,POWER SUPPLY,17.0,7650.0,0.0,0.0,7650.0,450.0
2026-01,4079,MSI MAG A650BN 650Watts 80+ Non-Modular Power Supply Bronze,POWER SUPPLY,12.0,39540.0,0.0,0.0,39540.0,3295.0
2026-01,4080,MSI MAG A550BN 550Watts 80+ Non-Modular Power Supply Bronze,POWER SUPPLY,13.0,37115.0,0.0,0.0,37115.0,2855.0
2026-01,6242,MSI MAG A600DN 600W 80+ Power Supply,POWER SUPPLY,8.0,22120.0,0.0,0.0,22120.0,2765.0
2026-01,7838,MSI MAG A850GL 850Watts PCIE5 80+ Full Modular Power Supply Gold Black,POWER SUPPLY,11.0,79530.0,0.0,0.0,79530.0,7230.0
2026-01,8542,Acer AC-550 550w Full Modular 80plus Bronze Power Supply,POWER SUPPLY,9.0,12915.0,0.0,0.0,12915.0,1435.0
2026-01,8543,Acer AC-650 650w Full Modular  80plus Bronze Power Supply,POWER SUPPLY,17.0,34935.0,0.0,0.0,34935.0,2055.0
2026-01,9703,CoolerMaster MWE 650W V3 (MPE-6501-ACABW-3BUS) 80+ Bronze ATX 3.1 Power Supply,POWER SUPPLY,10.0,38100.0,0.0,0.0,38100.0,3810.0
2026-01,9938,CoolerMaster MWE 750W V3 (MPE-7501-ACABW-3BUS) 80+ Bronze ATX 3.1 Power Supply,POWER SUPPLY,8.0,34544.0,0.0,0.0,34544.0,4318.0
2026-01,11598,Epson L3310 Multi Functional Integrated Ink Tank Printer,PRINTER AND SCANNER,2.0,18100.0,0.0,0.0,18100.0,9050.0
2026-01,2008,Canon Pixma TS207 Printer Inkjet,PRINTER AND SCANNER,1.0,2230.0,0.0,0.0,2230.0,2230.0
2026-01,3940,Epson L121 Ink Tank Printer,PRINTER AND SCANNER,1.0,5450.0,0.0,0.0,5450.0,5450.0
2026-01,4804,Canon Pixma MG3070S Compact Wireless All-In-One Printer,PRINTER AND SCANNER,2.0,6850.0,0.0,0.0,6850.0,3425.0
2026-01,10057,AMD Ryzen 9 9900X 4.4GHz AM5 Socket DDR5 Processor TTP,PROCESSOR,11.0,274450.0,0.0,0.0,274450.0,24950.0
2026-01,10102,AMD Ryzen 7 7700 Socket AM5 3.8GHz Processor MPK,PROCESSOR,7.0,83650.0,0.0,0.0,83650.0,11950.0
2026-01,10110,AMD Ryzen 5 5500GT 3.6GHz AM4 Socket DDR4 Processor MPK,PROCESSOR,16.0,129520.0,0.0,0.0,129520.0,8095.0
2026-01,10911,Intel Core i9-14900K Raptor Lake Socket LGA 1700 3.20GHz Processor MPK,PROCESSOR,16.0,511200.0,0.0,0.0,511200.0,31950.0
2026-01,10938,AMD Ryzen 5 8400F 4.2GHz AM5 Socket DDR5 Processor MPK,PROCESSOR,8.0,71600.0,0.0,0.0,71600.0,8950.0
2026-01,11064,AMD Ryzen 5 3400g 3.7ghz AM4 Socket DDR4 Processor MPK,PROCESSOR,6.0,22770.0,0.0,0.0,22770.0,3795.0
2026-01,11065,AMD Ryzen 7 8700F 4.1ghz AM5 Socket DDR5 Processor MPK,PROCESSOR,16.0,151200.0,0.0,0.0,151200.0,9450.0
2026-01,11592,Intel Core Ultra 7 processor 270K Plus LGA 1851 5.5Ghz Processor,PROCESSOR,13.0,272350.0,0.0,0.0,272350.0,20950.0
2026-01,4513,AMD Ryzen 5 5600X Socket AM4 3.7GHz Processor with Wraith Stealth Cooler MPK,PROCESSOR,13.0,116350.0,0.0,0.0,116350.0,8950.0
2026-01,5640,AMD Ryzen 5 5500 Socket Am4 3.6GHz Processor with AMD wraith cooler MPK,PROCESSOR,11.0,57200.0,0.0,0.0,57200.0,5200.0
2026-01,5663,AMD Ryzen 5 5600 Socket Am4 3.5GHz Processor with Wraith stealth cooler MPK,PROCESSOR,12.0,86400.0,0.0,0.0,86400.0,7200.0
2026-01,7098,AMD Ryzen 7 5700G Socket Am4 3.8GHz with Radeon Vega 8 wraith stealth cooler Processor MPK,PROCESSOR,7.0,85750.0,0.0,0.0,85750.0,12250.0
2026-01,7929,AMD Ryzen 7 5700X Socket AM4 3.4GHz Processor with AMD Wraith Stealth cooler MPK,PROCESSOR,10.0,99500.0,0.0,0.0,99500.0,9950.0
2026-01,8432,AMD Ryzen 3 3200g PRO Socket Am4 3.6ghz with Radeon Vega 8 Processor MPK,PROCESSOR,9.0,30555.0,0.0,0.0,30555.0,3395.0
2026-01,9608,AMD RYZEN 7 7800X3D Socket AM5 D5 5.0ghz with Radeon Graphics processor TTP,PROCESSOR,10.0,184500.0,0.0,0.0,184500.0,18450.0
2026-01,9614,AMD RYZEN 7 9800X3D Socket AM5 D5 5.2ghz with Radeon Graphics processor,PROCESSOR,15.0,419250.0,0.0,0.0,419250.0,27950.0
2026-01,9776,AMD Ryzen 5 5600GT 3.6GHz AM4 Socket DDR4 Processor MPK,PROCESSOR,11.0,101145.0,0.0,0.0,101145.0,9195.0
2026-01,9841,Intel Core i5-14400 4.7GHz LGA 1700 Processor MPK,PROCESSOR,13.0,155350.0,0.0,0.0,155350.0,11950.0
2026-01,10697,Lexar NQ100 256GB Solid State Drive SATA 2.5,SOLID STATE DRIVE,20.0,79900.0,0.0,0.0,79900.0,3995.0
2026-01,10797,Lexar NM620 1TB M.2 NVME Solid State Drive,SOLID STATE DRIVE,11.0,89100.0,0.0,0.0,89100.0,8100.0
2026-01,10804,Team Group MP33 512GB M.2 PCIe Gen3.0 x4 NVME 1.3 Solid State Drive,SOLID STATE DRIVE,20.0,125000.0,0.0,0.0,125000.0,6250.0
2026-01,11148,Teamgroup T-Force GA Pro 1TB NVMe M.2 Gen 5 Solid State Drive,SOLID STATE DRIVE,25.0,271250.0,0.0,0.0,271250.0,10850.0
2026-01,11152,Hiksemi Wave S 256B SATA 2.5 Solid State Drive,SOLID STATE DRIVE,14.0,46900.0,0.0,0.0,46900.0,3350.0
2026-01,11269,Hiksemi Wave P 256GB PCIE Gen3 M.2 Solid State Drive,SOLID STATE DRIVE,19.0,66405.0,0.0,0.0,66405.0,3495.0
2026-01,11323,ESGaming 512GB SATA 2.5 Solid State Drive,SOLID STATE DRIVE,12.0,52740.0,0.0,0.0,52740.0,4395.0
2026-01,11577,Apacer AS2280P4 512GB PCIe Gen 3x4 M.2 NVMe Solid State Drive,SOLID STATE DRIVE,23.0,121785.0,0.0,0.0,121785.0,5295.0
2026-01,1681,Team Group GX2 Solid State Drive 256gb SATA 2.5,SOLID STATE DRIVE,15.0,51750.0,0.0,0.0,51750.0,3450.0
2026-01,1909,Lexar NS10 Lite Solid State Drive 120gb SATA 2.5,SOLID STATE DRIVE,17.0,24650.0,0.0,0.0,24650.0,1450.0
2026-01,6856,Team Group MP33 256GB M.2 PCIe NVME Solid State Drive,SOLID STATE DRIVE,12.0,40200.0,0.0,0.0,40200.0,3350.0
2026-01,6936,Adata SU650 Solid State Drive 512GB SATA 2.5,SOLID STATE DRIVE,28.0,139860.0,0.0,0.0,139860.0,4995.0
2026-01,10832,"ORTIZAN C7 Dual-Mode 2.0 Studio Monitors, Active Monitor Speakers, Black",SPEAKER,1.0,3195.0,0.0,0.0,3195.0,3195.0
2026-01,9768,Edifier T5 Powered Subwoofer,SPEAKER,1.0,4950.0,0.0,0.0,4950.0,4950.0
2026-01,2991,APC Back-Ups BVX650I-PH 360 Watts 650va with Avr Universal Sockets Ups,UPS & AVR,11.0,24200.0,0.0,0.0,24200.0,2200.0
2026-01,36,Secure 220v Avr,UPS & AVR,6.0,1500.0,0.0,0.0,1500.0,250.0
2026-01,454,Secure 650va Ups,UPS & AVR,6.0,8700.0,0.0,0.0,8700.0,1450.0
2026-02,10653,RAKK Matik USB Gaming Headset LED Illuminated,AUDIO,6.0,1890.0,0.0,0.0,1890.0,315.0
2026-02,10952,EPOS Sennheiser Impact SC 260 ED Headset,AUDIO,3.0,3960.0,0.0,0.0,3960.0,1320.0
2026-02,10991,Logitech G PRO X Wired 7.1 Gaming Headset,AUDIO,6.0,27300.0,0.0,0.0,27300.0,4550.0
2026-02,10993,Logitech G PRO X Wired 7.1 Gaming Headset (League of Legends Edition),AUDIO,6.0,27300.0,0.0,0.0,27300.0,4550.0
2026-02,11507,Accutone UB210 Noise Cancelling Headset Black,AUDIO,4.0,6200.0,0.0,0.0,6200.0,1550.0
2026-02,11508,Accutone Sonar 280 Wireless & Wired Noise Cancelling Headset Black,AUDIO,2.0,4120.0,0.0,0.0,4120.0,2060.0
2026-02,11509,Accutone Converse 95 Noise Cancelling Headset Black,AUDIO,3.0,6960.0,0.0,0.0,6960.0,2320.0
2026-02,11510,Accutone Nexus 2000 MagSafe Speaker Blue,AUDIO,2.0,2500.0,0.0,0.0,2500.0,1250.0
2026-02,11511,Accutone Nexus 2000 MagSafe Speaker Gray,AUDIO,5.0,6250.0,0.0,0.0,6250.0,1250.0
2026-02,11612,Accutone UB101 Stereo USB Headset Black,AUDIO,2.0,690.0,0.0,0.0,690.0,345.0
2026-02,7652,RAKK SONIDO 7.1 Virtual Surround RGB Gaming Headset USB Black,AUDIO,3.0,2985.0,0.0,0.0,2985.0,995.0
2026-02,8581,Edifier W820NB Plus Active Noice Cancellation Bluetooth Stereo Wireless Headset Ivory,AUDIO,3.0,5550.0,0.0,0.0,5550.0,1850.0
2026-02,7824,Hikvision E-HWID 2.8MM Eco-HiWatch 2.mm IR Dome E-HWID,CAMERA,7.0,10150.0,0.0,0.0,10150.0,1450.0
2026-02,78,A4Tech KRS-8572 Usb Keyboard and Mouse Black,COMBO,42.0,21420.0,0.0,0.0,21420.0,510.0
2026-02,9301,RAKK APTAS ILLUMINATED / Membrane Keyboard and Mouse / No software / Rainbow lighting / Black,COMBO,47.0,13395.0,0.0,0.0,13395.0,285.0
2026-02,10370,DarkFlash Infinity 34 3in1 ARGB Chassis Fan Black,COOLING,9.0,10350.0,0.0,0.0,10350.0,1150.0
2026-02,10373,DarkFlash Infinity 34 Single ARGB Chassis Fan White,COOLING,9.0,3780.0,0.0,0.0,3780.0,420.0
2026-02,10386,MSI MAG COREFROZR AA13 ARGB CPU Air Cooler black,COOLING,11.0,13145.0,0.0,0.0,13145.0,1195.0
2026-02,10590,YGT Cyber-120IFB 3in1 ARGB Chassis Fan Black,COOLING,3.0,1650.0,0.0,0.0,1650.0,550.0
2026-02,10743,NZXT F120 RGB Duo Triple Pack (RF-D12TF-W1) with RGB Controller Chassis Fan White,COOLING,9.0,13500.0,0.0,0.0,13500.0,1500.0
2026-02,10839,CoolerMaster Hyper 212 3DHP ARGB CPU Air Cooler Black,COOLING,15.0,20925.0,0.0,0.0,20925.0,1395.0
2026-02,10858,DarkFlash E400 Plus Matrix Display CPU Air Cooler White,COOLING,11.0,18150.0,0.0,0.0,18150.0,1650.0
2026-02,10930,CoolerMaster MasterLiquid 240L Core Liquid Cooling Black,COOLING,10.0,37000.0,0.0,0.0,37000.0,3700.0
2026-02,10966,CoolerMaster V4 Alpha 3DHP CPU Air Cooler Black,COOLING,6.0,11370.0,0.0,0.0,11370.0,1895.0
2026-02,10990,BeQuiet Silent Wings 4 (BL094) 120mm PWM High Speed Single Chassis Fan Black,COOLING,19.0,22800.0,0.0,0.0,22800.0,1200.0
2026-02,11005,Asus AR120 ARGB PWM Single Chassis Fan Black,COOLING,13.0,1950.0,0.0,0.0,1950.0,150.0
2026-02,11159,Jungle Leopard Chill Arc 360mm ARGB Liquid Cooling Black,COOLING,7.0,76650.0,0.0,0.0,76650.0,10950.0
2026-02,11160,Jungle Leopard Chill Arc 360mm ARGB Liquid Cooling White,COOLING,9.0,101655.0,0.0,0.0,101655.0,11295.0
2026-02,11216,CoolerMaster MasterLiquid Core Nex 360 ARGB CPU Liquid Cooler Black,COOLING,18.0,80100.0,0.0,0.0,80100.0,4450.0
2026-02,6174,Deepcool TW-003 CPU Air Cooler,COOLING,11.0,4400.0,0.0,0.0,4400.0,400.0
2026-02,7,AMD Stock Heatsink Fan,COOLING,6.0,840.0,0.0,0.0,840.0,140.0
2026-02,7501,DarkFlash DM12 F Single ARGB Chassis Fan Black,COOLING,9.0,2115.0,0.0,0.0,2115.0,235.0
2026-02,7502,DarkFlash DM12 F Single ARGB Chassis Fan White,COOLING,9.0,2565.0,0.0,0.0,2565.0,285.0
2026-02,7505,DarkFlash Infinity24 Single ARGB Chassis Fan Black,COOLING,12.0,3420.0,0.0,0.0,3420.0,285.0
2026-02,9737,MSI MAG Coreliquid A13 240 CPU Liquid Cooler Black,COOLING,9.0,32850.0,0.0,0.0,32850.0,3650.0
2026-02,9835,MSI MAG Coreliquid A13 360 CPU Liquid Cooler Black,COOLING,7.0,29960.0,0.0,0.0,29960.0,4280.0
2026-02,9836,MSI MAG Coreliquid A13 360 CPU Liquid Cooler White,COOLING,16.0,66240.0,0.0,0.0,66240.0,4140.0
2026-02,10425,"ViewSonic VA24G1-H 24"" FHD 144Hz IPS Monitor",DISPLAY,10.0,41500.0,0.0,0.0,41500.0,4150.0
2026-02,10540,"ASUS ROG Strix XG27ACMES 27"" QHD 255Hz-OC Fast IPS Monitor",DISPLAY,7.0,111965.0,0.0,0.0,111965.0,15995.0
2026-02,10711,"ASUS TUF Gaming Series 5 VG259QMR5A 24.5"" FHD 310Hz(OC) Fast-IPS Monitor",DISPLAY,7.0,66465.0,0.0,0.0,66465.0,9495.0
2026-02,10836,"AOC 24G11ZE 23.8"" 240Hz OC FHD Fast IPS Monitor",DISPLAY,13.0,85735.0,0.0,0.0,85735.0,6595.0
2026-02,10918,"Philips 24E2G2200 23.8"" 144Hz IPS FHD Monitor",DISPLAY,5.0,20975.0,0.0,0.0,20975.0,4195.0
2026-02,10919,"Philips 27E2G2200 27"" 144Hz IPS FHD Monitor",DISPLAY,4.0,23980.0,0.0,0.0,23980.0,5995.0
2026-02,10940,"MSI MAG 245F X24 23.8"" 240Hz FHD Rapid IPS Monitor",DISPLAY,5.0,32250.0,0.0,0.0,32250.0,6450.0
2026-02,10941,"MSI MAG 272F X24 27"" 240Hz FHD Rapid IPS Monitor",DISPLAY,7.0,62650.0,0.0,0.0,62650.0,8950.0
2026-02,11074,"AOC 24B36XE 23.8"" FHD 144Hz IPS Monitor",DISPLAY,8.0,34000.0,0.0,0.0,34000.0,4250.0
2026-02,11127,"Nvision N2455GT-B 23.8"" FHD 144Hz IPS Monitor",DISPLAY,6.0,23700.0,0.0,0.0,23700.0,3950.0
2026-02,11151,"MSI MAG 275QF E20 27"" WQHD 200Hz Rapid IPS Monitor",DISPLAY,7.0,80500.0,0.0,0.0,80500.0,11500.0
2026-02,11208,"Gamdias Atlas HD24IF IV 23.8"" 240Hz FHD Fast IPS Monitor Black",DISPLAY,11.0,64570.0,0.0,0.0,64570.0,5870.0
2026-02,11258,"AOC Q27G4SL/WS 27"" QHD 320Hz Fast IPS HDR 400 Monitor",DISPLAY,7.0,96600.0,0.0,0.0,96600.0,13800.0
2026-02,11472,"MSI PRO MP251 E14L 24.5"" 144HZ FHD IPS Monitor",DISPLAY,4.0,17300.0,0.0,0.0,17300.0,4325.0
2026-02,11473,"Asus TUF Gaming VG259QM5A 24.5"" 240Hz IPS Gaming Monitor",DISPLAY,8.0,63160.0,0.0,0.0,63160.0,7895.0
2026-02,11528,"LG 24U411A-B 23.8"" 120Hz FHD IPS Monitor",DISPLAY,6.0,21900.0,0.0,0.0,21900.0,3650.0
2026-02,7785,Nvision N190V8 19' LED Monitor,DISPLAY,12.0,20400.0,0.0,0.0,20400.0,1700.0
2026-02,7786,"Nvision N200V8 20"" LED Monitor",DISPLAY,12.0,20580.0,0.0,0.0,20580.0,1715.0
2026-02,8060,"Nvision H22V8 21.5"" LED Monitor",DISPLAY,10.0,22400.0,0.0,0.0,22400.0,2240.0
2026-02,9904,"Viewsonic VX2479A-HD-PRO 24"" 240Hz FHD 1MS MPRT IPS HDR10 Gaming Monitor",DISPLAY,4.0,25320.0,0.0,0.0,25320.0,6330.0
2026-02,11003,RAKK SUKOG LITE 800x400x3mm Mousepad Black,GAMING SURFACE,21.0,3990.0,0.0,0.0,3990.0,190.0
2026-02,10053,ASUS Dual Nvidia Geforce RTX 3050 OC Edition (DUAL-RTX3050-O6G) 6GB 96-bit GDRR6 Videocard,GRAPHIC CARD,11.0,158950.0,0.0,0.0,158950.0,14450.0
2026-02,10072,MSI Nvidia GeForce RTX 5060 VENTUS 2X OC (G5060-8V2C) 8GB 128-bit GDDR7 Videocard,GRAPHIC CARD,7.0,171500.0,0.0,0.0,171500.0,24500.0
2026-02,10080,Gigabyte Nvidia GeForce RTX 5060 AERO OC (GV-N5060AERO-OC-8GD) 8GB 128-bit GDDR7 Videocard,GRAPHIC CARD,7.0,180250.0,0.0,0.0,180250.0,25750.0
2026-02,10152,MSI GeForce RTX 5070 Ti VENTUS 3X OC (G507T-16V3C) 16GB 256-bit GDDR7 Videocard,GRAPHIC CARD,9.0,593550.0,0.0,0.0,593550.0,65950.0
2026-02,10155,ASUS DUAL GeForce RTX 5060 (DUAL-RTX5060-8G) 8GB 128-bit GDDR7 Videocard,GRAPHIC CARD,5.0,124750.0,0.0,0.0,124750.0,24950.0
2026-02,10206,ASUS Dual RX 7600 EVO OC Edition DUAL-RX7600-O8G-EVO 8GB 128-bit GDDR6 Videocard,GRAPHIC CARD,5.0,114750.0,0.0,0.0,114750.0,22950.0
2026-02,10207,ASUS Prime AMD Radeon RX 9060 XT OC (PRIME-RX9060XT-O16G) 16GB 128-Bit GDDR6 Videocard,GRAPHIC CARD,7.0,244650.0,0.0,0.0,244650.0,34950.0
2026-02,10225,MSI Nvidia GeForce RTX 5060 SHADOW 2X OC (G5060-8S2C) 8GB 128-bit GDDR7 Videocard,GRAPHIC CARD,9.0,224550.0,0.0,0.0,224550.0,24950.0
2026-02,10660,MSI Nvidia GeForce RTX 5050 VENTUS 2X OC (G5050-8V2C) 128-bit GDDR6 Videocard,GRAPHIC CARD,6.0,119700.0,0.0,0.0,119700.0,19950.0
2026-02,11557,ASUS DUAL Nvidia GeForce RTX 5060 Ti OC Edition (DUAL-RTX5060TI-O8G) 8GB 128-bit GDDR7 Videocard,GRAPHIC CARD,3.0,86850.0,0.0,0.0,86850.0,28950.0
2026-02,11591,MSI GeForce RTX 5060 Ventus 2X OC v1 (G5060-8V2CV1) 8GB 128-bit GDDR7 Videocard,GRAPHIC CARD,6.0,153900.0,0.0,0.0,153900.0,25650.0
2026-02,11636,Colorful Nvidia GeForce RTX 3050 6GB V4-V 96-bit GDDR6 Videocard,GRAPHIC CARD,11.0,134750.0,0.0,0.0,134750.0,12250.0
2026-02,8396,MSI GEFORCE RTX 3050 VENTUS 2X OC 6GB 96-bit DDR6 Videocard,GRAPHIC CARD,11.0,156200.0,0.0,0.0,156200.0,14200.0
2026-02,9396,Biostar Rx 580 VA5815RQ82 Dual Cooling Fan 8gb 256bit GDdr5 Gaming Videocard,GRAPHIC CARD,10.0,79500.0,0.0,0.0,79500.0,7950.0
2026-02,9883,Asus Prime AMD Radeon RX 9070 OC (PRIME-RX9070-O16G) 16GB 256-Bit GDDR6 Videocard,GRAPHIC CARD,3.0,143850.0,0.0,0.0,143850.0,47950.0
2026-02,9967,MSI Nvidia GeForce RTX 5070 VENTUS 2X OC 12GB 192-bit GDDR7 Videocard,GRAPHIC CARD,5.0,234750.0,0.0,0.0,234750.0,46950.0
2026-02,160,Seagate 1tb ST1000DM010 Harddisk Drive,HARD DISK,1.0,3450.0,0.0,0.0,3450.0,3450.0
2026-02,11573,Aula S75 Pro RGB Gaming Mechanical Wireless Tri-Mode Keyboard Gradient Pink,KEYBOARD,16.0,39200.0,0.0,0.0,39200.0,2450.0
2026-02,4285,Fantech MAXPOWER MK853 Mechanical Gaming Keyboard White - BLUE Switch,KEYBOARD,22.0,32560.0,0.0,0.0,32560.0,1480.0
2026-02,9998,"Gigabyte Gaming A16 CMHH2PH893SH 16.0"" WUXGA 165Hz Intel Core i5-13420H/16GB DDR5/512GB 2x M.2 SSD/ RTX 4050 6GB/Win11Laptop",LAPTOP GA2,3.0,188985.0,0.0,0.0,188985.0,62995.0
2026-02,11552,"Asus Vivobook Go 15 E1504FA-BQ5585WSM 15.6""FHD IPS Ryzen 5-40/8GB LPDDR5/512GB M.2 NVMe PCIe 3.0 SSD/Win11 Laptop + HS M365",LAPTOP PR2,1.0,39995.0,0.0,0.0,39995.0,39995.0
2026-02,11564,"Asus Vivobook 14 X1404VA-EB2200WSM 14.0"" FHD Intel Core 5 120U/8GB DDR5/512GB SSD/Win11 Laptop H&S+M365 + Laptop Bag",LAPTOP PR2,2.0,87990.0,0.0,0.0,87990.0,43995.0
2026-02,11583,"MSI Modern 14 F3HMG-039PHNN 14.0""FHD IPS Ryzen™ AI 5 330/8GB DDR5-5600/512GB*1 NVMe SSD PCIe Gen4/Win11 Laptop + OFC + Laptop Bag",LAPTOP PR2,1.0,47795.0,0.0,0.0,47795.0,47795.0
2026-02,11527,"Lenovo V15 G4 ABP 15.6"" FHD Ryzen 7-7730U/8GB DDR4/512GB NVMe SSD/Win11 Pro Laptop SE",LAPTOP PR3,3.0,119985.0,0.0,0.0,119985.0,39995.0
2026-02,10286,Lexar LD5S16G56C46ST-BGS 16GB 5600Mhz DDR5 Sodimm Memory,MEMORY,9.0,140400.0,0.0,0.0,140400.0,15600.0
2026-02,10789,Teamgroup Vulcan 16GB 8GBx2 6000Mhz CL38 DDR5 Memory,MEMORY,14.0,203000.0,0.0,0.0,203000.0,14500.0
2026-02,10905,Lexar Ares 8GB LD4U08G32C16LA-RGS 3200Mhz DDR4 RGB Memory Black,MEMORY,14.0,59500.0,0.0,0.0,59500.0,4250.0
2026-02,11052,Biostar Storming V 8GB 3200Mhz DDR4 Memory,MEMORY,15.0,62250.0,0.0,0.0,62250.0,4150.0
2026-02,11185,Crucial 16GB CT16G4SFRA32A 3200Mhz DDR4 Sodimm,MEMORY,16.0,132000.0,0.0,0.0,132000.0,8250.0
2026-02,11327,HKC PC 16gb 3200mhz DDR4 with Heatsink Memory Black,MEMORY,10.0,61950.0,0.0,0.0,61950.0,6195.0
2026-02,11444,FASPEED 8GB 3200Mhz DDR4 with Heatsink Memory,MEMORY,8.0,25200.0,0.0,0.0,25200.0,3150.0
2026-02,11450,HKC PC 8gb 3200mhz DDR4 with Heatsink Memory Black,MEMORY,8.0,27600.0,0.0,0.0,27600.0,3450.0
2026-02,11548,Hiksemi Future 16GB (16x1) HSC516U56C2 5600Mhz CL38 DDR5 Memory Black,MEMORY,11.0,164945.0,0.0,0.0,164945.0,14995.0
2026-02,1372,Ramsta 4gb 1x4 2666mhz Ddr4 Memory,MEMORY,9.0,4500.0,0.0,0.0,4500.0,500.0
2026-02,2489,Ramsta 4gb 1x4 2666mhz Ddr4 Sodimm Memory,MEMORY,11.0,4400.0,0.0,0.0,4400.0,400.0
2026-02,3150,Team Elite TForce Delta 16gb 2x8 3600mhz Ddr4 RGB Memory Black,MEMORY,19.0,173850.0,0.0,0.0,173850.0,9150.0
2026-02,3151,Team Elite TForce Delta 16gb 2x8 3600mhz Ddr4 RGB Memory White,MEMORY,15.0,137250.0,0.0,0.0,137250.0,9150.0
2026-02,4055,Team Elite Plus 8gb 1x8 3200Mhz Ddr4 Memory Black Gold,MEMORY,18.0,85500.0,0.0,0.0,85500.0,4750.0
2026-02,9324,KINGBANK 16GB 1x16 3200mhz DDR4 with Heatsink Memory Silver,MEMORY,19.0,141550.0,0.0,0.0,141550.0,7450.0
2026-02,11579,Y5Plus Intel Core i7 4650U / 8GB DDr3 / 128GB SSD / WIFI 5 DUAL / 4* USB 3.0 / 2* HDMI 2.0 / 1* RJ45 1000Mbps / 1* Type-C / Windows 11 Pro Mini PC,MINI PC,3.0,29850.0,0.0,0.0,29850.0,9950.0
2026-02,9794,"Nvision A24K6-S-i704-1625 Intel i7-4700M 16GB 256GB SSD 23.8"" FHD IPS All in One PC",MINI PC,1.0,16950.0,0.0,0.0,16950.0,16950.0
2026-02,10295,Asus B650M-AYW Wifi DDR5 AMD Motherboard,MOTHERBOARD,10.0,72950.0,0.0,0.0,72950.0,7295.0
2026-02,10296,Asus Prime A520M-K/CSM AM4 AMD Motherboard,MOTHERBOARD,15.0,49425.0,0.0,0.0,49425.0,3295.0
2026-02,10647,ASUS PRIME B850M-A WIFI-CSM Socket AM5 DDR5 Motherboard,MOTHERBOARD,12.0,137940.0,0.0,0.0,137940.0,11495.0
2026-02,10675,MSI B650M GAMING WIFI AM5 DDR5 Motherboard,MOTHERBOARD,19.0,140505.0,0.0,0.0,140505.0,7395.0
2026-02,11556,Gigabyte B550M-K Socket Am4 Ddr4 Motherboard,MOTHERBOARD,12.0,59400.0,0.0,0.0,59400.0,4950.0
2026-02,11558,Asus B760M-AYW WIFI Socket LGA 1700 Ddr4 Motherboard,MOTHERBOARD,17.0,158950.0,0.0,0.0,158950.0,9350.0
2026-02,11593,Gigabyte B860M GAMING X WIFI6E LGA1851 Socket Ddr5 Motherboard,MOTHERBOARD,7.0,84665.0,0.0,0.0,84665.0,12095.0
2026-02,2756,MSI B550M Pro VDH Wifi Socket Am4 Ddr4 Motherboard,MOTHERBOARD,13.0,82550.0,0.0,0.0,82550.0,6350.0
2026-02,3367,MSI A520m-A Pro Socket Am4 Ddr4 Motherboard,MOTHERBOARD,4.0,13000.0,0.0,0.0,13000.0,3250.0
2026-02,4492,Asus Prime B550M-A Wifi II Socket Am4 Ddr4 Gaming Motherboard,MOTHERBOARD,5.0,32250.0,0.0,0.0,32250.0,6450.0
2026-02,7615,MSI B650M Project zero socket LGA AM5 DDR5 Motherboard,MOTHERBOARD,13.0,167050.0,0.0,0.0,167050.0,12850.0
2026-02,8617,Asrock A520M-HVS Socket Am4 DDR4 Motherboard,MOTHERBOARD,8.0,25200.0,0.0,0.0,25200.0,3150.0
2026-02,9385,Biostar A520MHP Socket Am4 DDR4 Motherboard,MOTHERBOARD,12.0,34740.0,0.0,0.0,34740.0,2895.0
2026-02,9759,MSI PRO X870-P WIFI Ddr5 AM5 Motherboard,MOTHERBOARD,20.0,359000.0,0.0,0.0,359000.0,17950.0
2026-02,9879,MSI B550M-A PRO Socket Am4 Ddr4 Motherboard,MOTHERBOARD,15.0,69750.0,0.0,0.0,69750.0,4650.0
2026-02,9970,Asus Prime B550M-K ARGB Socket Am4 Ddr4 Motherboard,MOTHERBOARD,7.0,33950.0,0.0,0.0,33950.0,4850.0
2026-02,10488,RAKK DASIG X3 Ambidextrous Hotswap Trimode PAW3311 Huano 80M RGB Gaming Mouse Black,MOUSE,9.0,8955.0,0.0,0.0,8955.0,995.0
2026-02,10489,RAKK DASIG X3 Ambidextrous Hotswap Trimode PAW3311 Huano 80M RGB Gaming Mouse White,MOUSE,12.0,11940.0,0.0,0.0,11940.0,995.0
2026-02,10776,RAKK TALAN AERO X PAW3395 8K Polling Omron Optical Trimode Lightweight 55g Gaming Mouse Black,MOUSE,7.0,15365.0,0.0,0.0,15365.0,2195.0
2026-02,10994,Logitech G 502X Wired Gaming Mouse White,MOUSE,4.0,12380.0,0.0,0.0,12380.0,3095.0
2026-02,3513,Logitech G102 Lightsync Gaming Mouse Black,MOUSE,2.0,1860.0,0.0,0.0,1860.0,930.0
2026-02,3700,Logitech G102 Lightsync Gaming Mouse White,MOUSE,6.0,5580.0,0.0,0.0,5580.0,930.0
2026-02,9299,RAKK DASIG LITE Huano Switch RGB Gaming Mouse,MOUSE,12.0,3360.0,0.0,0.0,3360.0,280.0
2026-02,11172,DITO Home WoWFi Lite 4G WiFi Router,NETWORK DEVICE,4.0,3920.0,0.0,0.0,3920.0,980.0
2026-02,11173,DITO Home WoWFi Pro 5G WiFi Router,NETWORK DEVICE,3.0,4470.0,0.0,0.0,4470.0,1490.0
2026-02,11356,TP-Link Archer BE220 Dual Band Wi-Fi 7 Router,NETWORK DEVICE,1.0,2250.0,0.0,0.0,2250.0,2250.0
2026-02,130,Tp-Link TL-WA901ND Wireless N Access Point,NETWORK DEVICE,3.0,5682.0,0.0,0.0,5682.0,1894.0
2026-02,1693,TP-Link TL-WR820N 300Mbps Multimode Wi-Fi Router,NETWORK DEVICE,5.0,2450.0,0.0,0.0,2450.0,490.0
2026-02,10146,MSI PANO 110R PZ Mid Tower Gaming PC Case Black,PC CASE,16.0,67200.0,0.0,0.0,67200.0,4200.0
2026-02,10518,NZXT H6 Flow CC-H61FW-01 Tempered Glass ATX PC Case White,PC CASE,14.0,60900.0,0.0,0.0,60900.0,4350.0
2026-02,10519,NZXT H7 Flow (2024) CM-H72FW-01 ATX PC Case White,PC CASE,14.0,65100.0,0.0,0.0,65100.0,4650.0
2026-02,10520,NZXT H7 Flow RGB (2024) CM-H72FB-R1 ATX PC Case Black,PC CASE,6.0,26100.0,0.0,0.0,26100.0,4350.0
2026-02,10668,CoolerMaster Elite 302 ARGB Micro ATX PC Case Black,PC CASE,5.0,14975.0,0.0,0.0,14975.0,2995.0
2026-02,10808,MSI PAG PANO M110A ARGB Micro ATX PC Case Black,PC CASE,11.0,26950.0,0.0,0.0,26950.0,2450.0
2026-02,10828,DarkFlash Floatron F1 Micro ATX PC Case Black & White,PC CASE,17.0,67915.0,0.0,0.0,67915.0,3995.0
2026-02,10928,CoolerMaster Qube 540 Moonstone ATX PC Case,PC CASE,7.0,27965.0,0.0,0.0,27965.0,3995.0
2026-02,10963,CoolerMaster Elite 600 ARGB ATX Mid Tower PC Case Black,PC CASE,9.0,48150.0,0.0,0.0,48150.0,5350.0
2026-02,10972,Asus A31 Tempered Glass Mid Tower ATX PC Case White,PC CASE,10.0,34000.0,0.0,0.0,34000.0,3400.0
2026-02,11002,RAKK TANAN MATX Tempered Glass with PSU and Fans,PC CASE,9.0,11655.0,0.0,0.0,11655.0,1295.0
2026-02,11068,DarkFlash M305 with 3 RGB Fan Micro ATX Tempered Glass Gaming PC Case Black,PC CASE,8.0,11160.0,0.0,0.0,11160.0,1395.0
2026-02,11102,YGT Mars 9 Micro ATX PC Case with PSU Black,PC CASE,8.0,6360.0,0.0,0.0,6360.0,795.0
2026-02,11131,Asus A21 Tempered Glass Micro ATX PC Case Black,PC CASE,15.0,44925.0,0.0,0.0,44925.0,2995.0
2026-02,11306,Gamdias Aura GC10 v2 ARGB Dual Chamber Micro ATX PC Case Black,PC CASE,7.0,17465.0,0.0,0.0,17465.0,2495.0
2026-02,11406,Cougar MX110 RGB Mid Tower Tempered Glass ATX PC Case Black,PC CASE,9.0,21150.0,0.0,0.0,21150.0,2350.0
2026-02,11546,YGT 420B Micro ATX PC Case Black,PC CASE,7.0,8750.0,0.0,0.0,8750.0,1250.0
2026-02,6579,InPlay Wind 01 Acrylic Side Panel Micro ATX PC Case,PC CASE,6.0,0.0,0.0,0.0,0.0,0.0
2026-02,7367,MSI MAG Forge M100A Auto RGB Micro ATX PC Case Black,PC CASE,9.0,19710.0,0.0,0.0,19710.0,2190.0
2026-02,9897,YGT V100 Micro ATX PC Case with PSU White,PC CASE,6.0,5340.0,0.0,0.0,5340.0,890.0
2026-02,9973,MSI MAG PANO 100R Project Zero Micro ATX PC Case Black,PC CASE,6.0,39900.0,0.0,0.0,39900.0,6650.0
2026-02,10052,Asus Prime 650W 80+ Bronze Power Supply,POWER SUPPLY,14.0,51100.0,0.0,0.0,51100.0,3650.0
2026-02,10208,Asus Prime AP-850W 80+ Gold Full Modular Power Supply,POWER SUPPLY,18.0,134910.0,0.0,0.0,134910.0,7495.0
2026-02,10376,ASRock Pro-650B 650W 80+ Bronze Non-Modular ATX 3.1 Power Supply,POWER SUPPLY,6.0,15900.0,0.0,0.0,15900.0,2650.0
2026-02,10679,ASRock Steel Legend SL-1000G 1000W 80+ Gold Cybenetics Gold ATX 3.1 Full Modular Power Supply,POWER SUPPLY,13.0,122850.0,0.0,0.0,122850.0,9450.0
2026-02,11266,Acer AC-500 500W Non-Modular 80+ Bronze Power Supply Black,POWER SUPPLY,14.0,17500.0,0.0,0.0,17500.0,1250.0
2026-02,11267,Acer AC-650 650W Non-Modular 80+ Bronze Power Supply Black,POWER SUPPLY,5.0,8945.0,0.0,0.0,8945.0,1789.0
2026-02,11332,Acer AC-750 750W Non-Modular 80+ Bronze Power Supply Black,POWER SUPPLY,17.0,35700.0,0.0,0.0,35700.0,2100.0
2026-02,176,Intelligent 700 watts Power Supply,POWER SUPPLY,13.0,5850.0,0.0,0.0,5850.0,450.0
2026-02,4079,MSI MAG A650BN 650Watts 80+ Non-Modular Power Supply Bronze,POWER SUPPLY,9.0,29655.0,0.0,0.0,29655.0,3295.0
2026-02,4080,MSI MAG A550BN 550Watts 80+ Non-Modular Power Supply Bronze,POWER SUPPLY,8.0,22840.0,0.0,0.0,22840.0,2855.0
2026-02,6242,MSI MAG A600DN 600W 80+ Power Supply,POWER SUPPLY,7.0,19355.0,0.0,0.0,19355.0,2765.0
2026-02,7838,MSI MAG A850GL 850Watts PCIE5 80+ Full Modular Power Supply Gold Black,POWER SUPPLY,19.0,137370.0,0.0,0.0,137370.0,7230.0
2026-02,8542,Acer AC-550 550w Full Modular 80plus Bronze Power Supply,POWER SUPPLY,10.0,14350.0,0.0,0.0,14350.0,1435.0
2026-02,8543,Acer AC-650 650w Full Modular  80plus Bronze Power Supply,POWER SUPPLY,11.0,22605.0,0.0,0.0,22605.0,2055.0
2026-02,9703,CoolerMaster MWE 650W V3 (MPE-6501-ACABW-3BUS) 80+ Bronze ATX 3.1 Power Supply,POWER SUPPLY,12.0,45720.0,0.0,0.0,45720.0,3810.0
2026-02,9938,CoolerMaster MWE 750W V3 (MPE-7501-ACABW-3BUS) 80+ Bronze ATX 3.1 Power Supply,POWER SUPPLY,15.0,64770.0,0.0,0.0,64770.0,4318.0
2026-02,11598,Epson L3310 Multi Functional Integrated Ink Tank Printer,PRINTER AND SCANNER,1.0,9050.0,0.0,0.0,9050.0,9050.0
2026-02,11599,Epson L3350 Wi-Fi Multi Functional Integrated Ink Tank Printer,PRINTER AND SCANNER,2.0,21060.0,0.0,0.0,21060.0,10530.0
2026-02,2008,Canon Pixma TS207 Printer Inkjet,PRINTER AND SCANNER,1.0,2230.0,0.0,0.0,2230.0,2230.0
2026-02,3940,Epson L121 Ink Tank Printer,PRINTER AND SCANNER,1.0,5450.0,0.0,0.0,5450.0,5450.0
2026-02,4804,Canon Pixma MG3070S Compact Wireless All-In-One Printer,PRINTER AND SCANNER,1.0,3425.0,0.0,0.0,3425.0,3425.0
2026-02,10057,AMD Ryzen 9 9900X 4.4GHz AM5 Socket DDR5 Processor TTP,PROCESSOR,7.0,174650.0,0.0,0.0,174650.0,24950.0
2026-02,10102,AMD Ryzen 7 7700 Socket AM5 3.8GHz Processor MPK,PROCESSOR,12.0,143400.0,0.0,0.0,143400.0,11950.0
2026-02,10110,AMD Ryzen 5 5500GT 3.6GHz AM4 Socket DDR4 Processor MPK,PROCESSOR,12.0,97140.0,0.0,0.0,97140.0,8095.0
2026-02,10911,Intel Core i9-14900K Raptor Lake Socket LGA 1700 3.20GHz Processor MPK,PROCESSOR,11.0,351450.0,0.0,0.0,351450.0,31950.0
2026-02,10938,AMD Ryzen 5 8400F 4.2GHz AM5 Socket DDR5 Processor MPK,PROCESSOR,12.0,107400.0,0.0,0.0,107400.0,8950.0
2026-02,11064,AMD Ryzen 5 3400g 3.7ghz AM4 Socket DDR4 Processor MPK,PROCESSOR,12.0,45540.0,0.0,0.0,45540.0,3795.0
2026-02,11065,AMD Ryzen 7 8700F 4.1ghz AM5 Socket DDR5 Processor MPK,PROCESSOR,12.0,113400.0,0.0,0.0,113400.0,9450.0
2026-02,11592,Intel Core Ultra 7 processor 270K Plus LGA 1851 5.5Ghz Processor,PROCESSOR,10.0,209500.0,0.0,0.0,209500.0,20950.0
2026-02,4513,AMD Ryzen 5 5600X Socket AM4 3.7GHz Processor with Wraith Stealth Cooler MPK,PROCESSOR,9.0,80550.0,0.0,0.0,80550.0,8950.0
2026-02,5640,AMD Ryzen 5 5500 Socket Am4 3.6GHz Processor with AMD wraith cooler MPK,PROCESSOR,6.0,31200.0,0.0,0.0,31200.0,5200.0
2026-02,5663,AMD Ryzen 5 5600 Socket Am4 3.5GHz Processor with Wraith stealth cooler MPK,PROCESSOR,11.0,79200.0,0.0,0.0,79200.0,7200.0
2026-02,7098,AMD Ryzen 7 5700G Socket Am4 3.8GHz with Radeon Vega 8 wraith stealth cooler Processor MPK,PROCESSOR,7.0,85750.0,0.0,0.0,85750.0,12250.0
2026-02,7929,AMD Ryzen 7 5700X Socket AM4 3.4GHz Processor with AMD Wraith Stealth cooler MPK,PROCESSOR,7.0,69650.0,0.0,0.0,69650.0,9950.0
2026-02,8432,AMD Ryzen 3 3200g PRO Socket Am4 3.6ghz with Radeon Vega 8 Processor MPK,PROCESSOR,19.0,64505.0,0.0,0.0,64505.0,3395.0
2026-02,9608,AMD RYZEN 7 7800X3D Socket AM5 D5 5.0ghz with Radeon Graphics processor TTP,PROCESSOR,6.0,110700.0,0.0,0.0,110700.0,18450.0
2026-02,9614,AMD RYZEN 7 9800X3D Socket AM5 D5 5.2ghz with Radeon Graphics processor,PROCESSOR,13.0,363350.0,0.0,0.0,363350.0,27950.0
2026-02,9776,AMD Ryzen 5 5600GT 3.6GHz AM4 Socket DDR4 Processor MPK,PROCESSOR,9.0,82755.0,0.0,0.0,82755.0,9195.0
2026-02,9841,Intel Core i5-14400 4.7GHz LGA 1700 Processor MPK,PROCESSOR,13.0,155350.0,0.0,0.0,155350.0,11950.0
2026-02,10697,Lexar NQ100 256GB Solid State Drive SATA 2.5,SOLID STATE DRIVE,22.0,87890.0,0.0,0.0,87890.0,3995.0
2026-02,10797,Lexar NM620 1TB M.2 NVME Solid State Drive,SOLID STATE DRIVE,26.0,210600.0,0.0,0.0,210600.0,8100.0
2026-02,10804,Team Group MP33 512GB M.2 PCIe Gen3.0 x4 NVME 1.3 Solid State Drive,SOLID STATE DRIVE,17.0,106250.0,0.0,0.0,106250.0,6250.0
2026-02,11148,Teamgroup T-Force GA Pro 1TB NVMe M.2 Gen 5 Solid State Drive,SOLID STATE DRIVE,17.0,184450.0,0.0,0.0,184450.0,10850.0
2026-02,11152,Hiksemi Wave S 256B SATA 2.5 Solid State Drive,SOLID STATE DRIVE,19.0,63650.0,0.0,0.0,63650.0,3350.0
2026-02,11269,Hiksemi Wave P 256GB PCIE Gen3 M.2 Solid State Drive,SOLID STATE DRIVE,18.0,62910.0,0.0,0.0,62910.0,3495.0
2026-02,11323,ESGaming 512GB SATA 2.5 Solid State Drive,SOLID STATE DRIVE,16.0,70320.0,0.0,0.0,70320.0,4395.0
2026-02,11577,Apacer AS2280P4 512GB PCIe Gen 3x4 M.2 NVMe Solid State Drive,SOLID STATE DRIVE,26.0,137670.0,0.0,0.0,137670.0,5295.0
2026-02,1681,Team Group GX2 Solid State Drive 256gb SATA 2.5,SOLID STATE DRIVE,18.0,62100.0,0.0,0.0,62100.0,3450.0
2026-02,1909,Lexar NS10 Lite Solid State Drive 120gb SATA 2.5,SOLID STATE DRIVE,19.0,27550.0,0.0,0.0,27550.0,1450.0
2026-02,6856,Team Group MP33 256GB M.2 PCIe NVME Solid State Drive,SOLID STATE DRIVE,21.0,70350.0,0.0,0.0,70350.0,3350.0
2026-02,6936,Adata SU650 Solid State Drive 512GB SATA 2.5,SOLID STATE DRIVE,16.0,79920.0,0.0,0.0,79920.0,4995.0
2026-02,422,Edifier M1250 Usb Powered 2.0 Speaker,SPEAKER,1.0,650.0,0.0,0.0,650.0,650.0
2026-02,2991,APC Back-Ups BVX650I-PH 360 Watts 650va with Avr Universal Sockets Ups,UPS & AVR,10.0,22000.0,0.0,0.0,22000.0,2200.0
2026-02,36,Secure 220v Avr,UPS & AVR,11.0,2750.0,0.0,0.0,2750.0,250.0
2026-02,454,Secure 650va Ups,UPS & AVR,11.0,15950.0,0.0,0.0,15950.0,1450.0
2026-03,10653,RAKK Matik USB Gaming Headset LED Illuminated,AUDIO,4.0,1260.0,0.0,0.0,1260.0,315.0
2026-03,10952,EPOS Sennheiser Impact SC 260 ED Headset,AUDIO,4.0,5280.0,0.0,0.0,5280.0,1320.0
2026-03,10991,Logitech G PRO X Wired 7.1 Gaming Headset,AUDIO,7.0,31850.0,0.0,0.0,31850.0,4550.0
2026-03,10993,Logitech G PRO X Wired 7.1 Gaming Headset (League of Legends Edition),AUDIO,5.0,22750.0,0.0,0.0,22750.0,4550.0
2026-03,11507,Accutone UB210 Noise Cancelling Headset Black,AUDIO,1.0,1550.0,0.0,0.0,1550.0,1550.0
2026-03,11508,Accutone Sonar 280 Wireless & Wired Noise Cancelling Headset Black,AUDIO,5.0,10300.0,0.0,0.0,10300.0,2060.0
2026-03,11509,Accutone Converse 95 Noise Cancelling Headset Black,AUDIO,3.0,6960.0,0.0,0.0,6960.0,2320.0
2026-03,11510,Accutone Nexus 2000 MagSafe Speaker Blue,AUDIO,4.0,5000.0,0.0,0.0,5000.0,1250.0
2026-03,11511,Accutone Nexus 2000 MagSafe Speaker Gray,AUDIO,2.0,2500.0,0.0,0.0,2500.0,1250.0
2026-03,11512,Accutone Nexus 2000 MagSafe Speaker Pink,AUDIO,2.0,2500.0,0.0,0.0,2500.0,1250.0
2026-03,11612,Accutone UB101 Stereo USB Headset Black,AUDIO,5.0,1725.0,0.0,0.0,1725.0,345.0
2026-03,7652,RAKK SONIDO 7.1 Virtual Surround RGB Gaming Headset USB Black,AUDIO,3.0,2985.0,0.0,0.0,2985.0,995.0
2026-03,8581,Edifier W820NB Plus Active Noice Cancellation Bluetooth Stereo Wireless Headset Ivory,AUDIO,3.0,5550.0,0.0,0.0,5550.0,1850.0
2026-03,11143,Ad-Link CABLE (V705) VGA 3+4 1.5M,CABLES AND ADAPTERS,1.0,80.0,0.0,0.0,80.0,80.0
2026-03,7824,Hikvision E-HWID 2.8MM Eco-HiWatch 2.mm IR Dome E-HWID,CAMERA,2.0,2900.0,0.0,0.0,2900.0,1450.0
2026-03,78,A4Tech KRS-8572 Usb Keyboard and Mouse Black,COMBO,36.0,18360.0,0.0,0.0,18360.0,510.0
2026-03,9301,RAKK APTAS ILLUMINATED / Membrane Keyboard and Mouse / No software / Rainbow lighting / Black,COMBO,64.0,18240.0,0.0,0.0,18240.0,285.0
2026-03,10370,DarkFlash Infinity 34 3in1 ARGB Chassis Fan Black,COOLING,18.0,20700.0,0.0,0.0,20700.0,1150.0
2026-03,10373,DarkFlash Infinity 34 Single ARGB Chassis Fan White,COOLING,6.0,2520.0,0.0,0.0,2520.0,420.0
2026-03,10386,MSI MAG COREFROZR AA13 ARGB CPU Air Cooler black,COOLING,12.0,14340.0,0.0,0.0,14340.0,1195.0
2026-03,10590,YGT Cyber-120IFB 3in1 ARGB Chassis Fan Black,COOLING,13.0,7150.0,0.0,0.0,7150.0,550.0
2026-03,10743,NZXT F120 RGB Duo Triple Pack (RF-D12TF-W1) with RGB Controller Chassis Fan White,COOLING,8.0,12000.0,0.0,0.0,12000.0,1500.0
2026-03,10839,CoolerMaster Hyper 212 3DHP ARGB CPU Air Cooler Black,COOLING,6.0,8370.0,0.0,0.0,8370.0,1395.0
2026-03,10858,DarkFlash E400 Plus Matrix Display CPU Air Cooler White,COOLING,10.0,16500.0,0.0,0.0,16500.0,1650.0
2026-03,10930,CoolerMaster MasterLiquid 240L Core Liquid Cooling Black,COOLING,4.0,14800.0,0.0,0.0,14800.0,3700.0
2026-03,10966,CoolerMaster V4 Alpha 3DHP CPU Air Cooler Black,COOLING,12.0,22740.0,0.0,0.0,22740.0,1895.0
2026-03,10990,BeQuiet Silent Wings 4 (BL094) 120mm PWM High Speed Single Chassis Fan Black,COOLING,7.0,8400.0,0.0,0.0,8400.0,1200.0
2026-03,11005,Asus AR120 ARGB PWM Single Chassis Fan Black,COOLING,8.0,1200.0,0.0,0.0,1200.0,150.0
2026-03,11159,Jungle Leopard Chill Arc 360mm ARGB Liquid Cooling Black,COOLING,12.0,131400.0,0.0,0.0,131400.0,10950.0
2026-03,11160,Jungle Leopard Chill Arc 360mm ARGB Liquid Cooling White,COOLING,11.0,124245.0,0.0,0.0,124245.0,11295.0
2026-03,11216,CoolerMaster MasterLiquid Core Nex 360 ARGB CPU Liquid Cooler Black,COOLING,10.0,44500.0,0.0,0.0,44500.0,4450.0
2026-03,6174,Deepcool TW-003 CPU Air Cooler,COOLING,4.0,1600.0,0.0,0.0,1600.0,400.0
2026-03,7,AMD Stock Heatsink Fan,COOLING,12.0,1680.0,0.0,0.0,1680.0,140.0
2026-03,7501,DarkFlash DM12 F Single ARGB Chassis Fan Black,COOLING,7.0,1645.0,0.0,0.0,1645.0,235.0
2026-03,7502,DarkFlash DM12 F Single ARGB Chassis Fan White,COOLING,9.0,2565.0,0.0,0.0,2565.0,285.0
2026-03,7505,DarkFlash Infinity24 Single ARGB Chassis Fan Black,COOLING,8.0,2280.0,0.0,0.0,2280.0,285.0
2026-03,9737,MSI MAG Coreliquid A13 240 CPU Liquid Cooler Black,COOLING,9.0,32850.0,0.0,0.0,32850.0,3650.0
2026-03,9835,MSI MAG Coreliquid A13 360 CPU Liquid Cooler Black,COOLING,8.0,34240.0,0.0,0.0,34240.0,4280.0
2026-03,9836,MSI MAG Coreliquid A13 360 CPU Liquid Cooler White,COOLING,4.0,16560.0,0.0,0.0,16560.0,4140.0
2026-03,10425,"ViewSonic VA24G1-H 24"" FHD 144Hz IPS Monitor",DISPLAY,10.0,41500.0,0.0,0.0,41500.0,4150.0
2026-03,10540,"ASUS ROG Strix XG27ACMES 27"" QHD 255Hz-OC Fast IPS Monitor",DISPLAY,9.0,143955.0,0.0,0.0,143955.0,15995.0
2026-03,10711,"ASUS TUF Gaming Series 5 VG259QMR5A 24.5"" FHD 310Hz(OC) Fast-IPS Monitor",DISPLAY,9.0,85455.0,0.0,0.0,85455.0,9495.0
2026-03,10836,"AOC 24G11ZE 23.8"" 240Hz OC FHD Fast IPS Monitor",DISPLAY,4.0,26380.0,0.0,0.0,26380.0,6595.0
2026-03,10918,"Philips 24E2G2200 23.8"" 144Hz IPS FHD Monitor",DISPLAY,4.0,16780.0,0.0,0.0,16780.0,4195.0
2026-03,10919,"Philips 27E2G2200 27"" 144Hz IPS FHD Monitor",DISPLAY,9.0,53955.0,0.0,0.0,53955.0,5995.0
2026-03,10940,"MSI MAG 245F X24 23.8"" 240Hz FHD Rapid IPS Monitor",DISPLAY,4.0,25800.0,0.0,0.0,25800.0,6450.0
2026-03,10941,"MSI MAG 272F X24 27"" 240Hz FHD Rapid IPS Monitor",DISPLAY,1.0,8950.0,0.0,0.0,8950.0,8950.0
2026-03,11074,"AOC 24B36XE 23.8"" FHD 144Hz IPS Monitor",DISPLAY,12.0,51000.0,0.0,0.0,51000.0,4250.0
2026-03,11127,"Nvision N2455GT-B 23.8"" FHD 144Hz IPS Monitor",DISPLAY,4.0,15800.0,0.0,0.0,15800.0,3950.0
2026-03,11151,"MSI MAG 275QF E20 27"" WQHD 200Hz Rapid IPS Monitor",DISPLAY,5.0,57500.0,0.0,0.0,57500.0,11500.0
2026-03,11208,"Gamdias Atlas HD24IF IV 23.8"" 240Hz FHD Fast IPS Monitor Black",DISPLAY,8.0,46960.0,0.0,0.0,46960.0,5870.0
2026-03,11258,"AOC Q27G4SL/WS 27"" QHD 320Hz Fast IPS HDR 400 Monitor",DISPLAY,9.0,124200.0,0.0,0.0,124200.0,13800.0
2026-03,11472,"MSI PRO MP251 E14L 24.5"" 144HZ FHD IPS Monitor",DISPLAY,9.0,38925.0,0.0,0.0,38925.0,4325.0
2026-03,11473,"Asus TUF Gaming VG259QM5A 24.5"" 240Hz IPS Gaming Monitor",DISPLAY,6.0,47370.0,0.0,0.0,47370.0,7895.0
2026-03,11528,"LG 24U411A-B 23.8"" 120Hz FHD IPS Monitor",DISPLAY,11.0,40150.0,0.0,0.0,40150.0,3650.0
2026-03,7785,Nvision N190V8 19' LED Monitor,DISPLAY,6.0,10200.0,0.0,0.0,10200.0,1700.0
2026-03,7786,"Nvision N200V8 20"" LED Monitor",DISPLAY,20.0,34300.0,0.0,0.0,34300.0,1715.0
2026-03,8060,"Nvision H22V8 21.5"" LED Monitor",DISPLAY,9.0,20160.0,0.0,0.0,20160.0,2240.0
2026-03,9904,"Viewsonic VX2479A-HD-PRO 24"" 240Hz FHD 1MS MPRT IPS HDR10 Gaming Monitor",DISPLAY,5.0,31650.0,0.0,0.0,31650.0,6330.0
2026-03,11003,RAKK SUKOG LITE 800x400x3mm Mousepad Black,GAMING SURFACE,7.0,1330.0,0.0,0.0,1330.0,190.0
2026-03,10053,ASUS Dual Nvidia Geforce RTX 3050 OC Edition (DUAL-RTX3050-O6G) 6GB 96-bit GDRR6 Videocard,GRAPHIC CARD,6.0,86700.0,0.0,0.0,86700.0,14450.0
2026-03,10072,MSI Nvidia GeForce RTX 5060 VENTUS 2X OC (G5060-8V2C) 8GB 128-bit GDDR7 Videocard,GRAPHIC CARD,12.0,294000.0,0.0,0.0,294000.0,24500.0
2026-03,10080,Gigabyte Nvidia GeForce RTX 5060 AERO OC (GV-N5060AERO-OC-8GD) 8GB 128-bit GDDR7 Videocard,GRAPHIC CARD,6.0,154500.0,0.0,0.0,154500.0,25750.0
2026-03,10152,MSI GeForce RTX 5070 Ti VENTUS 3X OC (G507T-16V3C) 16GB 256-bit GDDR7 Videocard,GRAPHIC CARD,9.0,593550.0,0.0,0.0,593550.0,65950.0
2026-03,10155,ASUS DUAL GeForce RTX 5060 (DUAL-RTX5060-8G) 8GB 128-bit GDDR7 Videocard,GRAPHIC CARD,12.0,299400.0,0.0,0.0,299400.0,24950.0
2026-03,10206,ASUS Dual RX 7600 EVO OC Edition DUAL-RX7600-O8G-EVO 8GB 128-bit GDDR6 Videocard,GRAPHIC CARD,13.0,298350.0,0.0,0.0,298350.0,22950.0
2026-03,10207,ASUS Prime AMD Radeon RX 9060 XT OC (PRIME-RX9060XT-O16G) 16GB 128-Bit GDDR6 Videocard,GRAPHIC CARD,11.0,384450.0,0.0,0.0,384450.0,34950.0
2026-03,10225,MSI Nvidia GeForce RTX 5060 SHADOW 2X OC (G5060-8S2C) 8GB 128-bit GDDR7 Videocard,GRAPHIC CARD,11.0,274450.0,0.0,0.0,274450.0,24950.0
2026-03,10660,MSI Nvidia GeForce RTX 5050 VENTUS 2X OC (G5050-8V2C) 128-bit GDDR6 Videocard,GRAPHIC CARD,1.0,19950.0,0.0,0.0,19950.0,19950.0
2026-03,11557,ASUS DUAL Nvidia GeForce RTX 5060 Ti OC Edition (DUAL-RTX5060TI-O8G) 8GB 128-bit GDDR7 Videocard,GRAPHIC CARD,8.0,231600.0,0.0,0.0,231600.0,28950.0
2026-03,11591,MSI GeForce RTX 5060 Ventus 2X OC v1 (G5060-8V2CV1) 8GB 128-bit GDDR7 Videocard,GRAPHIC CARD,8.0,205200.0,0.0,0.0,205200.0,25650.0
2026-03,11636,Colorful Nvidia GeForce RTX 3050 6GB V4-V 96-bit GDDR6 Videocard,GRAPHIC CARD,12.0,147000.0,0.0,0.0,147000.0,12250.0
2026-03,8396,MSI GEFORCE RTX 3050 VENTUS 2X OC 6GB 96-bit DDR6 Videocard,GRAPHIC CARD,8.0,113600.0,0.0,0.0,113600.0,14200.0
2026-03,9396,Biostar Rx 580 VA5815RQ82 Dual Cooling Fan 8gb 256bit GDdr5 Gaming Videocard,GRAPHIC CARD,5.0,39750.0,0.0,0.0,39750.0,7950.0
2026-03,9883,Asus Prime AMD Radeon RX 9070 OC (PRIME-RX9070-O16G) 16GB 256-Bit GDDR6 Videocard,GRAPHIC CARD,10.0,479500.0,0.0,0.0,479500.0,47950.0
2026-03,9967,MSI Nvidia GeForce RTX 5070 VENTUS 2X OC 12GB 192-bit GDDR7 Videocard,GRAPHIC CARD,10.0,469500.0,0.0,0.0,469500.0,46950.0
2026-03,160,Seagate 1tb ST1000DM010 Harddisk Drive,HARD DISK,2.0,6900.0,0.0,0.0,6900.0,3450.0
2026-03,11573,Aula S75 Pro RGB Gaming Mechanical Wireless Tri-Mode Keyboard Gradient Pink,KEYBOARD,27.0,66150.0,0.0,0.0,66150.0,2450.0
2026-03,4285,Fantech MAXPOWER MK853 Mechanical Gaming Keyboard White - BLUE Switch,KEYBOARD,18.0,26640.0,0.0,0.0,26640.0,1480.0
2026-03,11464,"MSI Cyborg 15 A13VE-2453PHNN 15.6"" FHD IPS 144Hz Intel Core i5-13420H/8GB DDR5-5200/512GB NVMe SSD PCIe Gen4/RTX 4050 6GD6/Win11 Laptop",LAPTOP GA2,2.0,117990.0,0.0,0.0,117990.0,58995.0
2026-03,9998,"Gigabyte Gaming A16 CMHH2PH893SH 16.0"" WUXGA 165Hz Intel Core i5-13420H/16GB DDR5/512GB 2x M.2 SSD/ RTX 4050 6GB/Win11Laptop",LAPTOP GA2,1.0,62995.0,0.0,0.0,62995.0,62995.0
2026-03,10205,"Gigabyte Gaming A16 CTHI3PH893SH 16.0"" WUXGA 165Hz Intel Core i7-13620H/16GB DDR5/512GB  2x M.2 SSD/RTX 5050 8GD7/Win11 Laptop",LAPTOP GA3,1.0,68995.0,0.0,0.0,68995.0,68995.0
2026-03,11552,"Asus Vivobook Go 15 E1504FA-BQ5585WSM 15.6""FHD IPS Ryzen 5-40/8GB LPDDR5/512GB M.2 NVMe PCIe 3.0 SSD/Win11 Laptop + HS M365",LAPTOP PR2,1.0,39995.0,0.0,0.0,39995.0,39995.0
2026-03,11564,"Asus Vivobook 14 X1404VA-EB2200WSM 14.0"" FHD Intel Core 5 120U/8GB DDR5/512GB SSD/Win11 Laptop H&S+M365 + Laptop Bag",LAPTOP PR2,2.0,87990.0,0.0,0.0,87990.0,43995.0
2026-03,11583,"MSI Modern 14 F3HMG-039PHNN 14.0""FHD IPS Ryzen™ AI 5 330/8GB DDR5-5600/512GB*1 NVMe SSD PCIe Gen4/Win11 Laptop + OFC + Laptop Bag",LAPTOP PR2,1.0,47795.0,0.0,0.0,47795.0,47795.0
2026-03,11461,"MSI Modern 14 F1MG-887PHNN 14.0""FHD IPS Intel Core 7 150U/8GB+8GB DDR4-3200/512GB*1 NVMe SSD PCIe Gen4/Win11 Laptop + OFC + Laptop Bag",LAPTOP PR3,4.0,215980.0,0.0,0.0,215980.0,53995.0
2026-03,11527,"Lenovo V15 G4 ABP 15.6"" FHD Ryzen 7-7730U/8GB DDR4/512GB NVMe SSD/Win11 Pro Laptop SE",LAPTOP PR3,3.0,119985.0,0.0,0.0,119985.0,39995.0
2026-03,10286,Lexar LD5S16G56C46ST-BGS 16GB 5600Mhz DDR5 Sodimm Memory,MEMORY,14.0,218400.0,0.0,0.0,218400.0,15600.0
2026-03,10789,Teamgroup Vulcan 16GB 8GBx2 6000Mhz CL38 DDR5 Memory,MEMORY,15.0,217500.0,0.0,0.0,217500.0,14500.0
2026-03,10905,Lexar Ares 8GB LD4U08G32C16LA-RGS 3200Mhz DDR4 RGB Memory Black,MEMORY,21.0,89250.0,0.0,0.0,89250.0,4250.0
2026-03,11052,Biostar Storming V 8GB 3200Mhz DDR4 Memory,MEMORY,16.0,66400.0,0.0,0.0,66400.0,4150.0
2026-03,11185,Crucial 16GB CT16G4SFRA32A 3200Mhz DDR4 Sodimm,MEMORY,12.0,99000.0,0.0,0.0,99000.0,8250.0
2026-03,11327,HKC PC 16gb 3200mhz DDR4 with Heatsink Memory Black,MEMORY,14.0,86730.0,0.0,0.0,86730.0,6195.0
2026-03,11444,FASPEED 8GB 3200Mhz DDR4 with Heatsink Memory,MEMORY,9.0,28350.0,0.0,0.0,28350.0,3150.0
2026-03,11450,HKC PC 8gb 3200mhz DDR4 with Heatsink Memory Black,MEMORY,16.0,55200.0,0.0,0.0,55200.0,3450.0
2026-03,11548,Hiksemi Future 16GB (16x1) HSC516U56C2 5600Mhz CL38 DDR5 Memory Black,MEMORY,13.0,194935.0,0.0,0.0,194935.0,14995.0
2026-03,1372,Ramsta 4gb 1x4 2666mhz Ddr4 Memory,MEMORY,18.0,9000.0,0.0,0.0,9000.0,500.0
2026-03,2489,Ramsta 4gb 1x4 2666mhz Ddr4 Sodimm Memory,MEMORY,12.0,4800.0,0.0,0.0,4800.0,400.0
2026-03,3150,Team Elite TForce Delta 16gb 2x8 3600mhz Ddr4 RGB Memory Black,MEMORY,7.0,64050.0,0.0,0.0,64050.0,9150.0
2026-03,3151,Team Elite TForce Delta 16gb 2x8 3600mhz Ddr4 RGB Memory White,MEMORY,16.0,146400.0,0.0,0.0,146400.0,9150.0
2026-03,4055,Team Elite Plus 8gb 1x8 3200Mhz Ddr4 Memory Black Gold,MEMORY,17.0,80750.0,0.0,0.0,80750.0,4750.0
2026-03,9324,KINGBANK 16GB 1x16 3200mhz DDR4 with Heatsink Memory Silver,MEMORY,8.0,59600.0,0.0,0.0,59600.0,7450.0
2026-03,11448,Y5Pro Intel Core i5 8250U / 16GB DDr4 / 512GB SSD / WIFI 5 DUAL / 4* USB 3.0 / 2* HDMI 2.0 / 1* RJ45 1000Mbps / 1* Type-C / Windows 11 Pro Mini PC,MINI PC,1.0,20950.0,0.0,0.0,20950.0,20950.0
2026-03,11579,Y5Plus Intel Core i7 4650U / 8GB DDr3 / 128GB SSD / WIFI 5 DUAL / 4* USB 3.0 / 2* HDMI 2.0 / 1* RJ45 1000Mbps / 1* Type-C / Windows 11 Pro Mini PC,MINI PC,2.0,19900.0,0.0,0.0,19900.0,9950.0
2026-03,9794,"Nvision A24K6-S-i704-1625 Intel i7-4700M 16GB 256GB SSD 23.8"" FHD IPS All in One PC",MINI PC,1.0,16950.0,0.0,0.0,16950.0,16950.0
2026-03,10295,Asus B650M-AYW Wifi DDR5 AMD Motherboard,MOTHERBOARD,8.0,58360.0,0.0,0.0,58360.0,7295.0
2026-03,10296,Asus Prime A520M-K/CSM AM4 AMD Motherboard,MOTHERBOARD,13.0,42835.0,0.0,0.0,42835.0,3295.0
2026-03,10647,ASUS PRIME B850M-A WIFI-CSM Socket AM5 DDR5 Motherboard,MOTHERBOARD,12.0,137940.0,0.0,0.0,137940.0,11495.0
2026-03,10675,MSI B650M GAMING WIFI AM5 DDR5 Motherboard,MOTHERBOARD,10.0,73950.0,0.0,0.0,73950.0,7395.0
2026-03,11556,Gigabyte B550M-K Socket Am4 Ddr4 Motherboard,MOTHERBOARD,14.0,69300.0,0.0,0.0,69300.0,4950.0
2026-03,11558,Asus B760M-AYW WIFI Socket LGA 1700 Ddr4 Motherboard,MOTHERBOARD,12.0,112200.0,0.0,0.0,112200.0,9350.0
2026-03,11593,Gigabyte B860M GAMING X WIFI6E LGA1851 Socket Ddr5 Motherboard,MOTHERBOARD,14.0,169330.0,0.0,0.0,169330.0,12095.0
2026-03,2756,MSI B550M Pro VDH Wifi Socket Am4 Ddr4 Motherboard,MOTHERBOARD,9.0,57150.0,0.0,0.0,57150.0,6350.0
2026-03,3367,MSI A520m-A Pro Socket Am4 Ddr4 Motherboard,MOTHERBOARD,18.0,58500.0,0.0,0.0,58500.0,3250.0
2026-03,4492,Asus Prime B550M-A Wifi II Socket Am4 Ddr4 Gaming Motherboard,MOTHERBOARD,11.0,70950.0,0.0,0.0,70950.0,6450.0
2026-03,7615,MSI B650M Project zero socket LGA AM5 DDR5 Motherboard,MOTHERBOARD,11.0,141350.0,0.0,0.0,141350.0,12850.0
2026-03,8617,Asrock A520M-HVS Socket Am4 DDR4 Motherboard,MOTHERBOARD,13.0,40950.0,0.0,0.0,40950.0,3150.0
2026-03,9385,Biostar A520MHP Socket Am4 DDR4 Motherboard,MOTHERBOARD,17.0,49215.0,0.0,0.0,49215.0,2895.0
2026-03,9759,MSI PRO X870-P WIFI Ddr5 AM5 Motherboard,MOTHERBOARD,15.0,269250.0,0.0,0.0,269250.0,17950.0
2026-03,9879,MSI B550M-A PRO Socket Am4 Ddr4 Motherboard,MOTHERBOARD,14.0,65100.0,0.0,0.0,65100.0,4650.0
2026-03,9970,Asus Prime B550M-K ARGB Socket Am4 Ddr4 Motherboard,MOTHERBOARD,18.0,87300.0,0.0,0.0,87300.0,4850.0
2026-03,10488,RAKK DASIG X3 Ambidextrous Hotswap Trimode PAW3311 Huano 80M RGB Gaming Mouse Black,MOUSE,6.0,5970.0,0.0,0.0,5970.0,995.0
2026-03,10489,RAKK DASIG X3 Ambidextrous Hotswap Trimode PAW3311 Huano 80M RGB Gaming Mouse White,MOUSE,12.0,11940.0,0.0,0.0,11940.0,995.0
2026-03,10776,RAKK TALAN AERO X PAW3395 8K Polling Omron Optical Trimode Lightweight 55g Gaming Mouse Black,MOUSE,10.0,21950.0,0.0,0.0,21950.0,2195.0
2026-03,10994,Logitech G 502X Wired Gaming Mouse White,MOUSE,5.0,15475.0,0.0,0.0,15475.0,3095.0
2026-03,3513,Logitech G102 Lightsync Gaming Mouse Black,MOUSE,17.0,15810.0,0.0,0.0,15810.0,930.0
2026-03,3700,Logitech G102 Lightsync Gaming Mouse White,MOUSE,9.0,8370.0,0.0,0.0,8370.0,930.0
2026-03,9299,RAKK DASIG LITE Huano Switch RGB Gaming Mouse,MOUSE,4.0,1120.0,0.0,0.0,1120.0,280.0
2026-03,11172,DITO Home WoWFi Lite 4G WiFi Router,NETWORK DEVICE,2.0,1960.0,0.0,0.0,1960.0,980.0
2026-03,11356,TP-Link Archer BE220 Dual Band Wi-Fi 7 Router,NETWORK DEVICE,3.0,6750.0,0.0,0.0,6750.0,2250.0
2026-03,11460,ASUS RT-BE50 BE3600 Dual Band WiFi 7 Router,NETWORK DEVICE,2.0,5990.0,0.0,0.0,5990.0,2995.0
2026-03,130,Tp-Link TL-WA901ND Wireless N Access Point,NETWORK DEVICE,1.0,1894.0,0.0,0.0,1894.0,1894.0
2026-03,1693,TP-Link TL-WR820N 300Mbps Multimode Wi-Fi Router,NETWORK DEVICE,1.0,490.0,0.0,0.0,490.0,490.0
2026-03,10146,MSI PANO 110R PZ Mid Tower Gaming PC Case Black,PC CASE,5.0,21000.0,0.0,0.0,21000.0,4200.0
2026-03,10518,NZXT H6 Flow CC-H61FW-01 Tempered Glass ATX PC Case White,PC CASE,6.0,26100.0,0.0,0.0,26100.0,4350.0
2026-03,10519,NZXT H7 Flow (2024) CM-H72FW-01 ATX PC Case White,PC CASE,3.0,13950.0,0.0,0.0,13950.0,4650.0
2026-03,10520,NZXT H7 Flow RGB (2024) CM-H72FB-R1 ATX PC Case Black,PC CASE,3.0,13050.0,0.0,0.0,13050.0,4350.0
2026-03,10668,CoolerMaster Elite 302 ARGB Micro ATX PC Case Black,PC CASE,12.0,35940.0,0.0,0.0,35940.0,2995.0
2026-03,10808,MSI PAG PANO M110A ARGB Micro ATX PC Case Black,PC CASE,18.0,44100.0,0.0,0.0,44100.0,2450.0
2026-03,10828,DarkFlash Floatron F1 Micro ATX PC Case Black & White,PC CASE,7.0,27965.0,0.0,0.0,27965.0,3995.0
2026-03,10928,CoolerMaster Qube 540 Moonstone ATX PC Case,PC CASE,10.0,39950.0,0.0,0.0,39950.0,3995.0
2026-03,10963,CoolerMaster Elite 600 ARGB ATX Mid Tower PC Case Black,PC CASE,10.0,53500.0,0.0,0.0,53500.0,5350.0
2026-03,10972,Asus A31 Tempered Glass Mid Tower ATX PC Case White,PC CASE,12.0,40800.0,0.0,0.0,40800.0,3400.0
2026-03,11002,RAKK TANAN MATX Tempered Glass with PSU and Fans,PC CASE,15.0,19425.0,0.0,0.0,19425.0,1295.0
2026-03,11068,DarkFlash M305 with 3 RGB Fan Micro ATX Tempered Glass Gaming PC Case Black,PC CASE,7.0,9765.0,0.0,0.0,9765.0,1395.0
2026-03,11102,YGT Mars 9 Micro ATX PC Case with PSU Black,PC CASE,6.0,4770.0,0.0,0.0,4770.0,795.0
2026-03,11131,Asus A21 Tempered Glass Micro ATX PC Case Black,PC CASE,7.0,20965.0,0.0,0.0,20965.0,2995.0
2026-03,11306,Gamdias Aura GC10 v2 ARGB Dual Chamber Micro ATX PC Case Black,PC CASE,4.0,9980.0,0.0,0.0,9980.0,2495.0
2026-03,11406,Cougar MX110 RGB Mid Tower Tempered Glass ATX PC Case Black,PC CASE,14.0,32900.0,0.0,0.0,32900.0,2350.0
2026-03,11546,YGT 420B Micro ATX PC Case Black,PC CASE,10.0,12500.0,0.0,0.0,12500.0,1250.0
2026-03,6579,InPlay Wind 01 Acrylic Side Panel Micro ATX PC Case,PC CASE,12.0,0.0,0.0,0.0,0.0,0.0
2026-03,7367,MSI MAG Forge M100A Auto RGB Micro ATX PC Case Black,PC CASE,11.0,24090.0,0.0,0.0,24090.0,2190.0
2026-03,9897,YGT V100 Micro ATX PC Case with PSU White,PC CASE,8.0,7120.0,0.0,0.0,7120.0,890.0
2026-03,9973,MSI MAG PANO 100R Project Zero Micro ATX PC Case Black,PC CASE,9.0,59850.0,0.0,0.0,59850.0,6650.0
2026-03,10052,Asus Prime 650W 80+ Bronze Power Supply,POWER SUPPLY,11.0,40150.0,0.0,0.0,40150.0,3650.0
2026-03,10208,Asus Prime AP-850W 80+ Gold Full Modular Power Supply,POWER SUPPLY,12.0,89940.0,0.0,0.0,89940.0,7495.0
2026-03,10376,ASRock Pro-650B 650W 80+ Bronze Non-Modular ATX 3.1 Power Supply,POWER SUPPLY,11.0,29150.0,0.0,0.0,29150.0,2650.0
2026-03,10679,ASRock Steel Legend SL-1000G 1000W 80+ Gold Cybenetics Gold ATX 3.1 Full Modular Power Supply,POWER SUPPLY,18.0,170100.0,0.0,0.0,170100.0,9450.0
2026-03,11266,Acer AC-500 500W Non-Modular 80+ Bronze Power Supply Black,POWER SUPPLY,16.0,20000.0,0.0,0.0,20000.0,1250.0
2026-03,11267,Acer AC-650 650W Non-Modular 80+ Bronze Power Supply Black,POWER SUPPLY,9.0,16101.0,0.0,0.0,16101.0,1789.0
2026-03,11332,Acer AC-750 750W Non-Modular 80+ Bronze Power Supply Black,POWER SUPPLY,13.0,27300.0,0.0,0.0,27300.0,2100.0
2026-03,176,Intelligent 700 watts Power Supply,POWER SUPPLY,11.0,4950.0,0.0,0.0,4950.0,450.0
2026-03,4079,MSI MAG A650BN 650Watts 80+ Non-Modular Power Supply Bronze,POWER SUPPLY,12.0,39540.0,0.0,0.0,39540.0,3295.0
2026-03,4080,MSI MAG A550BN 550Watts 80+ Non-Modular Power Supply Bronze,POWER SUPPLY,12.0,34260.0,0.0,0.0,34260.0,2855.0
2026-03,6242,MSI MAG A600DN 600W 80+ Power Supply,POWER SUPPLY,12.0,33180.0,0.0,0.0,33180.0,2765.0
2026-03,7838,MSI MAG A850GL 850Watts PCIE5 80+ Full Modular Power Supply Gold Black,POWER SUPPLY,11.0,79530.0,0.0,0.0,79530.0,7230.0
2026-03,8542,Acer AC-550 550w Full Modular 80plus Bronze Power Supply,POWER SUPPLY,13.0,18655.0,0.0,0.0,18655.0,1435.0
2026-03,8543,Acer AC-650 650w Full Modular  80plus Bronze Power Supply,POWER SUPPLY,20.0,41100.0,0.0,0.0,41100.0,2055.0
2026-03,9703,CoolerMaster MWE 650W V3 (MPE-6501-ACABW-3BUS) 80+ Bronze ATX 3.1 Power Supply,POWER SUPPLY,14.0,53340.0,0.0,0.0,53340.0,3810.0
2026-03,9938,CoolerMaster MWE 750W V3 (MPE-7501-ACABW-3BUS) 80+ Bronze ATX 3.1 Power Supply,POWER SUPPLY,15.0,64770.0,0.0,0.0,64770.0,4318.0
2026-03,11598,Epson L3310 Multi Functional Integrated Ink Tank Printer,PRINTER AND SCANNER,2.0,18100.0,0.0,0.0,18100.0,9050.0
2026-03,11599,Epson L3350 Wi-Fi Multi Functional Integrated Ink Tank Printer,PRINTER AND SCANNER,1.0,10530.0,0.0,0.0,10530.0,10530.0
2026-03,3940,Epson L121 Ink Tank Printer,PRINTER AND SCANNER,2.0,10900.0,0.0,0.0,10900.0,5450.0
2026-03,4804,Canon Pixma MG3070S Compact Wireless All-In-One Printer,PRINTER AND SCANNER,1.0,3425.0,0.0,0.0,3425.0,3425.0
2026-03,10057,AMD Ryzen 9 9900X 4.4GHz AM5 Socket DDR5 Processor TTP,PROCESSOR,9.0,224550.0,0.0,0.0,224550.0,24950.0
2026-03,10102,AMD Ryzen 7 7700 Socket AM5 3.8GHz Processor MPK,PROCESSOR,16.0,191200.0,0.0,0.0,191200.0,11950.0
2026-03,10110,AMD Ryzen 5 5500GT 3.6GHz AM4 Socket DDR4 Processor MPK,PROCESSOR,7.0,56665.0,0.0,0.0,56665.0,8095.0
2026-03,10911,Intel Core i9-14900K Raptor Lake Socket LGA 1700 3.20GHz Processor MPK,PROCESSOR,7.0,223650.0,0.0,0.0,223650.0,31950.0
2026-03,10938,AMD Ryzen 5 8400F 4.2GHz AM5 Socket DDR5 Processor MPK,PROCESSOR,5.0,44750.0,0.0,0.0,44750.0,8950.0
2026-03,11064,AMD Ryzen 5 3400g 3.7ghz AM4 Socket DDR4 Processor MPK,PROCESSOR,4.0,15180.0,0.0,0.0,15180.0,3795.0
2026-03,11065,AMD Ryzen 7 8700F 4.1ghz AM5 Socket DDR5 Processor MPK,PROCESSOR,11.0,103950.0,0.0,0.0,103950.0,9450.0
2026-03,11592,Intel Core Ultra 7 processor 270K Plus LGA 1851 5.5Ghz Processor,PROCESSOR,8.0,167600.0,0.0,0.0,167600.0,20950.0
2026-03,4513,AMD Ryzen 5 5600X Socket AM4 3.7GHz Processor with Wraith Stealth Cooler MPK,PROCESSOR,9.0,80550.0,0.0,0.0,80550.0,8950.0
2026-03,5640,AMD Ryzen 5 5500 Socket Am4 3.6GHz Processor with AMD wraith cooler MPK,PROCESSOR,11.0,57200.0,0.0,0.0,57200.0,5200.0
2026-03,5663,AMD Ryzen 5 5600 Socket Am4 3.5GHz Processor with Wraith stealth cooler MPK,PROCESSOR,13.0,93600.0,0.0,0.0,93600.0,7200.0
2026-03,7098,AMD Ryzen 7 5700G Socket Am4 3.8GHz with Radeon Vega 8 wraith stealth cooler Processor MPK,PROCESSOR,13.0,159250.0,0.0,0.0,159250.0,12250.0
2026-03,7929,AMD Ryzen 7 5700X Socket AM4 3.4GHz Processor with AMD Wraith Stealth cooler MPK,PROCESSOR,9.0,89550.0,0.0,0.0,89550.0,9950.0
2026-03,8432,AMD Ryzen 3 3200g PRO Socket Am4 3.6ghz with Radeon Vega 8 Processor MPK,PROCESSOR,11.0,37345.0,0.0,0.0,37345.0,3395.0
2026-03,9608,AMD RYZEN 7 7800X3D Socket AM5 D5 5.0ghz with Radeon Graphics processor TTP,PROCESSOR,10.0,184500.0,0.0,0.0,184500.0,18450.0
2026-03,9614,AMD RYZEN 7 9800X3D Socket AM5 D5 5.2ghz with Radeon Graphics processor,PROCESSOR,3.0,83850.0,0.0,0.0,83850.0,27950.0
2026-03,9776,AMD Ryzen 5 5600GT 3.6GHz AM4 Socket DDR4 Processor MPK,PROCESSOR,15.0,137925.0,0.0,0.0,137925.0,9195.0
2026-03,9841,Intel Core i5-14400 4.7GHz LGA 1700 Processor MPK,PROCESSOR,13.0,155350.0,0.0,0.0,155350.0,11950.0
2026-03,10697,Lexar NQ100 256GB Solid State Drive SATA 2.5,SOLID STATE DRIVE,26.0,103870.0,0.0,0.0,103870.0,3995.0
2026-03,10797,Lexar NM620 1TB M.2 NVME Solid State Drive,SOLID STATE DRIVE,17.0,137700.0,0.0,0.0,137700.0,8100.0
2026-03,10804,Team Group MP33 512GB M.2 PCIe Gen3.0 x4 NVME 1.3 Solid State Drive,SOLID STATE DRIVE,13.0,81250.0,0.0,0.0,81250.0,6250.0
2026-03,11148,Teamgroup T-Force GA Pro 1TB NVMe M.2 Gen 5 Solid State Drive,SOLID STATE DRIVE,18.0,195300.0,0.0,0.0,195300.0,10850.0
2026-03,11152,Hiksemi Wave S 256B SATA 2.5 Solid State Drive,SOLID STATE DRIVE,32.0,107200.0,0.0,0.0,107200.0,3350.0
2026-03,11269,Hiksemi Wave P 256GB PCIE Gen3 M.2 Solid State Drive,SOLID STATE DRIVE,22.0,76890.0,0.0,0.0,76890.0,3495.0
2026-03,11323,ESGaming 512GB SATA 2.5 Solid State Drive,SOLID STATE DRIVE,19.0,83505.0,0.0,0.0,83505.0,4395.0
2026-03,11577,Apacer AS2280P4 512GB PCIe Gen 3x4 M.2 NVMe Solid State Drive,SOLID STATE DRIVE,15.0,79425.0,0.0,0.0,79425.0,5295.0
2026-03,1681,Team Group GX2 Solid State Drive 256gb SATA 2.5,SOLID STATE DRIVE,11.0,37950.0,0.0,0.0,37950.0,3450.0
2026-03,1909,Lexar NS10 Lite Solid State Drive 120gb SATA 2.5,SOLID STATE DRIVE,19.0,27550.0,0.0,0.0,27550.0,1450.0
2026-03,6856,Team Group MP33 256GB M.2 PCIe NVME Solid State Drive,SOLID STATE DRIVE,13.0,43550.0,0.0,0.0,43550.0,3350.0
2026-03,6936,Adata SU650 Solid State Drive 512GB SATA 2.5,SOLID STATE DRIVE,14.0,69930.0,0.0,0.0,69930.0,4995.0
2026-03,10832,"ORTIZAN C7 Dual-Mode 2.0 Studio Monitors, Active Monitor Speakers, Black",SPEAKER,3.0,9585.0,0.0,0.0,9585.0,3195.0
2026-03,10833,"ORTIZAN C7 Dual-Mode 2.0 Studio Monitors, Active Monitor Speakers, White",SPEAKER,1.0,3195.0,0.0,0.0,3195.0,3195.0
2026-03,10856,Edifier ES20 Portable Bluetooth Speaker Ivory,SPEAKER,1.0,1685.0,0.0,0.0,1685.0,1685.0
2026-03,9768,Edifier T5 Powered Subwoofer,SPEAKER,1.0,4950.0,0.0,0.0,4950.0,4950.0
2026-03,2991,APC Back-Ups BVX650I-PH 360 Watts 650va with Avr Universal Sockets Ups,UPS & AVR,13.0,28600.0,0.0,0.0,28600.0,2200.0
2026-03,36,Secure 220v Avr,UPS & AVR,5.0,1250.0,0.0,0.0,1250.0,250.0
2026-03,454,Secure 650va Ups,UPS & AVR,12.0,17400.0,0.0,0.0,17400.0,1450.0
2026-04,6252,RAKK SINAG98 Polycarbonate Case,ACCESSORIES,1.0,1.0,0.0,0.0,1.0,1.0
2026-04,645,PwS03+ External Power Switch and Usb Hub Desktop,ACCESSORIES,3.0,150.0,0.0,0.0,150.0,50.0
2026-04,7374,RAKK PRIYO Cushion Foam Pair,ACCESSORIES,1.0,1.0,0.0,0.0,1.0,1.0
2026-04,10653,RAKK Matik USB Gaming Headset LED Illuminated,AUDIO,3.0,945.0,0.0,0.0,945.0,315.0
2026-04,10952,EPOS Sennheiser Impact SC 260 ED Headset,AUDIO,5.0,6600.0,0.0,0.0,6600.0,1320.0
2026-04,10991,Logitech G PRO X Wired 7.1 Gaming Headset,AUDIO,3.0,13650.0,0.0,0.0,13650.0,4550.0
2026-04,10993,Logitech G PRO X Wired 7.1 Gaming Headset (League of Legends Edition),AUDIO,1.0,4550.0,0.0,0.0,4550.0,4550.0
2026-04,11507,Accutone UB210 Noise Cancelling Headset Black,AUDIO,2.0,3100.0,0.0,0.0,3100.0,1550.0
2026-04,11508,Accutone Sonar 280 Wireless & Wired Noise Cancelling Headset Black,AUDIO,1.0,2060.0,0.0,0.0,2060.0,2060.0
2026-04,11509,Accutone Converse 95 Noise Cancelling Headset Black,AUDIO,1.0,2320.0,0.0,0.0,2320.0,2320.0
2026-04,11511,Accutone Nexus 2000 MagSafe Speaker Gray,AUDIO,2.0,2500.0,0.0,0.0,2500.0,1250.0
2026-04,11512,Accutone Nexus 2000 MagSafe Speaker Pink,AUDIO,4.0,5000.0,0.0,0.0,5000.0,1250.0
2026-04,11612,Accutone UB101 Stereo USB Headset Black,AUDIO,2.0,690.0,0.0,0.0,690.0,345.0
2026-04,7652,RAKK SONIDO 7.1 Virtual Surround RGB Gaming Headset USB Black,AUDIO,5.0,4975.0,0.0,0.0,4975.0,995.0
2026-04,8581,Edifier W820NB Plus Active Noice Cancellation Bluetooth Stereo Wireless Headset Ivory,AUDIO,5.0,9250.0,0.0,0.0,9250.0,1850.0
2026-04,7824,Hikvision E-HWID 2.8MM Eco-HiWatch 2.mm IR Dome E-HWID,CAMERA,2.0,2900.0,0.0,0.0,2900.0,1450.0
2026-04,78,A4Tech KRS-8572 Usb Keyboard and Mouse Black,COMBO,32.0,16320.0,0.0,0.0,16320.0,510.0
2026-04,9301,RAKK APTAS ILLUMINATED / Membrane Keyboard and Mouse / No software / Rainbow lighting / Black,COMBO,52.0,14820.0,0.0,0.0,14820.0,285.0
2026-04,10370,DarkFlash Infinity 34 3in1 ARGB Chassis Fan Black,COOLING,13.0,14950.0,0.0,0.0,14950.0,1150.0
2026-04,10373,DarkFlash Infinity 34 Single ARGB Chassis Fan White,COOLING,11.0,4620.0,0.0,0.0,4620.0,420.0
2026-04,10386,MSI MAG COREFROZR AA13 ARGB CPU Air Cooler black,COOLING,7.0,8365.0,0.0,0.0,8365.0,1195.0
2026-04,10590,YGT Cyber-120IFB 3in1 ARGB Chassis Fan Black,COOLING,8.0,4400.0,0.0,0.0,4400.0,550.0
2026-04,10743,NZXT F120 RGB Duo Triple Pack (RF-D12TF-W1) with RGB Controller Chassis Fan White,COOLING,19.0,28500.0,0.0,0.0,28500.0,1500.0
2026-04,10839,CoolerMaster Hyper 212 3DHP ARGB CPU Air Cooler Black,COOLING,7.0,9765.0,0.0,0.0,9765.0,1395.0
2026-04,10858,DarkFlash E400 Plus Matrix Display CPU Air Cooler White,COOLING,17.0,28050.0,0.0,0.0,28050.0,1650.0
2026-04,10930,CoolerMaster MasterLiquid 240L Core Liquid Cooling Black,COOLING,12.0,44400.0,0.0,0.0,44400.0,3700.0
2026-04,10966,CoolerMaster V4 Alpha 3DHP CPU Air Cooler Black,COOLING,14.0,26530.0,0.0,0.0,26530.0,1895.0
2026-04,10990,BeQuiet Silent Wings 4 (BL094) 120mm PWM High Speed Single Chassis Fan Black,COOLING,6.0,7200.0,0.0,0.0,7200.0,1200.0
2026-04,11005,Asus AR120 ARGB PWM Single Chassis Fan Black,COOLING,11.0,1650.0,0.0,0.0,1650.0,150.0
2026-04,11159,Jungle Leopard Chill Arc 360mm ARGB Liquid Cooling Black,COOLING,12.0,131400.0,0.0,0.0,131400.0,10950.0
2026-04,11160,Jungle Leopard Chill Arc 360mm ARGB Liquid Cooling White,COOLING,9.0,101655.0,0.0,0.0,101655.0,11295.0
2026-04,11216,CoolerMaster MasterLiquid Core Nex 360 ARGB CPU Liquid Cooler Black,COOLING,9.0,40050.0,0.0,0.0,40050.0,4450.0
2026-04,6174,Deepcool TW-003 CPU Air Cooler,COOLING,7.0,2800.0,0.0,0.0,2800.0,400.0
2026-04,7,AMD Stock Heatsink Fan,COOLING,8.0,1120.0,0.0,0.0,1120.0,140.0
2026-04,7501,DarkFlash DM12 F Single ARGB Chassis Fan Black,COOLING,13.0,3055.0,0.0,0.0,3055.0,235.0
2026-04,7502,DarkFlash DM12 F Single ARGB Chassis Fan White,COOLING,14.0,3990.0,0.0,0.0,3990.0,285.0
2026-04,7505,DarkFlash Infinity24 Single ARGB Chassis Fan Black,COOLING,18.0,5130.0,0.0,0.0,5130.0,285.0
2026-04,9737,MSI MAG Coreliquid A13 240 CPU Liquid Cooler Black,COOLING,12.0,43800.0,0.0,0.0,43800.0,3650.0
2026-04,9835,MSI MAG Coreliquid A13 360 CPU Liquid Cooler Black,COOLING,10.0,42800.0,0.0,0.0,42800.0,4280.0
2026-04,9836,MSI MAG Coreliquid A13 360 CPU Liquid Cooler White,COOLING,3.0,12420.0,0.0,0.0,12420.0,4140.0
2026-04,10425,"ViewSonic VA24G1-H 24"" FHD 144Hz IPS Monitor",DISPLAY,11.0,45650.0,0.0,0.0,45650.0,4150.0
2026-04,10540,"ASUS ROG Strix XG27ACMES 27"" QHD 255Hz-OC Fast IPS Monitor",DISPLAY,3.0,47985.0,0.0,0.0,47985.0,15995.0
2026-04,10711,"ASUS TUF Gaming Series 5 VG259QMR5A 24.5"" FHD 310Hz(OC) Fast-IPS Monitor",DISPLAY,6.0,56970.0,0.0,0.0,56970.0,9495.0
2026-04,10836,"AOC 24G11ZE 23.8"" 240Hz OC FHD Fast IPS Monitor",DISPLAY,7.0,46165.0,0.0,0.0,46165.0,6595.0
2026-04,10918,"Philips 24E2G2200 23.8"" 144Hz IPS FHD Monitor",DISPLAY,10.0,41950.0,0.0,0.0,41950.0,4195.0
2026-04,10919,"Philips 27E2G2200 27"" 144Hz IPS FHD Monitor",DISPLAY,7.0,41965.0,0.0,0.0,41965.0,5995.0
2026-04,10940,"MSI MAG 245F X24 23.8"" 240Hz FHD Rapid IPS Monitor",DISPLAY,7.0,45150.0,0.0,0.0,45150.0,6450.0
2026-04,10941,"MSI MAG 272F X24 27"" 240Hz FHD Rapid IPS Monitor",DISPLAY,11.0,98450.0,0.0,0.0,98450.0,8950.0
2026-04,11074,"AOC 24B36XE 23.8"" FHD 144Hz IPS Monitor",DISPLAY,11.0,46750.0,0.0,0.0,46750.0,4250.0
2026-04,11127,"Nvision N2455GT-B 23.8"" FHD 144Hz IPS Monitor",DISPLAY,12.0,47400.0,0.0,0.0,47400.0,3950.0
2026-04,11151,"MSI MAG 275QF E20 27"" WQHD 200Hz Rapid IPS Monitor",DISPLAY,4.0,46000.0,0.0,0.0,46000.0,11500.0
2026-04,11208,"Gamdias Atlas HD24IF IV 23.8"" 240Hz FHD Fast IPS Monitor Black",DISPLAY,8.0,46960.0,0.0,0.0,46960.0,5870.0
2026-04,11258,"AOC Q27G4SL/WS 27"" QHD 320Hz Fast IPS HDR 400 Monitor",DISPLAY,8.0,110400.0,0.0,0.0,110400.0,13800.0
2026-04,11472,"MSI PRO MP251 E14L 24.5"" 144HZ FHD IPS Monitor",DISPLAY,9.0,38925.0,0.0,0.0,38925.0,4325.0
2026-04,11473,"Asus TUF Gaming VG259QM5A 24.5"" 240Hz IPS Gaming Monitor",DISPLAY,6.0,47370.0,0.0,0.0,47370.0,7895.0
2026-04,11528,"LG 24U411A-B 23.8"" 120Hz FHD IPS Monitor",DISPLAY,5.0,18250.0,0.0,0.0,18250.0,3650.0
2026-04,7785,Nvision N190V8 19' LED Monitor,DISPLAY,9.0,15300.0,0.0,0.0,15300.0,1700.0
2026-04,7786,"Nvision N200V8 20"" LED Monitor",DISPLAY,10.0,17150.0,0.0,0.0,17150.0,1715.0
2026-04,8060,"Nvision H22V8 21.5"" LED Monitor",DISPLAY,4.0,8960.0,0.0,0.0,8960.0,2240.0
2026-04,9904,"Viewsonic VX2479A-HD-PRO 24"" 240Hz FHD 1MS MPRT IPS HDR10 Gaming Monitor",DISPLAY,15.0,94950.0,0.0,0.0,94950.0,6330.0
2026-04,11003,RAKK SUKOG LITE 800x400x3mm Mousepad Black,GAMING SURFACE,14.0,2660.0,0.0,0.0,2660.0,190.0
2026-04,10053,ASUS Dual Nvidia Geforce RTX 3050 OC Edition (DUAL-RTX3050-O6G) 6GB 96-bit GDRR6 Videocard,GRAPHIC CARD,12.0,173400.0,0.0,0.0,173400.0,14450.0
2026-04,10072,MSI Nvidia GeForce RTX 5060 VENTUS 2X OC (G5060-8V2C) 8GB 128-bit GDDR7 Videocard,GRAPHIC CARD,9.0,220500.0,0.0,0.0,220500.0,24500.0
2026-04,10080,Gigabyte Nvidia GeForce RTX 5060 AERO OC (GV-N5060AERO-OC-8GD) 8GB 128-bit GDDR7 Videocard,GRAPHIC CARD,4.0,103000.0,0.0,0.0,103000.0,25750.0
2026-04,10152,MSI GeForce RTX 5070 Ti VENTUS 3X OC (G507T-16V3C) 16GB 256-bit GDDR7 Videocard,GRAPHIC CARD,7.0,461650.0,0.0,0.0,461650.0,65950.0
2026-04,10155,ASUS DUAL GeForce RTX 5060 (DUAL-RTX5060-8G) 8GB 128-bit GDDR7 Videocard,GRAPHIC CARD,3.0,74850.0,0.0,0.0,74850.0,24950.0
2026-04,10206,ASUS Dual RX 7600 EVO OC Edition DUAL-RX7600-O8G-EVO 8GB 128-bit GDDR6 Videocard,GRAPHIC CARD,11.0,252450.0,0.0,0.0,252450.0,22950.0
2026-04,10207,ASUS Prime AMD Radeon RX 9060 XT OC (PRIME-RX9060XT-O16G) 16GB 128-Bit GDDR6 Videocard,GRAPHIC CARD,9.0,314550.0,0.0,0.0,314550.0,34950.0
2026-04,10225,MSI Nvidia GeForce RTX 5060 SHADOW 2X OC (G5060-8S2C) 8GB 128-bit GDDR7 Videocard,GRAPHIC CARD,4.0,99800.0,0.0,0.0,99800.0,24950.0
2026-04,10660,MSI Nvidia GeForce RTX 5050 VENTUS 2X OC (G5050-8V2C) 128-bit GDDR6 Videocard,GRAPHIC CARD,8.0,159600.0,0.0,0.0,159600.0,19950.0
2026-04,11557,ASUS DUAL Nvidia GeForce RTX 5060 Ti OC Edition (DUAL-RTX5060TI-O8G) 8GB 128-bit GDDR7 Videocard,GRAPHIC CARD,8.0,231600.0,0.0,0.0,231600.0,28950.0
2026-04,11591,MSI GeForce RTX 5060 Ventus 2X OC v1 (G5060-8V2CV1) 8GB 128-bit GDDR7 Videocard,GRAPHIC CARD,1.0,25650.0,0.0,0.0,25650.0,25650.0
2026-04,11636,Colorful Nvidia GeForce RTX 3050 6GB V4-V 96-bit GDDR6 Videocard,GRAPHIC CARD,8.0,98000.0,0.0,0.0,98000.0,12250.0
2026-04,8396,MSI GEFORCE RTX 3050 VENTUS 2X OC 6GB 96-bit DDR6 Videocard,GRAPHIC CARD,6.0,85200.0,0.0,0.0,85200.0,14200.0
2026-04,9396,Biostar Rx 580 VA5815RQ82 Dual Cooling Fan 8gb 256bit GDdr5 Gaming Videocard,GRAPHIC CARD,4.0,31800.0,0.0,0.0,31800.0,7950.0
2026-04,9883,Asus Prime AMD Radeon RX 9070 OC (PRIME-RX9070-O16G) 16GB 256-Bit GDDR6 Videocard,GRAPHIC CARD,8.0,383600.0,0.0,0.0,383600.0,47950.0
2026-04,9967,MSI Nvidia GeForce RTX 5070 VENTUS 2X OC 12GB 192-bit GDDR7 Videocard,GRAPHIC CARD,9.0,422550.0,0.0,0.0,422550.0,46950.0
2026-04,11573,Aula S75 Pro RGB Gaming Mechanical Wireless Tri-Mode Keyboard Gradient Pink,KEYBOARD,23.0,56350.0,0.0,0.0,56350.0,2450.0
2026-04,4285,Fantech MAXPOWER MK853 Mechanical Gaming Keyboard White - BLUE Switch,KEYBOARD,28.0,41440.0,0.0,0.0,41440.0,1480.0
2026-04,11464,"MSI Cyborg 15 A13VE-2453PHNN 15.6"" FHD IPS 144Hz Intel Core i5-13420H/8GB DDR5-5200/512GB NVMe SSD PCIe Gen4/RTX 4050 6GD6/Win11 Laptop",LAPTOP GA2,2.0,117990.0,0.0,0.0,117990.0,58995.0
2026-04,9998,"Gigabyte Gaming A16 CMHH2PH893SH 16.0"" WUXGA 165Hz Intel Core i5-13420H/16GB DDR5/512GB 2x M.2 SSD/ RTX 4050 6GB/Win11Laptop",LAPTOP GA2,3.0,188985.0,0.0,0.0,188985.0,62995.0
2026-04,11583,"MSI Modern 14 F3HMG-039PHNN 14.0""FHD IPS Ryzen™ AI 5 330/8GB DDR5-5600/512GB*1 NVMe SSD PCIe Gen4/Win11 Laptop + OFC + Laptop Bag",LAPTOP PR2,1.0,47795.0,0.0,0.0,47795.0,47795.0
2026-04,11461,"MSI Modern 14 F1MG-887PHNN 14.0""FHD IPS Intel Core 7 150U/8GB+8GB DDR4-3200/512GB*1 NVMe SSD PCIe Gen4/Win11 Laptop + OFC + Laptop Bag",LAPTOP PR3,2.0,107990.0,0.0,0.0,107990.0,53995.0
2026-04,11550,"Lenovo V15 G5 IRL 15.6"" Intel Core i5-13420H/16GB DDR5/512GB SSD Laptop/Win11 Laptop SE + Laptop Bag",LAPTOP PR3,2.0,89990.0,0.0,0.0,89990.0,44995.0
2026-04,10286,Lexar LD5S16G56C46ST-BGS 16GB 5600Mhz DDR5 Sodimm Memory,MEMORY,19.0,296400.0,0.0,0.0,296400.0,15600.0
2026-04,10789,Teamgroup Vulcan 16GB 8GBx2 6000Mhz CL38 DDR5 Memory,MEMORY,15.0,217500.0,0.0,0.0,217500.0,14500.0
2026-04,10905,Lexar Ares 8GB LD4U08G32C16LA-RGS 3200Mhz DDR4 RGB Memory Black,MEMORY,16.0,68000.0,0.0,0.0,68000.0,4250.0
2026-04,11052,Biostar Storming V 8GB 3200Mhz DDR4 Memory,MEMORY,13.0,53950.0,0.0,0.0,53950.0,4150.0
2026-04,11185,Crucial 16GB CT16G4SFRA32A 3200Mhz DDR4 Sodimm,MEMORY,15.0,123750.0,0.0,0.0,123750.0,8250.0
2026-04,11327,HKC PC 16gb 3200mhz DDR4 with Heatsink Memory Black,MEMORY,17.0,105315.0,0.0,0.0,105315.0,6195.0
2026-04,11444,FASPEED 8GB 3200Mhz DDR4 with Heatsink Memory,MEMORY,18.0,56700.0,0.0,0.0,56700.0,3150.0
2026-04,11450,HKC PC 8gb 3200mhz DDR4 with Heatsink Memory Black,MEMORY,8.0,27600.0,0.0,0.0,27600.0,3450.0
2026-04,11548,Hiksemi Future 16GB (16x1) HSC516U56C2 5600Mhz CL38 DDR5 Memory Black,MEMORY,17.0,254915.0,0.0,0.0,254915.0,14995.0
2026-04,1372,Ramsta 4gb 1x4 2666mhz Ddr4 Memory,MEMORY,22.0,11000.0,0.0,0.0,11000.0,500.0
2026-04,2489,Ramsta 4gb 1x4 2666mhz Ddr4 Sodimm Memory,MEMORY,16.0,6400.0,0.0,0.0,6400.0,400.0
2026-04,3150,Team Elite TForce Delta 16gb 2x8 3600mhz Ddr4 RGB Memory Black,MEMORY,11.0,100650.0,0.0,0.0,100650.0,9150.0
2026-04,3151,Team Elite TForce Delta 16gb 2x8 3600mhz Ddr4 RGB Memory White,MEMORY,12.0,109800.0,0.0,0.0,109800.0,9150.0
2026-04,4055,Team Elite Plus 8gb 1x8 3200Mhz Ddr4 Memory Black Gold,MEMORY,17.0,80750.0,0.0,0.0,80750.0,4750.0
2026-04,9324,KINGBANK 16GB 1x16 3200mhz DDR4 with Heatsink Memory Silver,MEMORY,15.0,111750.0,0.0,0.0,111750.0,7450.0
2026-04,11448,Y5Pro Intel Core i5 8250U / 16GB DDr4 / 512GB SSD / WIFI 5 DUAL / 4* USB 3.0 / 2* HDMI 2.0 / 1* RJ45 1000Mbps / 1* Type-C / Windows 11 Pro Mini PC,MINI PC,1.0,20950.0,0.0,0.0,20950.0,20950.0
2026-04,11579,Y5Plus Intel Core i7 4650U / 8GB DDr3 / 128GB SSD / WIFI 5 DUAL / 4* USB 3.0 / 2* HDMI 2.0 / 1* RJ45 1000Mbps / 1* Type-C / Windows 11 Pro Mini PC,MINI PC,2.0,19900.0,0.0,0.0,19900.0,9950.0
2026-04,9794,"Nvision A24K6-S-i704-1625 Intel i7-4700M 16GB 256GB SSD 23.8"" FHD IPS All in One PC",MINI PC,2.0,33900.0,0.0,0.0,33900.0,16950.0
2026-04,10295,Asus B650M-AYW Wifi DDR5 AMD Motherboard,MOTHERBOARD,18.0,131310.0,0.0,0.0,131310.0,7295.0
2026-04,10296,Asus Prime A520M-K/CSM AM4 AMD Motherboard,MOTHERBOARD,7.0,23065.0,0.0,0.0,23065.0,3295.0
2026-04,10647,ASUS PRIME B850M-A WIFI-CSM Socket AM5 DDR5 Motherboard,MOTHERBOARD,15.0,172425.0,0.0,0.0,172425.0,11495.0
2026-04,10675,MSI B650M GAMING WIFI AM5 DDR5 Motherboard,MOTHERBOARD,11.0,81345.0,0.0,0.0,81345.0,7395.0
2026-04,11556,Gigabyte B550M-K Socket Am4 Ddr4 Motherboard,MOTHERBOARD,10.0,49500.0,0.0,0.0,49500.0,4950.0
2026-04,11558,Asus B760M-AYW WIFI Socket LGA 1700 Ddr4 Motherboard,MOTHERBOARD,13.0,121550.0,0.0,0.0,121550.0,9350.0
2026-04,11593,Gigabyte B860M GAMING X WIFI6E LGA1851 Socket Ddr5 Motherboard,MOTHERBOARD,14.0,169330.0,0.0,0.0,169330.0,12095.0
2026-04,2756,MSI B550M Pro VDH Wifi Socket Am4 Ddr4 Motherboard,MOTHERBOARD,6.0,38100.0,0.0,0.0,38100.0,6350.0
2026-04,3367,MSI A520m-A Pro Socket Am4 Ddr4 Motherboard,MOTHERBOARD,17.0,55250.0,0.0,0.0,55250.0,3250.0
2026-04,4492,Asus Prime B550M-A Wifi II Socket Am4 Ddr4 Gaming Motherboard,MOTHERBOARD,15.0,96750.0,0.0,0.0,96750.0,6450.0
2026-04,7615,MSI B650M Project zero socket LGA AM5 DDR5 Motherboard,MOTHERBOARD,16.0,205600.0,0.0,0.0,205600.0,12850.0
2026-04,8617,Asrock A520M-HVS Socket Am4 DDR4 Motherboard,MOTHERBOARD,11.0,34650.0,0.0,0.0,34650.0,3150.0
2026-04,9385,Biostar A520MHP Socket Am4 DDR4 Motherboard,MOTHERBOARD,11.0,31845.0,0.0,0.0,31845.0,2895.0
2026-04,9759,MSI PRO X870-P WIFI Ddr5 AM5 Motherboard,MOTHERBOARD,10.0,179500.0,0.0,0.0,179500.0,17950.0
2026-04,9879,MSI B550M-A PRO Socket Am4 Ddr4 Motherboard,MOTHERBOARD,22.0,102300.0,0.0,0.0,102300.0,4650.0
2026-04,9970,Asus Prime B550M-K ARGB Socket Am4 Ddr4 Motherboard,MOTHERBOARD,20.0,97000.0,0.0,0.0,97000.0,4850.0
2026-04,10488,RAKK DASIG X3 Ambidextrous Hotswap Trimode PAW3311 Huano 80M RGB Gaming Mouse Black,MOUSE,9.0,8955.0,0.0,0.0,8955.0,995.0
2026-04,10489,RAKK DASIG X3 Ambidextrous Hotswap Trimode PAW3311 Huano 80M RGB Gaming Mouse White,MOUSE,6.0,5970.0,0.0,0.0,5970.0,995.0
2026-04,10776,RAKK TALAN AERO X PAW3395 8K Polling Omron Optical Trimode Lightweight 55g Gaming Mouse Black,MOUSE,15.0,32925.0,0.0,0.0,32925.0,2195.0
2026-04,10994,Logitech G 502X Wired Gaming Mouse White,MOUSE,6.0,18570.0,0.0,0.0,18570.0,3095.0
2026-04,3513,Logitech G102 Lightsync Gaming Mouse Black,MOUSE,9.0,8370.0,0.0,0.0,8370.0,930.0
2026-04,3700,Logitech G102 Lightsync Gaming Mouse White,MOUSE,14.0,13020.0,0.0,0.0,13020.0,930.0
2026-04,9299,RAKK DASIG LITE Huano Switch RGB Gaming Mouse,MOUSE,9.0,2520.0,0.0,0.0,2520.0,280.0
2026-04,11172,DITO Home WoWFi Lite 4G WiFi Router,NETWORK DEVICE,3.0,2940.0,0.0,0.0,2940.0,980.0
2026-04,11173,DITO Home WoWFi Pro 5G WiFi Router,NETWORK DEVICE,4.0,5960.0,0.0,0.0,5960.0,1490.0
2026-04,11356,TP-Link Archer BE220 Dual Band Wi-Fi 7 Router,NETWORK DEVICE,3.0,6750.0,0.0,0.0,6750.0,2250.0
2026-04,11460,ASUS RT-BE50 BE3600 Dual Band WiFi 7 Router,NETWORK DEVICE,3.0,8985.0,0.0,0.0,8985.0,2995.0
2026-04,1693,TP-Link TL-WR820N 300Mbps Multimode Wi-Fi Router,NETWORK DEVICE,6.0,2940.0,0.0,0.0,2940.0,490.0
2026-04,10146,MSI PANO 110R PZ Mid Tower Gaming PC Case Black,PC CASE,1.0,4200.0,0.0,0.0,4200.0,4200.0
2026-04,10518,NZXT H6 Flow CC-H61FW-01 Tempered Glass ATX PC Case White,PC CASE,25.0,108750.0,0.0,0.0,108750.0,4350.0
2026-04,10519,NZXT H7 Flow (2024) CM-H72FW-01 ATX PC Case White,PC CASE,4.0,18600.0,0.0,0.0,18600.0,4650.0
2026-04,10520,NZXT H7 Flow RGB (2024) CM-H72FB-R1 ATX PC Case Black,PC CASE,13.0,56550.0,0.0,0.0,56550.0,4350.0
2026-04,10668,CoolerMaster Elite 302 ARGB Micro ATX PC Case Black,PC CASE,10.0,29950.0,0.0,0.0,29950.0,2995.0
2026-04,10808,MSI PAG PANO M110A ARGB Micro ATX PC Case Black,PC CASE,10.0,24500.0,0.0,0.0,24500.0,2450.0
2026-04,10828,DarkFlash Floatron F1 Micro ATX PC Case Black & White,PC CASE,12.0,47940.0,0.0,0.0,47940.0,3995.0
2026-04,10928,CoolerMaster Qube 540 Moonstone ATX PC Case,PC CASE,20.0,79900.0,0.0,0.0,79900.0,3995.0
2026-04,10963,CoolerMaster Elite 600 ARGB ATX Mid Tower PC Case Black,PC CASE,15.0,80250.0,0.0,0.0,80250.0,5350.0
2026-04,10972,Asus A31 Tempered Glass Mid Tower ATX PC Case White,PC CASE,12.0,40800.0,0.0,0.0,40800.0,3400.0
2026-04,11002,RAKK TANAN MATX Tempered Glass with PSU and Fans,PC CASE,11.0,14245.0,0.0,0.0,14245.0,1295.0
2026-04,11068,DarkFlash M305 with 3 RGB Fan Micro ATX Tempered Glass Gaming PC Case Black,PC CASE,5.0,6975.0,0.0,0.0,6975.0,1395.0
2026-04,11102,YGT Mars 9 Micro ATX PC Case with PSU Black,PC CASE,5.0,3975.0,0.0,0.0,3975.0,795.0
2026-04,11131,Asus A21 Tempered Glass Micro ATX PC Case Black,PC CASE,11.0,32945.0,0.0,0.0,32945.0,2995.0
2026-04,11306,Gamdias Aura GC10 v2 ARGB Dual Chamber Micro ATX PC Case Black,PC CASE,12.0,29940.0,0.0,0.0,29940.0,2495.0
2026-04,11406,Cougar MX110 RGB Mid Tower Tempered Glass ATX PC Case Black,PC CASE,5.0,11750.0,0.0,0.0,11750.0,2350.0
2026-04,11546,YGT 420B Micro ATX PC Case Black,PC CASE,13.0,16250.0,0.0,0.0,16250.0,1250.0
2026-04,6579,InPlay Wind 01 Acrylic Side Panel Micro ATX PC Case,PC CASE,11.0,0.0,0.0,0.0,0.0,0.0
2026-04,7367,MSI MAG Forge M100A Auto RGB Micro ATX PC Case Black,PC CASE,9.0,19710.0,0.0,0.0,19710.0,2190.0
2026-04,9897,YGT V100 Micro ATX PC Case with PSU White,PC CASE,5.0,4450.0,0.0,0.0,4450.0,890.0
2026-04,9973,MSI MAG PANO 100R Project Zero Micro ATX PC Case Black,PC CASE,12.0,79800.0,0.0,0.0,79800.0,6650.0
2026-04,10052,Asus Prime 650W 80+ Bronze Power Supply,POWER SUPPLY,17.0,62050.0,0.0,0.0,62050.0,3650.0
2026-04,10208,Asus Prime AP-850W 80+ Gold Full Modular Power Supply,POWER SUPPLY,9.0,67455.0,0.0,0.0,67455.0,7495.0
2026-04,10376,ASRock Pro-650B 650W 80+ Bronze Non-Modular ATX 3.1 Power Supply,POWER SUPPLY,11.0,29150.0,0.0,0.0,29150.0,2650.0
2026-04,10679,ASRock Steel Legend SL-1000G 1000W 80+ Gold Cybenetics Gold ATX 3.1 Full Modular Power Supply,POWER SUPPLY,14.0,132300.0,0.0,0.0,132300.0,9450.0
2026-04,11266,Acer AC-500 500W Non-Modular 80+ Bronze Power Supply Black,POWER SUPPLY,13.0,16250.0,0.0,0.0,16250.0,1250.0
2026-04,11267,Acer AC-650 650W Non-Modular 80+ Bronze Power Supply Black,POWER SUPPLY,15.0,26835.0,0.0,0.0,26835.0,1789.0
2026-04,11332,Acer AC-750 750W Non-Modular 80+ Bronze Power Supply Black,POWER SUPPLY,17.0,35700.0,0.0,0.0,35700.0,2100.0
2026-04,176,Intelligent 700 watts Power Supply,POWER SUPPLY,10.0,4500.0,0.0,0.0,4500.0,450.0
2026-04,4079,MSI MAG A650BN 650Watts 80+ Non-Modular Power Supply Bronze,POWER SUPPLY,10.0,32950.0,0.0,0.0,32950.0,3295.0
2026-04,4080,MSI MAG A550BN 550Watts 80+ Non-Modular Power Supply Bronze,POWER SUPPLY,10.0,28550.0,0.0,0.0,28550.0,2855.0
2026-04,6242,MSI MAG A600DN 600W 80+ Power Supply,POWER SUPPLY,9.0,24885.0,0.0,0.0,24885.0,2765.0
2026-04,7838,MSI MAG A850GL 850Watts PCIE5 80+ Full Modular Power Supply Gold Black,POWER SUPPLY,17.0,122910.0,0.0,0.0,122910.0,7230.0
2026-04,8542,Acer AC-550 550w Full Modular 80plus Bronze Power Supply,POWER SUPPLY,12.0,17220.0,0.0,0.0,17220.0,1435.0
2026-04,8543,Acer AC-650 650w Full Modular  80plus Bronze Power Supply,POWER SUPPLY,10.0,20550.0,0.0,0.0,20550.0,2055.0
2026-04,9703,CoolerMaster MWE 650W V3 (MPE-6501-ACABW-3BUS) 80+ Bronze ATX 3.1 Power Supply,POWER SUPPLY,10.0,38100.0,0.0,0.0,38100.0,3810.0
2026-04,9938,CoolerMaster MWE 750W V3 (MPE-7501-ACABW-3BUS) 80+ Bronze ATX 3.1 Power Supply,POWER SUPPLY,11.0,47498.0,0.0,0.0,47498.0,4318.0
2026-04,11599,Epson L3350 Wi-Fi Multi Functional Integrated Ink Tank Printer,PRINTER AND SCANNER,1.0,10530.0,0.0,0.0,10530.0,10530.0
2026-04,2008,Canon Pixma TS207 Printer Inkjet,PRINTER AND SCANNER,2.0,4460.0,0.0,0.0,4460.0,2230.0
2026-04,10057,AMD Ryzen 9 9900X 4.4GHz AM5 Socket DDR5 Processor TTP,PROCESSOR,11.0,274450.0,0.0,0.0,274450.0,24950.0
2026-04,10102,AMD Ryzen 7 7700 Socket AM5 3.8GHz Processor MPK,PROCESSOR,15.0,179250.0,0.0,0.0,179250.0,11950.0
2026-04,10110,AMD Ryzen 5 5500GT 3.6GHz AM4 Socket DDR4 Processor MPK,PROCESSOR,20.0,161900.0,0.0,0.0,161900.0,8095.0
2026-04,10911,Intel Core i9-14900K Raptor Lake Socket LGA 1700 3.20GHz Processor MPK,PROCESSOR,4.0,127800.0,0.0,0.0,127800.0,31950.0
2026-04,10938,AMD Ryzen 5 8400F 4.2GHz AM5 Socket DDR5 Processor MPK,PROCESSOR,12.0,107400.0,0.0,0.0,107400.0,8950.0
2026-04,11064,AMD Ryzen 5 3400g 3.7ghz AM4 Socket DDR4 Processor MPK,PROCESSOR,5.0,18975.0,0.0,0.0,18975.0,3795.0
2026-04,11065,AMD Ryzen 7 8700F 4.1ghz AM5 Socket DDR5 Processor MPK,PROCESSOR,16.0,151200.0,0.0,0.0,151200.0,9450.0
2026-04,11592,Intel Core Ultra 7 processor 270K Plus LGA 1851 5.5Ghz Processor,PROCESSOR,6.0,125700.0,0.0,0.0,125700.0,20950.0
2026-04,4513,AMD Ryzen 5 5600X Socket AM4 3.7GHz Processor with Wraith Stealth Cooler MPK,PROCESSOR,13.0,116350.0,0.0,0.0,116350.0,8950.0
2026-04,5640,AMD Ryzen 5 5500 Socket Am4 3.6GHz Processor with AMD wraith cooler MPK,PROCESSOR,10.0,52000.0,0.0,0.0,52000.0,5200.0
2026-04,5663,AMD Ryzen 5 5600 Socket Am4 3.5GHz Processor with Wraith stealth cooler MPK,PROCESSOR,12.0,86400.0,0.0,0.0,86400.0,7200.0
2026-04,7098,AMD Ryzen 7 5700G Socket Am4 3.8GHz with Radeon Vega 8 wraith stealth cooler Processor MPK,PROCESSOR,10.0,122500.0,0.0,0.0,122500.0,12250.0
2026-04,7929,AMD Ryzen 7 5700X Socket AM4 3.4GHz Processor with AMD Wraith Stealth cooler MPK,PROCESSOR,10.0,99500.0,0.0,0.0,99500.0,9950.0
2026-04,8432,AMD Ryzen 3 3200g PRO Socket Am4 3.6ghz with Radeon Vega 8 Processor MPK,PROCESSOR,6.0,20370.0,0.0,0.0,20370.0,3395.0
2026-04,9608,AMD RYZEN 7 7800X3D Socket AM5 D5 5.0ghz with Radeon Graphics processor TTP,PROCESSOR,15.0,276750.0,0.0,0.0,276750.0,18450.0
2026-04,9614,AMD RYZEN 7 9800X3D Socket AM5 D5 5.2ghz with Radeon Graphics processor,PROCESSOR,16.0,447200.0,0.0,0.0,447200.0,27950.0
2026-04,9776,AMD Ryzen 5 5600GT 3.6GHz AM4 Socket DDR4 Processor MPK,PROCESSOR,15.0,137925.0,0.0,0.0,137925.0,9195.0
2026-04,9841,Intel Core i5-14400 4.7GHz LGA 1700 Processor MPK,PROCESSOR,5.0,59750.0,0.0,0.0,59750.0,11950.0
2026-04,10697,Lexar NQ100 256GB Solid State Drive SATA 2.5,SOLID STATE DRIVE,21.0,83895.0,0.0,0.0,83895.0,3995.0
2026-04,10797,Lexar NM620 1TB M.2 NVME Solid State Drive,SOLID STATE DRIVE,20.0,162000.0,0.0,0.0,162000.0,8100.0
2026-04,10804,Team Group MP33 512GB M.2 PCIe Gen3.0 x4 NVME 1.3 Solid State Drive,SOLID STATE DRIVE,18.0,112500.0,0.0,0.0,112500.0,6250.0
2026-04,11148,Teamgroup T-Force GA Pro 1TB NVMe M.2 Gen 5 Solid State Drive,SOLID STATE DRIVE,12.0,130200.0,0.0,0.0,130200.0,10850.0
2026-04,11152,Hiksemi Wave S 256B SATA 2.5 Solid State Drive,SOLID STATE DRIVE,18.0,60300.0,0.0,0.0,60300.0,3350.0
2026-04,11269,Hiksemi Wave P 256GB PCIE Gen3 M.2 Solid State Drive,SOLID STATE DRIVE,25.0,87375.0,0.0,0.0,87375.0,3495.0
2026-04,11323,ESGaming 512GB SATA 2.5 Solid State Drive,SOLID STATE DRIVE,20.0,87900.0,0.0,0.0,87900.0,4395.0
2026-04,11577,Apacer AS2280P4 512GB PCIe Gen 3x4 M.2 NVMe Solid State Drive,SOLID STATE DRIVE,16.0,84720.0,0.0,0.0,84720.0,5295.0
2026-04,1681,Team Group GX2 Solid State Drive 256gb SATA 2.5,SOLID STATE DRIVE,27.0,93150.0,0.0,0.0,93150.0,3450.0
2026-04,1909,Lexar NS10 Lite Solid State Drive 120gb SATA 2.5,SOLID STATE DRIVE,24.0,34800.0,0.0,0.0,34800.0,1450.0
2026-04,6856,Team Group MP33 256GB M.2 PCIe NVME Solid State Drive,SOLID STATE DRIVE,24.0,80400.0,0.0,0.0,80400.0,3350.0
2026-04,6936,Adata SU650 Solid State Drive 512GB SATA 2.5,SOLID STATE DRIVE,30.0,149850.0,0.0,0.0,149850.0,4995.0
2026-04,10855,Edifier ES20 Portable Bluetooth Speaker Black,SPEAKER,1.0,1695.0,0.0,0.0,1695.0,1695.0
2026-04,10856,Edifier ES20 Portable Bluetooth Speaker Ivory,SPEAKER,1.0,1685.0,0.0,0.0,1685.0,1685.0
2026-04,10870,InPlay MS002 Mini Speaker Black,SPEAKER,2.0,420.0,0.0,0.0,420.0,210.0
2026-04,422,Edifier M1250 Usb Powered 2.0 Speaker,SPEAKER,1.0,650.0,0.0,0.0,650.0,650.0
2026-04,2991,APC Back-Ups BVX650I-PH 360 Watts 650va with Avr Universal Sockets Ups,UPS & AVR,13.0,28600.0,0.0,0.0,28600.0,2200.0
2026-04,36,Secure 220v Avr,UPS & AVR,9.0,2250.0,0.0,0.0,2250.0,250.0
2026-04,454,Secure 650va Ups,UPS & AVR,14.0,20300.0,0.0,0.0,20300.0,1450.0
2026-05,645,PwS03+ External Power Switch and Usb Hub Desktop,ACCESSORIES,1.0,50.0,0.0,0.0,50.0,50.0
2026-05,10653,RAKK Matik USB Gaming Headset LED Illuminated,AUDIO,4.0,1260.0,0.0,0.0,1260.0,315.0
2026-05,10952,EPOS Sennheiser Impact SC 260 ED Headset,AUDIO,3.0,3960.0,0.0,0.0,3960.0,1320.0
2026-05,10991,Logitech G PRO X Wired 7.1 Gaming Headset,AUDIO,1.0,4550.0,0.0,0.0,4550.0,4550.0
2026-05,10993,Logitech G PRO X Wired 7.1 Gaming Headset (League of Legends Edition),AUDIO,2.0,9100.0,0.0,0.0,9100.0,4550.0
2026-05,11507,Accutone UB210 Noise Cancelling Headset Black,AUDIO,5.0,7750.0,0.0,0.0,7750.0,1550.0
2026-05,11508,Accutone Sonar 280 Wireless & Wired Noise Cancelling Headset Black,AUDIO,2.0,4120.0,0.0,0.0,4120.0,2060.0
2026-05,11509,Accutone Converse 95 Noise Cancelling Headset Black,AUDIO,4.0,9280.0,0.0,0.0,9280.0,2320.0
2026-05,11510,Accutone Nexus 2000 MagSafe Speaker Blue,AUDIO,3.0,3750.0,0.0,0.0,3750.0,1250.0
2026-05,11511,Accutone Nexus 2000 MagSafe Speaker Gray,AUDIO,3.0,3750.0,0.0,0.0,3750.0,1250.0
2026-05,11512,Accutone Nexus 2000 MagSafe Speaker Pink,AUDIO,2.0,2500.0,0.0,0.0,2500.0,1250.0
2026-05,11612,Accutone UB101 Stereo USB Headset Black,AUDIO,5.0,1725.0,0.0,0.0,1725.0,345.0
2026-05,7652,RAKK SONIDO 7.1 Virtual Surround RGB Gaming Headset USB Black,AUDIO,2.0,1990.0,0.0,0.0,1990.0,995.0
2026-05,8581,Edifier W820NB Plus Active Noice Cancellation Bluetooth Stereo Wireless Headset Ivory,AUDIO,3.0,5550.0,0.0,0.0,5550.0,1850.0
2026-05,7824,Hikvision E-HWID 2.8MM Eco-HiWatch 2.mm IR Dome E-HWID,CAMERA,5.0,7250.0,0.0,0.0,7250.0,1450.0
2026-05,78,A4Tech KRS-8572 Usb Keyboard and Mouse Black,COMBO,40.0,20400.0,0.0,0.0,20400.0,510.0
2026-05,9301,RAKK APTAS ILLUMINATED / Membrane Keyboard and Mouse / No software / Rainbow lighting / Black,COMBO,39.0,11115.0,0.0,0.0,11115.0,285.0
2026-05,10370,DarkFlash Infinity 34 3in1 ARGB Chassis Fan Black,COOLING,8.0,9200.0,0.0,0.0,9200.0,1150.0
2026-05,10373,DarkFlash Infinity 34 Single ARGB Chassis Fan White,COOLING,10.0,4200.0,0.0,0.0,4200.0,420.0
2026-05,10386,MSI MAG COREFROZR AA13 ARGB CPU Air Cooler black,COOLING,12.0,14340.0,0.0,0.0,14340.0,1195.0
2026-05,10590,YGT Cyber-120IFB 3in1 ARGB Chassis Fan Black,COOLING,10.0,5500.0,0.0,0.0,5500.0,550.0
2026-05,10743,NZXT F120 RGB Duo Triple Pack (RF-D12TF-W1) with RGB Controller Chassis Fan White,COOLING,8.0,12000.0,0.0,0.0,12000.0,1500.0
2026-05,10839,CoolerMaster Hyper 212 3DHP ARGB CPU Air Cooler Black,COOLING,11.0,15345.0,0.0,0.0,15345.0,1395.0
2026-05,10858,DarkFlash E400 Plus Matrix Display CPU Air Cooler White,COOLING,13.0,21450.0,0.0,0.0,21450.0,1650.0
2026-05,10930,CoolerMaster MasterLiquid 240L Core Liquid Cooling Black,COOLING,14.0,51800.0,0.0,0.0,51800.0,3700.0
2026-05,10966,CoolerMaster V4 Alpha 3DHP CPU Air Cooler Black,COOLING,8.0,15160.0,0.0,0.0,15160.0,1895.0
2026-05,10990,BeQuiet Silent Wings 4 (BL094) 120mm PWM High Speed Single Chassis Fan Black,COOLING,12.0,14400.0,0.0,0.0,14400.0,1200.0
2026-05,11005,Asus AR120 ARGB PWM Single Chassis Fan Black,COOLING,16.0,2400.0,0.0,0.0,2400.0,150.0
2026-05,11159,Jungle Leopard Chill Arc 360mm ARGB Liquid Cooling Black,COOLING,9.0,98550.0,0.0,0.0,98550.0,10950.0
2026-05,11160,Jungle Leopard Chill Arc 360mm ARGB Liquid Cooling White,COOLING,8.0,90360.0,0.0,0.0,90360.0,11295.0
2026-05,11216,CoolerMaster MasterLiquid Core Nex 360 ARGB CPU Liquid Cooler Black,COOLING,12.0,53400.0,0.0,0.0,53400.0,4450.0
2026-05,6174,Deepcool TW-003 CPU Air Cooler,COOLING,9.0,3600.0,0.0,0.0,3600.0,400.0
2026-05,7,AMD Stock Heatsink Fan,COOLING,12.0,1680.0,0.0,0.0,1680.0,140.0
2026-05,7501,DarkFlash DM12 F Single ARGB Chassis Fan Black,COOLING,3.0,705.0,0.0,0.0,705.0,235.0
2026-05,7502,DarkFlash DM12 F Single ARGB Chassis Fan White,COOLING,11.0,3135.0,0.0,0.0,3135.0,285.0
2026-05,7505,DarkFlash Infinity24 Single ARGB Chassis Fan Black,COOLING,9.0,2565.0,0.0,0.0,2565.0,285.0
2026-05,9737,MSI MAG Coreliquid A13 240 CPU Liquid Cooler Black,COOLING,6.0,21900.0,0.0,0.0,21900.0,3650.0
2026-05,9835,MSI MAG Coreliquid A13 360 CPU Liquid Cooler Black,COOLING,13.0,55640.0,0.0,0.0,55640.0,4280.0
2026-05,9836,MSI MAG Coreliquid A13 360 CPU Liquid Cooler White,COOLING,18.0,74520.0,0.0,0.0,74520.0,4140.0
2026-05,10425,"ViewSonic VA24G1-H 24"" FHD 144Hz IPS Monitor",DISPLAY,10.0,41500.0,0.0,0.0,41500.0,4150.0
2026-05,10540,"ASUS ROG Strix XG27ACMES 27"" QHD 255Hz-OC Fast IPS Monitor",DISPLAY,8.0,127960.0,0.0,0.0,127960.0,15995.0
2026-05,10711,"ASUS TUF Gaming Series 5 VG259QMR5A 24.5"" FHD 310Hz(OC) Fast-IPS Monitor",DISPLAY,9.0,85455.0,0.0,0.0,85455.0,9495.0
2026-05,10836,"AOC 24G11ZE 23.8"" 240Hz OC FHD Fast IPS Monitor",DISPLAY,7.0,46165.0,0.0,0.0,46165.0,6595.0
2026-05,10918,"Philips 24E2G2200 23.8"" 144Hz IPS FHD Monitor",DISPLAY,13.0,54535.0,0.0,0.0,54535.0,4195.0
2026-05,10919,"Philips 27E2G2200 27"" 144Hz IPS FHD Monitor",DISPLAY,7.0,41965.0,0.0,0.0,41965.0,5995.0
2026-05,10940,"MSI MAG 245F X24 23.8"" 240Hz FHD Rapid IPS Monitor",DISPLAY,5.0,32250.0,0.0,0.0,32250.0,6450.0
2026-05,10941,"MSI MAG 272F X24 27"" 240Hz FHD Rapid IPS Monitor",DISPLAY,9.0,80550.0,0.0,0.0,80550.0,8950.0
2026-05,11074,"AOC 24B36XE 23.8"" FHD 144Hz IPS Monitor",DISPLAY,4.0,17000.0,0.0,0.0,17000.0,4250.0
2026-05,11127,"Nvision N2455GT-B 23.8"" FHD 144Hz IPS Monitor",DISPLAY,14.0,55300.0,0.0,0.0,55300.0,3950.0
2026-05,11151,"MSI MAG 275QF E20 27"" WQHD 200Hz Rapid IPS Monitor",DISPLAY,6.0,69000.0,0.0,0.0,69000.0,11500.0
2026-05,11208,"Gamdias Atlas HD24IF IV 23.8"" 240Hz FHD Fast IPS Monitor Black",DISPLAY,2.0,11740.0,0.0,0.0,11740.0,5870.0
2026-05,11258,"AOC Q27G4SL/WS 27"" QHD 320Hz Fast IPS HDR 400 Monitor",DISPLAY,6.0,82800.0,0.0,0.0,82800.0,13800.0
2026-05,11472,"MSI PRO MP251 E14L 24.5"" 144HZ FHD IPS Monitor",DISPLAY,7.0,30275.0,0.0,0.0,30275.0,4325.0
2026-05,11473,"Asus TUF Gaming VG259QM5A 24.5"" 240Hz IPS Gaming Monitor",DISPLAY,8.0,63160.0,0.0,0.0,63160.0,7895.0
2026-05,11528,"LG 24U411A-B 23.8"" 120Hz FHD IPS Monitor",DISPLAY,3.0,10950.0,0.0,0.0,10950.0,3650.0
2026-05,7785,Nvision N190V8 19' LED Monitor,DISPLAY,7.0,11900.0,0.0,0.0,11900.0,1700.0
2026-05,7786,"Nvision N200V8 20"" LED Monitor",DISPLAY,8.0,13720.0,0.0,0.0,13720.0,1715.0
2026-05,8060,"Nvision H22V8 21.5"" LED Monitor",DISPLAY,7.0,15680.0,0.0,0.0,15680.0,2240.0
2026-05,9904,"Viewsonic VX2479A-HD-PRO 24"" 240Hz FHD 1MS MPRT IPS HDR10 Gaming Monitor",DISPLAY,4.0,25320.0,0.0,0.0,25320.0,6330.0
2026-05,11003,RAKK SUKOG LITE 800x400x3mm Mousepad Black,GAMING SURFACE,17.0,3230.0,0.0,0.0,3230.0,190.0
2026-05,10053,ASUS Dual Nvidia Geforce RTX 3050 OC Edition (DUAL-RTX3050-O6G) 6GB 96-bit GDRR6 Videocard,GRAPHIC CARD,5.0,72250.0,0.0,0.0,72250.0,14450.0
2026-05,10072,MSI Nvidia GeForce RTX 5060 VENTUS 2X OC (G5060-8V2C) 8GB 128-bit GDDR7 Videocard,GRAPHIC CARD,5.0,122500.0,0.0,0.0,122500.0,24500.0
2026-05,10080,Gigabyte Nvidia GeForce RTX 5060 AERO OC (GV-N5060AERO-OC-8GD) 8GB 128-bit GDDR7 Videocard,GRAPHIC CARD,6.0,154500.0,0.0,0.0,154500.0,25750.0
2026-05,10152,MSI GeForce RTX 5070 Ti VENTUS 3X OC (G507T-16V3C) 16GB 256-bit GDDR7 Videocard,GRAPHIC CARD,13.0,857350.0,0.0,0.0,857350.0,65950.0
2026-05,10155,ASUS DUAL GeForce RTX 5060 (DUAL-RTX5060-8G) 8GB 128-bit GDDR7 Videocard,GRAPHIC CARD,11.0,274450.0,0.0,0.0,274450.0,24950.0
2026-05,10206,ASUS Dual RX 7600 EVO OC Edition DUAL-RX7600-O8G-EVO 8GB 128-bit GDDR6 Videocard,GRAPHIC CARD,5.0,114750.0,0.0,0.0,114750.0,22950.0
2026-05,10207,ASUS Prime AMD Radeon RX 9060 XT OC (PRIME-RX9060XT-O16G) 16GB 128-Bit GDDR6 Videocard,GRAPHIC CARD,7.0,244650.0,0.0,0.0,244650.0,34950.0
2026-05,10225,MSI Nvidia GeForce RTX 5060 SHADOW 2X OC (G5060-8S2C) 8GB 128-bit GDDR7 Videocard,GRAPHIC CARD,6.0,149700.0,0.0,0.0,149700.0,24950.0
2026-05,10660,MSI Nvidia GeForce RTX 5050 VENTUS 2X OC (G5050-8V2C) 128-bit GDDR6 Videocard,GRAPHIC CARD,9.0,179550.0,0.0,0.0,179550.0,19950.0
2026-05,11557,ASUS DUAL Nvidia GeForce RTX 5060 Ti OC Edition (DUAL-RTX5060TI-O8G) 8GB 128-bit GDDR7 Videocard,GRAPHIC CARD,17.0,492150.0,0.0,0.0,492150.0,28950.0
2026-05,11591,MSI GeForce RTX 5060 Ventus 2X OC v1 (G5060-8V2CV1) 8GB 128-bit GDDR7 Videocard,GRAPHIC CARD,9.0,230850.0,0.0,0.0,230850.0,25650.0
2026-05,11636,Colorful Nvidia GeForce RTX 3050 6GB V4-V 96-bit GDDR6 Videocard,GRAPHIC CARD,6.0,73500.0,0.0,0.0,73500.0,12250.0
2026-05,8396,MSI GEFORCE RTX 3050 VENTUS 2X OC 6GB 96-bit DDR6 Videocard,GRAPHIC CARD,16.0,227200.0,0.0,0.0,227200.0,14200.0
2026-05,9396,Biostar Rx 580 VA5815RQ82 Dual Cooling Fan 8gb 256bit GDdr5 Gaming Videocard,GRAPHIC CARD,11.0,87450.0,0.0,0.0,87450.0,7950.0
2026-05,9883,Asus Prime AMD Radeon RX 9070 OC (PRIME-RX9070-O16G) 16GB 256-Bit GDDR6 Videocard,GRAPHIC CARD,5.0,239750.0,0.0,0.0,239750.0,47950.0
2026-05,9967,MSI Nvidia GeForce RTX 5070 VENTUS 2X OC 12GB 192-bit GDDR7 Videocard,GRAPHIC CARD,2.0,93900.0,0.0,0.0,93900.0,46950.0
2026-05,160,Seagate 1tb ST1000DM010 Harddisk Drive,HARD DISK,1.0,3450.0,0.0,0.0,3450.0,3450.0
2026-05,11573,Aula S75 Pro RGB Gaming Mechanical Wireless Tri-Mode Keyboard Gradient Pink,KEYBOARD,19.0,46550.0,0.0,0.0,46550.0,2450.0
2026-05,4285,Fantech MAXPOWER MK853 Mechanical Gaming Keyboard White - BLUE Switch,KEYBOARD,22.0,32560.0,0.0,0.0,32560.0,1480.0
2026-05,9998,"Gigabyte Gaming A16 CMHH2PH893SH 16.0"" WUXGA 165Hz Intel Core i5-13420H/16GB DDR5/512GB 2x M.2 SSD/ RTX 4050 6GB/Win11Laptop",LAPTOP GA2,4.0,251980.0,0.0,0.0,251980.0,62995.0
2026-05,10205,"Gigabyte Gaming A16 CTHI3PH893SH 16.0"" WUXGA 165Hz Intel Core i7-13620H/16GB DDR5/512GB  2x M.2 SSD/RTX 5050 8GD7/Win11 Laptop",LAPTOP GA3,1.0,68995.0,0.0,0.0,68995.0,68995.0
2026-05,11552,"Asus Vivobook Go 15 E1504FA-BQ5585WSM 15.6""FHD IPS Ryzen 5-40/8GB LPDDR5/512GB M.2 NVMe PCIe 3.0 SSD/Win11 Laptop + HS M365",LAPTOP PR2,2.0,79990.0,0.0,0.0,79990.0,39995.0
2026-05,11583,"MSI Modern 14 F3HMG-039PHNN 14.0""FHD IPS Ryzen™ AI 5 330/8GB DDR5-5600/512GB*1 NVMe SSD PCIe Gen4/Win11 Laptop + OFC + Laptop Bag",LAPTOP PR2,1.0,47795.0,0.0,0.0,47795.0,47795.0
2026-05,11461,"MSI Modern 14 F1MG-887PHNN 14.0""FHD IPS Intel Core 7 150U/8GB+8GB DDR4-3200/512GB*1 NVMe SSD PCIe Gen4/Win11 Laptop + OFC + Laptop Bag",LAPTOP PR3,1.0,53995.0,0.0,0.0,53995.0,53995.0
2026-05,11527,"Lenovo V15 G4 ABP 15.6"" FHD Ryzen 7-7730U/8GB DDR4/512GB NVMe SSD/Win11 Pro Laptop SE",LAPTOP PR3,1.0,39995.0,0.0,0.0,39995.0,39995.0
2026-05,11550,"Lenovo V15 G5 IRL 15.6"" Intel Core i5-13420H/16GB DDR5/512GB SSD Laptop/Win11 Laptop SE + Laptop Bag",LAPTOP PR3,3.0,134985.0,0.0,0.0,134985.0,44995.0
2026-05,10286,Lexar LD5S16G56C46ST-BGS 16GB 5600Mhz DDR5 Sodimm Memory,MEMORY,17.0,265200.0,0.0,0.0,265200.0,15600.0
2026-05,10789,Teamgroup Vulcan 16GB 8GBx2 6000Mhz CL38 DDR5 Memory,MEMORY,10.0,145000.0,0.0,0.0,145000.0,14500.0
2026-05,10905,Lexar Ares 8GB LD4U08G32C16LA-RGS 3200Mhz DDR4 RGB Memory Black,MEMORY,16.0,68000.0,0.0,0.0,68000.0,4250.0
2026-05,11052,Biostar Storming V 8GB 3200Mhz DDR4 Memory,MEMORY,28.0,116200.0,0.0,0.0,116200.0,4150.0
2026-05,11185,Crucial 16GB CT16G4SFRA32A 3200Mhz DDR4 Sodimm,MEMORY,3.0,24750.0,0.0,0.0,24750.0,8250.0
2026-05,11327,HKC PC 16gb 3200mhz DDR4 with Heatsink Memory Black,MEMORY,17.0,105315.0,0.0,0.0,105315.0,6195.0
2026-05,11444,FASPEED 8GB 3200Mhz DDR4 with Heatsink Memory,MEMORY,18.0,56700.0,0.0,0.0,56700.0,3150.0
2026-05,11450,HKC PC 8gb 3200mhz DDR4 with Heatsink Memory Black,MEMORY,12.0,41400.0,0.0,0.0,41400.0,3450.0
2026-05,11548,Hiksemi Future 16GB (16x1) HSC516U56C2 5600Mhz CL38 DDR5 Memory Black,MEMORY,12.0,179940.0,0.0,0.0,179940.0,14995.0
2026-05,1372,Ramsta 4gb 1x4 2666mhz Ddr4 Memory,MEMORY,11.0,5500.0,0.0,0.0,5500.0,500.0
2026-05,2489,Ramsta 4gb 1x4 2666mhz Ddr4 Sodimm Memory,MEMORY,18.0,7200.0,0.0,0.0,7200.0,400.0
2026-05,3150,Team Elite TForce Delta 16gb 2x8 3600mhz Ddr4 RGB Memory Black,MEMORY,12.0,109800.0,0.0,0.0,109800.0,9150.0
2026-05,3151,Team Elite TForce Delta 16gb 2x8 3600mhz Ddr4 RGB Memory White,MEMORY,11.0,100650.0,0.0,0.0,100650.0,9150.0
2026-05,4055,Team Elite Plus 8gb 1x8 3200Mhz Ddr4 Memory Black Gold,MEMORY,8.0,38000.0,0.0,0.0,38000.0,4750.0
2026-05,9324,KINGBANK 16GB 1x16 3200mhz DDR4 with Heatsink Memory Silver,MEMORY,21.0,156450.0,0.0,0.0,156450.0,7450.0
2026-05,11579,Y5Plus Intel Core i7 4650U / 8GB DDr3 / 128GB SSD / WIFI 5 DUAL / 4* USB 3.0 / 2* HDMI 2.0 / 1* RJ45 1000Mbps / 1* Type-C / Windows 11 Pro Mini PC,MINI PC,4.0,39800.0,0.0,0.0,39800.0,9950.0
2026-05,10295,Asus B650M-AYW Wifi DDR5 AMD Motherboard,MOTHERBOARD,5.0,36475.0,0.0,0.0,36475.0,7295.0
2026-05,10296,Asus Prime A520M-K/CSM AM4 AMD Motherboard,MOTHERBOARD,12.0,39540.0,0.0,0.0,39540.0,3295.0
2026-05,10647,ASUS PRIME B850M-A WIFI-CSM Socket AM5 DDR5 Motherboard,MOTHERBOARD,14.0,160930.0,0.0,0.0,160930.0,11495.0
2026-05,10675,MSI B650M GAMING WIFI AM5 DDR5 Motherboard,MOTHERBOARD,16.0,118320.0,0.0,0.0,118320.0,7395.0
2026-05,11556,Gigabyte B550M-K Socket Am4 Ddr4 Motherboard,MOTHERBOARD,15.0,74250.0,0.0,0.0,74250.0,4950.0
2026-05,11558,Asus B760M-AYW WIFI Socket LGA 1700 Ddr4 Motherboard,MOTHERBOARD,9.0,84150.0,0.0,0.0,84150.0,9350.0
2026-05,11593,Gigabyte B860M GAMING X WIFI6E LGA1851 Socket Ddr5 Motherboard,MOTHERBOARD,4.0,48380.0,0.0,0.0,48380.0,12095.0
2026-05,2756,MSI B550M Pro VDH Wifi Socket Am4 Ddr4 Motherboard,MOTHERBOARD,16.0,101600.0,0.0,0.0,101600.0,6350.0
2026-05,3367,MSI A520m-A Pro Socket Am4 Ddr4 Motherboard,MOTHERBOARD,11.0,35750.0,0.0,0.0,35750.0,3250.0
2026-05,4492,Asus Prime B550M-A Wifi II Socket Am4 Ddr4 Gaming Motherboard,MOTHERBOARD,11.0,70950.0,0.0,0.0,70950.0,6450.0
2026-05,7615,MSI B650M Project zero socket LGA AM5 DDR5 Motherboard,MOTHERBOARD,4.0,51400.0,0.0,0.0,51400.0,12850.0
2026-05,8617,Asrock A520M-HVS Socket Am4 DDR4 Motherboard,MOTHERBOARD,18.0,56700.0,0.0,0.0,56700.0,3150.0
2026-05,9385,Biostar A520MHP Socket Am4 DDR4 Motherboard,MOTHERBOARD,11.0,31845.0,0.0,0.0,31845.0,2895.0
2026-05,9759,MSI PRO X870-P WIFI Ddr5 AM5 Motherboard,MOTHERBOARD,9.0,161550.0,0.0,0.0,161550.0,17950.0
2026-05,9879,MSI B550M-A PRO Socket Am4 Ddr4 Motherboard,MOTHERBOARD,7.0,32550.0,0.0,0.0,32550.0,4650.0
2026-05,9970,Asus Prime B550M-K ARGB Socket Am4 Ddr4 Motherboard,MOTHERBOARD,7.0,33950.0,0.0,0.0,33950.0,4850.0
2026-05,10488,RAKK DASIG X3 Ambidextrous Hotswap Trimode PAW3311 Huano 80M RGB Gaming Mouse Black,MOUSE,9.0,8955.0,0.0,0.0,8955.0,995.0
2026-05,10489,RAKK DASIG X3 Ambidextrous Hotswap Trimode PAW3311 Huano 80M RGB Gaming Mouse White,MOUSE,4.0,3980.0,0.0,0.0,3980.0,995.0
2026-05,10776,RAKK TALAN AERO X PAW3395 8K Polling Omron Optical Trimode Lightweight 55g Gaming Mouse Black,MOUSE,5.0,10975.0,0.0,0.0,10975.0,2195.0
2026-05,10994,Logitech G 502X Wired Gaming Mouse White,MOUSE,9.0,27855.0,0.0,0.0,27855.0,3095.0
2026-05,3513,Logitech G102 Lightsync Gaming Mouse Black,MOUSE,4.0,3720.0,0.0,0.0,3720.0,930.0
2026-05,3700,Logitech G102 Lightsync Gaming Mouse White,MOUSE,4.0,3720.0,0.0,0.0,3720.0,930.0
2026-05,9299,RAKK DASIG LITE Huano Switch RGB Gaming Mouse,MOUSE,3.0,840.0,0.0,0.0,840.0,280.0
2026-05,11172,DITO Home WoWFi Lite 4G WiFi Router,NETWORK DEVICE,4.0,3920.0,0.0,0.0,3920.0,980.0
2026-05,11173,DITO Home WoWFi Pro 5G WiFi Router,NETWORK DEVICE,2.0,2980.0,0.0,0.0,2980.0,1490.0
2026-05,11356,TP-Link Archer BE220 Dual Band Wi-Fi 7 Router,NETWORK DEVICE,4.0,9000.0,0.0,0.0,9000.0,2250.0
2026-05,11460,ASUS RT-BE50 BE3600 Dual Band WiFi 7 Router,NETWORK DEVICE,2.0,5990.0,0.0,0.0,5990.0,2995.0
2026-05,130,Tp-Link TL-WA901ND Wireless N Access Point,NETWORK DEVICE,3.0,5682.0,0.0,0.0,5682.0,1894.0
2026-05,10146,MSI PANO 110R PZ Mid Tower Gaming PC Case Black,PC CASE,12.0,50400.0,0.0,0.0,50400.0,4200.0
2026-05,10518,NZXT H6 Flow CC-H61FW-01 Tempered Glass ATX PC Case White,PC CASE,12.0,52200.0,0.0,0.0,52200.0,4350.0
2026-05,10519,NZXT H7 Flow (2024) CM-H72FW-01 ATX PC Case White,PC CASE,8.0,37200.0,0.0,0.0,37200.0,4650.0
2026-05,10520,NZXT H7 Flow RGB (2024) CM-H72FB-R1 ATX PC Case Black,PC CASE,7.0,30450.0,0.0,0.0,30450.0,4350.0
2026-05,10668,CoolerMaster Elite 302 ARGB Micro ATX PC Case Black,PC CASE,7.0,20965.0,0.0,0.0,20965.0,2995.0
2026-05,10808,MSI PAG PANO M110A ARGB Micro ATX PC Case Black,PC CASE,8.0,19600.0,0.0,0.0,19600.0,2450.0
2026-05,10828,DarkFlash Floatron F1 Micro ATX PC Case Black & White,PC CASE,3.0,11985.0,0.0,0.0,11985.0,3995.0
2026-05,10928,CoolerMaster Qube 540 Moonstone ATX PC Case,PC CASE,4.0,15980.0,0.0,0.0,15980.0,3995.0
2026-05,10963,CoolerMaster Elite 600 ARGB ATX Mid Tower PC Case Black,PC CASE,9.0,48150.0,0.0,0.0,48150.0,5350.0
2026-05,10972,Asus A31 Tempered Glass Mid Tower ATX PC Case White,PC CASE,10.0,34000.0,0.0,0.0,34000.0,3400.0
2026-05,11002,RAKK TANAN MATX Tempered Glass with PSU and Fans,PC CASE,5.0,6475.0,0.0,0.0,6475.0,1295.0
2026-05,11068,DarkFlash M305 with 3 RGB Fan Micro ATX Tempered Glass Gaming PC Case Black,PC CASE,10.0,13950.0,0.0,0.0,13950.0,1395.0
2026-05,11102,YGT Mars 9 Micro ATX PC Case with PSU Black,PC CASE,9.0,7155.0,0.0,0.0,7155.0,795.0
2026-05,11131,Asus A21 Tempered Glass Micro ATX PC Case Black,PC CASE,13.0,38935.0,0.0,0.0,38935.0,2995.0
2026-05,11306,Gamdias Aura GC10 v2 ARGB Dual Chamber Micro ATX PC Case Black,PC CASE,5.0,12475.0,0.0,0.0,12475.0,2495.0
2026-05,11406,Cougar MX110 RGB Mid Tower Tempered Glass ATX PC Case Black,PC CASE,7.0,16450.0,0.0,0.0,16450.0,2350.0
2026-05,11546,YGT 420B Micro ATX PC Case Black,PC CASE,9.0,11250.0,0.0,0.0,11250.0,1250.0
2026-05,6579,InPlay Wind 01 Acrylic Side Panel Micro ATX PC Case,PC CASE,2.0,0.0,0.0,0.0,0.0,0.0
2026-05,7367,MSI MAG Forge M100A Auto RGB Micro ATX PC Case Black,PC CASE,7.0,15330.0,0.0,0.0,15330.0,2190.0
2026-05,9897,YGT V100 Micro ATX PC Case with PSU White,PC CASE,6.0,5340.0,0.0,0.0,5340.0,890.0
2026-05,9973,MSI MAG PANO 100R Project Zero Micro ATX PC Case Black,PC CASE,16.0,106400.0,0.0,0.0,106400.0,6650.0
2026-05,10052,Asus Prime 650W 80+ Bronze Power Supply,POWER SUPPLY,6.0,21900.0,0.0,0.0,21900.0,3650.0
2026-05,10208,Asus Prime AP-850W 80+ Gold Full Modular Power Supply,POWER SUPPLY,15.0,112425.0,0.0,0.0,112425.0,7495.0
2026-05,10376,ASRock Pro-650B 650W 80+ Bronze Non-Modular ATX 3.1 Power Supply,POWER SUPPLY,12.0,31800.0,0.0,0.0,31800.0,2650.0
2026-05,10679,ASRock Steel Legend SL-1000G 1000W 80+ Gold Cybenetics Gold ATX 3.1 Full Modular Power Supply,POWER SUPPLY,10.0,94500.0,0.0,0.0,94500.0,9450.0
2026-05,11266,Acer AC-500 500W Non-Modular 80+ Bronze Power Supply Black,POWER SUPPLY,9.0,11250.0,0.0,0.0,11250.0,1250.0
2026-05,11267,Acer AC-650 650W Non-Modular 80+ Bronze Power Supply Black,POWER SUPPLY,15.0,26835.0,0.0,0.0,26835.0,1789.0
2026-05,11332,Acer AC-750 750W Non-Modular 80+ Bronze Power Supply Black,POWER SUPPLY,10.0,21000.0,0.0,0.0,21000.0,2100.0
2026-05,176,Intelligent 700 watts Power Supply,POWER SUPPLY,18.0,8100.0,0.0,0.0,8100.0,450.0
2026-05,4079,MSI MAG A650BN 650Watts 80+ Non-Modular Power Supply Bronze,POWER SUPPLY,9.0,29655.0,0.0,0.0,29655.0,3295.0
2026-05,4080,MSI MAG A550BN 550Watts 80+ Non-Modular Power Supply Bronze,POWER SUPPLY,7.0,19985.0,0.0,0.0,19985.0,2855.0
2026-05,6242,MSI MAG A600DN 600W 80+ Power Supply,POWER SUPPLY,8.0,22120.0,0.0,0.0,22120.0,2765.0
2026-05,7838,MSI MAG A850GL 850Watts PCIE5 80+ Full Modular Power Supply Gold Black,POWER SUPPLY,16.0,115680.0,0.0,0.0,115680.0,7230.0
2026-05,8542,Acer AC-550 550w Full Modular 80plus Bronze Power Supply,POWER SUPPLY,16.0,22960.0,0.0,0.0,22960.0,1435.0
2026-05,8543,Acer AC-650 650w Full Modular  80plus Bronze Power Supply,POWER SUPPLY,14.0,28770.0,0.0,0.0,28770.0,2055.0
2026-05,9703,CoolerMaster MWE 650W V3 (MPE-6501-ACABW-3BUS) 80+ Bronze ATX 3.1 Power Supply,POWER SUPPLY,4.0,15240.0,0.0,0.0,15240.0,3810.0
2026-05,9938,CoolerMaster MWE 750W V3 (MPE-7501-ACABW-3BUS) 80+ Bronze ATX 3.1 Power Supply,POWER SUPPLY,6.0,25908.0,0.0,0.0,25908.0,4318.0
2026-05,11598,Epson L3310 Multi Functional Integrated Ink Tank Printer,PRINTER AND SCANNER,1.0,9050.0,0.0,0.0,9050.0,9050.0
2026-05,11599,Epson L3350 Wi-Fi Multi Functional Integrated Ink Tank Printer,PRINTER AND SCANNER,1.0,10530.0,0.0,0.0,10530.0,10530.0
2026-05,2008,Canon Pixma TS207 Printer Inkjet,PRINTER AND SCANNER,3.0,6690.0,0.0,0.0,6690.0,2230.0
2026-05,10057,AMD Ryzen 9 9900X 4.4GHz AM5 Socket DDR5 Processor TTP,PROCESSOR,7.0,174650.0,0.0,0.0,174650.0,24950.0
2026-05,10102,AMD Ryzen 7 7700 Socket AM5 3.8GHz Processor MPK,PROCESSOR,6.0,71700.0,0.0,0.0,71700.0,11950.0
2026-05,10110,AMD Ryzen 5 5500GT 3.6GHz AM4 Socket DDR4 Processor MPK,PROCESSOR,14.0,113330.0,0.0,0.0,113330.0,8095.0
2026-05,10911,Intel Core i9-14900K Raptor Lake Socket LGA 1700 3.20GHz Processor MPK,PROCESSOR,22.0,702900.0,0.0,0.0,702900.0,31950.0
2026-05,10938,AMD Ryzen 5 8400F 4.2GHz AM5 Socket DDR5 Processor MPK,PROCESSOR,6.0,53700.0,0.0,0.0,53700.0,8950.0
2026-05,11064,AMD Ryzen 5 3400g 3.7ghz AM4 Socket DDR4 Processor MPK,PROCESSOR,6.0,22770.0,0.0,0.0,22770.0,3795.0
2026-05,11065,AMD Ryzen 7 8700F 4.1ghz AM5 Socket DDR5 Processor MPK,PROCESSOR,13.0,122850.0,0.0,0.0,122850.0,9450.0
2026-05,11592,Intel Core Ultra 7 processor 270K Plus LGA 1851 5.5Ghz Processor,PROCESSOR,5.0,104750.0,0.0,0.0,104750.0,20950.0
2026-05,4513,AMD Ryzen 5 5600X Socket AM4 3.7GHz Processor with Wraith Stealth Cooler MPK,PROCESSOR,7.0,62650.0,0.0,0.0,62650.0,8950.0
2026-05,5640,AMD Ryzen 5 5500 Socket Am4 3.6GHz Processor with AMD wraith cooler MPK,PROCESSOR,11.0,57200.0,0.0,0.0,57200.0,5200.0
2026-05,5663,AMD Ryzen 5 5600 Socket Am4 3.5GHz Processor with Wraith stealth cooler MPK,PROCESSOR,5.0,36000.0,0.0,0.0,36000.0,7200.0
2026-05,7098,AMD Ryzen 7 5700G Socket Am4 3.8GHz with Radeon Vega 8 wraith stealth cooler Processor MPK,PROCESSOR,11.0,134750.0,0.0,0.0,134750.0,12250.0
2026-05,7929,AMD Ryzen 7 5700X Socket AM4 3.4GHz Processor with AMD Wraith Stealth cooler MPK,PROCESSOR,15.0,149250.0,0.0,0.0,149250.0,9950.0
2026-05,8432,AMD Ryzen 3 3200g PRO Socket Am4 3.6ghz with Radeon Vega 8 Processor MPK,PROCESSOR,14.0,47530.0,0.0,0.0,47530.0,3395.0
2026-05,9608,AMD RYZEN 7 7800X3D Socket AM5 D5 5.0ghz with Radeon Graphics processor TTP,PROCESSOR,6.0,110700.0,0.0,0.0,110700.0,18450.0
2026-05,9614,AMD RYZEN 7 9800X3D Socket AM5 D5 5.2ghz with Radeon Graphics processor,PROCESSOR,17.0,475150.0,0.0,0.0,475150.0,27950.0
2026-05,9776,AMD Ryzen 5 5600GT 3.6GHz AM4 Socket DDR4 Processor MPK,PROCESSOR,10.0,91950.0,0.0,0.0,91950.0,9195.0
2026-05,9841,Intel Core i5-14400 4.7GHz LGA 1700 Processor MPK,PROCESSOR,5.0,59750.0,0.0,0.0,59750.0,11950.0
2026-05,10697,Lexar NQ100 256GB Solid State Drive SATA 2.5,SOLID STATE DRIVE,11.0,43945.0,0.0,0.0,43945.0,3995.0
2026-05,10797,Lexar NM620 1TB M.2 NVME Solid State Drive,SOLID STATE DRIVE,14.0,113400.0,0.0,0.0,113400.0,8100.0
2026-05,10804,Team Group MP33 512GB M.2 PCIe Gen3.0 x4 NVME 1.3 Solid State Drive,SOLID STATE DRIVE,20.0,125000.0,0.0,0.0,125000.0,6250.0
2026-05,11148,Teamgroup T-Force GA Pro 1TB NVMe M.2 Gen 5 Solid State Drive,SOLID STATE DRIVE,18.0,195300.0,0.0,0.0,195300.0,10850.0
2026-05,11152,Hiksemi Wave S 256B SATA 2.5 Solid State Drive,SOLID STATE DRIVE,23.0,77050.0,0.0,0.0,77050.0,3350.0
2026-05,11269,Hiksemi Wave P 256GB PCIE Gen3 M.2 Solid State Drive,SOLID STATE DRIVE,11.0,38445.0,0.0,0.0,38445.0,3495.0
2026-05,11323,ESGaming 512GB SATA 2.5 Solid State Drive,SOLID STATE DRIVE,20.0,87900.0,0.0,0.0,87900.0,4395.0
2026-05,11577,Apacer AS2280P4 512GB PCIe Gen 3x4 M.2 NVMe Solid State Drive,SOLID STATE DRIVE,9.0,47655.0,0.0,0.0,47655.0,5295.0
2026-05,1681,Team Group GX2 Solid State Drive 256gb SATA 2.5,SOLID STATE DRIVE,14.0,48300.0,0.0,0.0,48300.0,3450.0
2026-05,1909,Lexar NS10 Lite Solid State Drive 120gb SATA 2.5,SOLID STATE DRIVE,21.0,30450.0,0.0,0.0,30450.0,1450.0
2026-05,6856,Team Group MP33 256GB M.2 PCIe NVME Solid State Drive,SOLID STATE DRIVE,23.0,77050.0,0.0,0.0,77050.0,3350.0
2026-05,6936,Adata SU650 Solid State Drive 512GB SATA 2.5,SOLID STATE DRIVE,14.0,69930.0,0.0,0.0,69930.0,4995.0
2026-05,10856,Edifier ES20 Portable Bluetooth Speaker Ivory,SPEAKER,1.0,1685.0,0.0,0.0,1685.0,1685.0
2026-05,10870,InPlay MS002 Mini Speaker Black,SPEAKER,1.0,210.0,0.0,0.0,210.0,210.0
2026-05,422,Edifier M1250 Usb Powered 2.0 Speaker,SPEAKER,1.0,650.0,0.0,0.0,650.0,650.0
2026-05,503,Edifier R12U Usb Powered Speaker Black,SPEAKER,1.0,950.0,0.0,0.0,950.0,950.0
2026-05,2991,APC Back-Ups BVX650I-PH 360 Watts 650va with Avr Universal Sockets Ups,UPS & AVR,7.0,15400.0,0.0,0.0,15400.0,2200.0
2026-05,36,Secure 220v Avr,UPS & AVR,7.0,1750.0,0.0,0.0,1750.0,250.0
2026-05,454,Secure 650va Ups,UPS & AVR,9.0,13050.0,0.0,0.0,13050.0,1450.0
2026-06,6252,RAKK SINAG98 Polycarbonate Case,ACCESSORIES,1.0,1.0,0.0,0.0,1.0,1.0
2026-06,645,PwS03+ External Power Switch and Usb Hub Desktop,ACCESSORIES,1.0,50.0,0.0,0.0,50.0,50.0
2026-06,7374,RAKK PRIYO Cushion Foam Pair,ACCESSORIES,1.0,1.0,0.0,0.0,1.0,1.0
2026-06,10653,RAKK Matik USB Gaming Headset LED Illuminated,AUDIO,4.0,1260.0,0.0,0.0,1260.0,315.0
2026-06,10952,EPOS Sennheiser Impact SC 260 ED Headset,AUDIO,5.0,6600.0,0.0,0.0,6600.0,1320.0
2026-06,10991,Logitech G PRO X Wired 7.1 Gaming Headset,AUDIO,4.0,18200.0,0.0,0.0,18200.0,4550.0
2026-06,10993,Logitech G PRO X Wired 7.1 Gaming Headset (League of Legends Edition),AUDIO,8.0,36400.0,0.0,0.0,36400.0,4550.0
2026-06,11507,Accutone UB210 Noise Cancelling Headset Black,AUDIO,4.0,6200.0,0.0,0.0,6200.0,1550.0
2026-06,11508,Accutone Sonar 280 Wireless & Wired Noise Cancelling Headset Black,AUDIO,2.0,4120.0,0.0,0.0,4120.0,2060.0
2026-06,11509,Accutone Converse 95 Noise Cancelling Headset Black,AUDIO,6.0,13920.0,0.0,0.0,13920.0,2320.0
2026-06,11510,Accutone Nexus 2000 MagSafe Speaker Blue,AUDIO,1.0,1250.0,0.0,0.0,1250.0,1250.0
2026-06,11511,Accutone Nexus 2000 MagSafe Speaker Gray,AUDIO,4.0,5000.0,0.0,0.0,5000.0,1250.0
2026-06,11512,Accutone Nexus 2000 MagSafe Speaker Pink,AUDIO,3.0,3750.0,0.0,0.0,3750.0,1250.0
2026-06,11612,Accutone UB101 Stereo USB Headset Black,AUDIO,4.0,1380.0,0.0,0.0,1380.0,345.0
2026-06,7652,RAKK SONIDO 7.1 Virtual Surround RGB Gaming Headset USB Black,AUDIO,2.0,1990.0,0.0,0.0,1990.0,995.0
2026-06,8581,Edifier W820NB Plus Active Noice Cancellation Bluetooth Stereo Wireless Headset Ivory,AUDIO,2.0,3700.0,0.0,0.0,3700.0,1850.0
2026-06,7824,Hikvision E-HWID 2.8MM Eco-HiWatch 2.mm IR Dome E-HWID,CAMERA,4.0,5800.0,0.0,0.0,5800.0,1450.0
2026-06,78,A4Tech KRS-8572 Usb Keyboard and Mouse Black,COMBO,32.0,16320.0,0.0,0.0,16320.0,510.0
2026-06,9301,RAKK APTAS ILLUMINATED / Membrane Keyboard and Mouse / No software / Rainbow lighting / Black,COMBO,39.0,11115.0,0.0,0.0,11115.0,285.0
2026-06,10370,DarkFlash Infinity 34 3in1 ARGB Chassis Fan Black,COOLING,11.0,12650.0,0.0,0.0,12650.0,1150.0
2026-06,10373,DarkFlash Infinity 34 Single ARGB Chassis Fan White,COOLING,3.0,1260.0,0.0,0.0,1260.0,420.0
2026-06,10386,MSI MAG COREFROZR AA13 ARGB CPU Air Cooler black,COOLING,9.0,10755.0,0.0,0.0,10755.0,1195.0
2026-06,10590,YGT Cyber-120IFB 3in1 ARGB Chassis Fan Black,COOLING,11.0,6050.0,0.0,0.0,6050.0,550.0
2026-06,10743,NZXT F120 RGB Duo Triple Pack (RF-D12TF-W1) with RGB Controller Chassis Fan White,COOLING,13.0,19500.0,0.0,0.0,19500.0,1500.0
2026-06,10839,CoolerMaster Hyper 212 3DHP ARGB CPU Air Cooler Black,COOLING,10.0,13950.0,0.0,0.0,13950.0,1395.0
2026-06,10858,DarkFlash E400 Plus Matrix Display CPU Air Cooler White,COOLING,11.0,18150.0,0.0,0.0,18150.0,1650.0
2026-06,10930,CoolerMaster MasterLiquid 240L Core Liquid Cooling Black,COOLING,7.0,25900.0,0.0,0.0,25900.0,3700.0
2026-06,10966,CoolerMaster V4 Alpha 3DHP CPU Air Cooler Black,COOLING,9.0,17055.0,0.0,0.0,17055.0,1895.0
2026-06,10990,BeQuiet Silent Wings 4 (BL094) 120mm PWM High Speed Single Chassis Fan Black,COOLING,16.0,19200.0,0.0,0.0,19200.0,1200.0
2026-06,11005,Asus AR120 ARGB PWM Single Chassis Fan Black,COOLING,7.0,1050.0,0.0,0.0,1050.0,150.0
2026-06,11159,Jungle Leopard Chill Arc 360mm ARGB Liquid Cooling Black,COOLING,3.0,32850.0,0.0,0.0,32850.0,10950.0
2026-06,11160,Jungle Leopard Chill Arc 360mm ARGB Liquid Cooling White,COOLING,4.0,45180.0,0.0,0.0,45180.0,11295.0
2026-06,11216,CoolerMaster MasterLiquid Core Nex 360 ARGB CPU Liquid Cooler Black,COOLING,5.0,22250.0,0.0,0.0,22250.0,4450.0
2026-06,6174,Deepcool TW-003 CPU Air Cooler,COOLING,12.0,4800.0,0.0,0.0,4800.0,400.0
2026-06,7,AMD Stock Heatsink Fan,COOLING,8.0,1120.0,0.0,0.0,1120.0,140.0
2026-06,7501,DarkFlash DM12 F Single ARGB Chassis Fan Black,COOLING,14.0,3290.0,0.0,0.0,3290.0,235.0
2026-06,7502,DarkFlash DM12 F Single ARGB Chassis Fan White,COOLING,10.0,2850.0,0.0,0.0,2850.0,285.0
2026-06,7505,DarkFlash Infinity24 Single ARGB Chassis Fan Black,COOLING,6.0,1710.0,0.0,0.0,1710.0,285.0
2026-06,9737,MSI MAG Coreliquid A13 240 CPU Liquid Cooler Black,COOLING,5.0,18250.0,0.0,0.0,18250.0,3650.0
2026-06,9835,MSI MAG Coreliquid A13 360 CPU Liquid Cooler Black,COOLING,11.0,47080.0,0.0,0.0,47080.0,4280.0
2026-06,9836,MSI MAG Coreliquid A13 360 CPU Liquid Cooler White,COOLING,9.0,37260.0,0.0,0.0,37260.0,4140.0
2026-06,10425,"ViewSonic VA24G1-H 24"" FHD 144Hz IPS Monitor",DISPLAY,6.0,24900.0,0.0,0.0,24900.0,4150.0
2026-06,10540,"ASUS ROG Strix XG27ACMES 27"" QHD 255Hz-OC Fast IPS Monitor",DISPLAY,6.0,95970.0,0.0,0.0,95970.0,15995.0
2026-06,10711,"ASUS TUF Gaming Series 5 VG259QMR5A 24.5"" FHD 310Hz(OC) Fast-IPS Monitor",DISPLAY,5.0,47475.0,0.0,0.0,47475.0,9495.0
2026-06,10836,"AOC 24G11ZE 23.8"" 240Hz OC FHD Fast IPS Monitor",DISPLAY,5.0,32975.0,0.0,0.0,32975.0,6595.0
2026-06,10918,"Philips 24E2G2200 23.8"" 144Hz IPS FHD Monitor",DISPLAY,5.0,20975.0,0.0,0.0,20975.0,4195.0
2026-06,10919,"Philips 27E2G2200 27"" 144Hz IPS FHD Monitor",DISPLAY,3.0,17985.0,0.0,0.0,17985.0,5995.0
2026-06,10940,"MSI MAG 245F X24 23.8"" 240Hz FHD Rapid IPS Monitor",DISPLAY,6.0,38700.0,0.0,0.0,38700.0,6450.0
2026-06,10941,"MSI MAG 272F X24 27"" 240Hz FHD Rapid IPS Monitor",DISPLAY,8.0,71600.0,0.0,0.0,71600.0,8950.0
2026-06,11074,"AOC 24B36XE 23.8"" FHD 144Hz IPS Monitor",DISPLAY,4.0,17000.0,0.0,0.0,17000.0,4250.0
2026-06,11127,"Nvision N2455GT-B 23.8"" FHD 144Hz IPS Monitor",DISPLAY,7.0,27650.0,0.0,0.0,27650.0,3950.0
2026-06,11151,"MSI MAG 275QF E20 27"" WQHD 200Hz Rapid IPS Monitor",DISPLAY,4.0,46000.0,0.0,0.0,46000.0,11500.0
2026-06,11208,"Gamdias Atlas HD24IF IV 23.8"" 240Hz FHD Fast IPS Monitor Black",DISPLAY,8.0,46960.0,0.0,0.0,46960.0,5870.0
2026-06,11258,"AOC Q27G4SL/WS 27"" QHD 320Hz Fast IPS HDR 400 Monitor",DISPLAY,5.0,69000.0,0.0,0.0,69000.0,13800.0
2026-06,11472,"MSI PRO MP251 E14L 24.5"" 144HZ FHD IPS Monitor",DISPLAY,10.0,43250.0,0.0,0.0,43250.0,4325.0
2026-06,11473,"Asus TUF Gaming VG259QM5A 24.5"" 240Hz IPS Gaming Monitor",DISPLAY,7.0,55265.0,0.0,0.0,55265.0,7895.0
2026-06,11528,"LG 24U411A-B 23.8"" 120Hz FHD IPS Monitor",DISPLAY,2.0,7300.0,0.0,0.0,7300.0,3650.0
2026-06,7785,Nvision N190V8 19' LED Monitor,DISPLAY,12.0,20400.0,0.0,0.0,20400.0,1700.0
2026-06,7786,"Nvision N200V8 20"" LED Monitor",DISPLAY,6.0,10290.0,0.0,0.0,10290.0,1715.0
2026-06,8060,"Nvision H22V8 21.5"" LED Monitor",DISPLAY,4.0,8960.0,0.0,0.0,8960.0,2240.0
2026-06,9904,"Viewsonic VX2479A-HD-PRO 24"" 240Hz FHD 1MS MPRT IPS HDR10 Gaming Monitor",DISPLAY,5.0,31650.0,0.0,0.0,31650.0,6330.0
2026-06,11003,RAKK SUKOG LITE 800x400x3mm Mousepad Black,GAMING SURFACE,14.0,2660.0,0.0,0.0,2660.0,190.0
2026-06,10053,ASUS Dual Nvidia Geforce RTX 3050 OC Edition (DUAL-RTX3050-O6G) 6GB 96-bit GDRR6 Videocard,GRAPHIC CARD,7.0,101150.0,0.0,0.0,101150.0,14450.0
2026-06,10072,MSI Nvidia GeForce RTX 5060 VENTUS 2X OC (G5060-8V2C) 8GB 128-bit GDDR7 Videocard,GRAPHIC CARD,6.0,147000.0,0.0,0.0,147000.0,24500.0
2026-06,10080,Gigabyte Nvidia GeForce RTX 5060 AERO OC (GV-N5060AERO-OC-8GD) 8GB 128-bit GDDR7 Videocard,GRAPHIC CARD,5.0,128750.0,0.0,0.0,128750.0,25750.0
2026-06,10152,MSI GeForce RTX 5070 Ti VENTUS 3X OC (G507T-16V3C) 16GB 256-bit GDDR7 Videocard,GRAPHIC CARD,5.0,329750.0,0.0,0.0,329750.0,65950.0
2026-06,10155,ASUS DUAL GeForce RTX 5060 (DUAL-RTX5060-8G) 8GB 128-bit GDDR7 Videocard,GRAPHIC CARD,8.0,199600.0,0.0,0.0,199600.0,24950.0
2026-06,10206,ASUS Dual RX 7600 EVO OC Edition DUAL-RX7600-O8G-EVO 8GB 128-bit GDDR6 Videocard,GRAPHIC CARD,4.0,91800.0,0.0,0.0,91800.0,22950.0
2026-06,10207,ASUS Prime AMD Radeon RX 9060 XT OC (PRIME-RX9060XT-O16G) 16GB 128-Bit GDDR6 Videocard,GRAPHIC CARD,8.0,279600.0,0.0,0.0,279600.0,34950.0
2026-06,10225,MSI Nvidia GeForce RTX 5060 SHADOW 2X OC (G5060-8S2C) 8GB 128-bit GDDR7 Videocard,GRAPHIC CARD,4.0,99800.0,0.0,0.0,99800.0,24950.0
2026-06,10660,MSI Nvidia GeForce RTX 5050 VENTUS 2X OC (G5050-8V2C) 128-bit GDDR6 Videocard,GRAPHIC CARD,7.0,139650.0,0.0,0.0,139650.0,19950.0
2026-06,11557,ASUS DUAL Nvidia GeForce RTX 5060 Ti OC Edition (DUAL-RTX5060TI-O8G) 8GB 128-bit GDDR7 Videocard,GRAPHIC CARD,14.0,405300.0,0.0,0.0,405300.0,28950.0
2026-06,11591,MSI GeForce RTX 5060 Ventus 2X OC v1 (G5060-8V2CV1) 8GB 128-bit GDDR7 Videocard,GRAPHIC CARD,5.0,128250.0,0.0,0.0,128250.0,25650.0
2026-06,11636,Colorful Nvidia GeForce RTX 3050 6GB V4-V 96-bit GDDR6 Videocard,GRAPHIC CARD,8.0,98000.0,0.0,0.0,98000.0,12250.0
2026-06,8396,MSI GEFORCE RTX 3050 VENTUS 2X OC 6GB 96-bit DDR6 Videocard,GRAPHIC CARD,6.0,85200.0,0.0,0.0,85200.0,14200.0
2026-06,9396,Biostar Rx 580 VA5815RQ82 Dual Cooling Fan 8gb 256bit GDdr5 Gaming Videocard,GRAPHIC CARD,4.0,31800.0,0.0,0.0,31800.0,7950.0
2026-06,9883,Asus Prime AMD Radeon RX 9070 OC (PRIME-RX9070-O16G) 16GB 256-Bit GDDR6 Videocard,GRAPHIC CARD,12.0,575400.0,0.0,0.0,575400.0,47950.0
2026-06,9967,MSI Nvidia GeForce RTX 5070 VENTUS 2X OC 12GB 192-bit GDDR7 Videocard,GRAPHIC CARD,8.0,375600.0,0.0,0.0,375600.0,46950.0
2026-06,160,Seagate 1tb ST1000DM010 Harddisk Drive,HARD DISK,1.0,3450.0,0.0,0.0,3450.0,3450.0
2026-06,11573,Aula S75 Pro RGB Gaming Mechanical Wireless Tri-Mode Keyboard Gradient Pink,KEYBOARD,15.0,36750.0,0.0,0.0,36750.0,2450.0
2026-06,4285,Fantech MAXPOWER MK853 Mechanical Gaming Keyboard White - BLUE Switch,KEYBOARD,14.0,20720.0,0.0,0.0,20720.0,1480.0
2026-06,11464,"MSI Cyborg 15 A13VE-2453PHNN 15.6"" FHD IPS 144Hz Intel Core i5-13420H/8GB DDR5-5200/512GB NVMe SSD PCIe Gen4/RTX 4050 6GD6/Win11 Laptop",LAPTOP GA2,1.0,58995.0,0.0,0.0,58995.0,58995.0
2026-06,9998,"Gigabyte Gaming A16 CMHH2PH893SH 16.0"" WUXGA 165Hz Intel Core i5-13420H/16GB DDR5/512GB 2x M.2 SSD/ RTX 4050 6GB/Win11Laptop",LAPTOP GA2,1.0,62995.0,0.0,0.0,62995.0,62995.0
2026-06,10304,"Gigabyte Gaming A16 3THK3PH893SH 16.0"" WUXGA 165Hz Ryzen7-260/16GB DDR5/512GB 2x M.2 SSD/ RTX 5050 8GD7/Win11 Laptop",LAPTOP GA3,1.0,68995.0,0.0,0.0,68995.0,68995.0
2026-06,11583,"MSI Modern 14 F3HMG-039PHNN 14.0""FHD IPS Ryzen™ AI 5 330/8GB DDR5-5600/512GB*1 NVMe SSD PCIe Gen4/Win11 Laptop + OFC + Laptop Bag",LAPTOP PR2,1.0,47795.0,0.0,0.0,47795.0,47795.0
2026-06,11461,"MSI Modern 14 F1MG-887PHNN 14.0""FHD IPS Intel Core 7 150U/8GB+8GB DDR4-3200/512GB*1 NVMe SSD PCIe Gen4/Win11 Laptop + OFC + Laptop Bag",LAPTOP PR3,3.0,161985.0,0.0,0.0,161985.0,53995.0
2026-06,11527,"Lenovo V15 G4 ABP 15.6"" FHD Ryzen 7-7730U/8GB DDR4/512GB NVMe SSD/Win11 Pro Laptop SE",LAPTOP PR3,1.0,39995.0,0.0,0.0,39995.0,39995.0
2026-06,11550,"Lenovo V15 G5 IRL 15.6"" Intel Core i5-13420H/16GB DDR5/512GB SSD Laptop/Win11 Laptop SE + Laptop Bag",LAPTOP PR3,1.0,44995.0,0.0,0.0,44995.0,44995.0
2026-06,10286,Lexar LD5S16G56C46ST-BGS 16GB 5600Mhz DDR5 Sodimm Memory,MEMORY,9.0,140400.0,0.0,0.0,140400.0,15600.0
2026-06,10789,Teamgroup Vulcan 16GB 8GBx2 6000Mhz CL38 DDR5 Memory,MEMORY,9.0,130500.0,0.0,0.0,130500.0,14500.0
2026-06,10905,Lexar Ares 8GB LD4U08G32C16LA-RGS 3200Mhz DDR4 RGB Memory Black,MEMORY,13.0,55250.0,0.0,0.0,55250.0,4250.0
2026-06,11052,Biostar Storming V 8GB 3200Mhz DDR4 Memory,MEMORY,14.0,58100.0,0.0,0.0,58100.0,4150.0
2026-06,11185,Crucial 16GB CT16G4SFRA32A 3200Mhz DDR4 Sodimm,MEMORY,8.0,66000.0,0.0,0.0,66000.0,8250.0
2026-06,11327,HKC PC 16gb 3200mhz DDR4 with Heatsink Memory Black,MEMORY,14.0,86730.0,0.0,0.0,86730.0,6195.0
2026-06,11444,FASPEED 8GB 3200Mhz DDR4 with Heatsink Memory,MEMORY,16.0,50400.0,0.0,0.0,50400.0,3150.0
2026-06,11450,HKC PC 8gb 3200mhz DDR4 with Heatsink Memory Black,MEMORY,6.0,20700.0,0.0,0.0,20700.0,3450.0
2026-06,11548,Hiksemi Future 16GB (16x1) HSC516U56C2 5600Mhz CL38 DDR5 Memory Black,MEMORY,12.0,179940.0,0.0,0.0,179940.0,14995.0
2026-06,1372,Ramsta 4gb 1x4 2666mhz Ddr4 Memory,MEMORY,4.0,2000.0,0.0,0.0,2000.0,500.0
2026-06,2489,Ramsta 4gb 1x4 2666mhz Ddr4 Sodimm Memory,MEMORY,10.0,4000.0,0.0,0.0,4000.0,400.0
2026-06,3150,Team Elite TForce Delta 16gb 2x8 3600mhz Ddr4 RGB Memory Black,MEMORY,8.0,73200.0,0.0,0.0,73200.0,9150.0
2026-06,3151,Team Elite TForce Delta 16gb 2x8 3600mhz Ddr4 RGB Memory White,MEMORY,6.0,54900.0,0.0,0.0,54900.0,9150.0
2026-06,4055,Team Elite Plus 8gb 1x8 3200Mhz Ddr4 Memory Black Gold,MEMORY,9.0,42750.0,0.0,0.0,42750.0,4750.0
2026-06,9324,KINGBANK 16GB 1x16 3200mhz DDR4 with Heatsink Memory Silver,MEMORY,11.0,81950.0,0.0,0.0,81950.0,7450.0
2026-06,11448,Y5Pro Intel Core i5 8250U / 16GB DDr4 / 512GB SSD / WIFI 5 DUAL / 4* USB 3.0 / 2* HDMI 2.0 / 1* RJ45 1000Mbps / 1* Type-C / Windows 11 Pro Mini PC,MINI PC,2.0,41900.0,0.0,0.0,41900.0,20950.0
2026-06,11579,Y5Plus Intel Core i7 4650U / 8GB DDr3 / 128GB SSD / WIFI 5 DUAL / 4* USB 3.0 / 2* HDMI 2.0 / 1* RJ45 1000Mbps / 1* Type-C / Windows 11 Pro Mini PC,MINI PC,3.0,29850.0,0.0,0.0,29850.0,9950.0
2026-06,10295,Asus B650M-AYW Wifi DDR5 AMD Motherboard,MOTHERBOARD,13.0,94835.0,0.0,0.0,94835.0,7295.0
2026-06,10296,Asus Prime A520M-K/CSM AM4 AMD Motherboard,MOTHERBOARD,8.0,26360.0,0.0,0.0,26360.0,3295.0
2026-06,10647,ASUS PRIME B850M-A WIFI-CSM Socket AM5 DDR5 Motherboard,MOTHERBOARD,6.0,68970.0,0.0,0.0,68970.0,11495.0
2026-06,10675,MSI B650M GAMING WIFI AM5 DDR5 Motherboard,MOTHERBOARD,15.0,110925.0,0.0,0.0,110925.0,7395.0
2026-06,11556,Gigabyte B550M-K Socket Am4 Ddr4 Motherboard,MOTHERBOARD,16.0,79200.0,0.0,0.0,79200.0,4950.0
2026-06,11558,Asus B760M-AYW WIFI Socket LGA 1700 Ddr4 Motherboard,MOTHERBOARD,10.0,93500.0,0.0,0.0,93500.0,9350.0
2026-06,11593,Gigabyte B860M GAMING X WIFI6E LGA1851 Socket Ddr5 Motherboard,MOTHERBOARD,9.0,108855.0,0.0,0.0,108855.0,12095.0
2026-06,2756,MSI B550M Pro VDH Wifi Socket Am4 Ddr4 Motherboard,MOTHERBOARD,14.0,88900.0,0.0,0.0,88900.0,6350.0
2026-06,3367,MSI A520m-A Pro Socket Am4 Ddr4 Motherboard,MOTHERBOARD,8.0,26000.0,0.0,0.0,26000.0,3250.0
2026-06,4492,Asus Prime B550M-A Wifi II Socket Am4 Ddr4 Gaming Motherboard,MOTHERBOARD,9.0,58050.0,0.0,0.0,58050.0,6450.0
2026-06,7615,MSI B650M Project zero socket LGA AM5 DDR5 Motherboard,MOTHERBOARD,1.0,12850.0,0.0,0.0,12850.0,12850.0
2026-06,8617,Asrock A520M-HVS Socket Am4 DDR4 Motherboard,MOTHERBOARD,14.0,44100.0,0.0,0.0,44100.0,3150.0
2026-06,9385,Biostar A520MHP Socket Am4 DDR4 Motherboard,MOTHERBOARD,10.0,28950.0,0.0,0.0,28950.0,2895.0
2026-06,9759,MSI PRO X870-P WIFI Ddr5 AM5 Motherboard,MOTHERBOARD,11.0,197450.0,0.0,0.0,197450.0,17950.0
2026-06,9879,MSI B550M-A PRO Socket Am4 Ddr4 Motherboard,MOTHERBOARD,9.0,41850.0,0.0,0.0,41850.0,4650.0
2026-06,9970,Asus Prime B550M-K ARGB Socket Am4 Ddr4 Motherboard,MOTHERBOARD,13.0,63050.0,0.0,0.0,63050.0,4850.0
2026-06,10488,RAKK DASIG X3 Ambidextrous Hotswap Trimode PAW3311 Huano 80M RGB Gaming Mouse Black,MOUSE,9.0,8955.0,0.0,0.0,8955.0,995.0
2026-06,10489,RAKK DASIG X3 Ambidextrous Hotswap Trimode PAW3311 Huano 80M RGB Gaming Mouse White,MOUSE,8.0,7960.0,0.0,0.0,7960.0,995.0
2026-06,10776,RAKK TALAN AERO X PAW3395 8K Polling Omron Optical Trimode Lightweight 55g Gaming Mouse Black,MOUSE,9.0,19755.0,0.0,0.0,19755.0,2195.0
2026-06,10994,Logitech G 502X Wired Gaming Mouse White,MOUSE,6.0,18570.0,0.0,0.0,18570.0,3095.0
2026-06,3513,Logitech G102 Lightsync Gaming Mouse Black,MOUSE,9.0,8370.0,0.0,0.0,8370.0,930.0
2026-06,3700,Logitech G102 Lightsync Gaming Mouse White,MOUSE,3.0,2790.0,0.0,0.0,2790.0,930.0
2026-06,9299,RAKK DASIG LITE Huano Switch RGB Gaming Mouse,MOUSE,8.0,2240.0,0.0,0.0,2240.0,280.0
2026-06,11172,DITO Home WoWFi Lite 4G WiFi Router,NETWORK DEVICE,2.0,1960.0,0.0,0.0,1960.0,980.0
2026-06,11173,DITO Home WoWFi Pro 5G WiFi Router,NETWORK DEVICE,1.0,1490.0,0.0,0.0,1490.0,1490.0
2026-06,11356,TP-Link Archer BE220 Dual Band Wi-Fi 7 Router,NETWORK DEVICE,3.0,6750.0,0.0,0.0,6750.0,2250.0
2026-06,11460,ASUS RT-BE50 BE3600 Dual Band WiFi 7 Router,NETWORK DEVICE,2.0,5990.0,0.0,0.0,5990.0,2995.0
2026-06,130,Tp-Link TL-WA901ND Wireless N Access Point,NETWORK DEVICE,1.0,1894.0,0.0,0.0,1894.0,1894.0
2026-06,1693,TP-Link TL-WR820N 300Mbps Multimode Wi-Fi Router,NETWORK DEVICE,2.0,980.0,0.0,0.0,980.0,490.0
2026-06,10146,MSI PANO 110R PZ Mid Tower Gaming PC Case Black,PC CASE,8.0,33600.0,0.0,0.0,33600.0,4200.0
2026-06,10518,NZXT H6 Flow CC-H61FW-01 Tempered Glass ATX PC Case White,PC CASE,12.0,52200.0,0.0,0.0,52200.0,4350.0
2026-06,10519,NZXT H7 Flow (2024) CM-H72FW-01 ATX PC Case White,PC CASE,6.0,27900.0,0.0,0.0,27900.0,4650.0
2026-06,10520,NZXT H7 Flow RGB (2024) CM-H72FB-R1 ATX PC Case Black,PC CASE,7.0,30450.0,0.0,0.0,30450.0,4350.0
2026-06,10668,CoolerMaster Elite 302 ARGB Micro ATX PC Case Black,PC CASE,6.0,17970.0,0.0,0.0,17970.0,2995.0
2026-06,10808,MSI PAG PANO M110A ARGB Micro ATX PC Case Black,PC CASE,5.0,12250.0,0.0,0.0,12250.0,2450.0
2026-06,10828,DarkFlash Floatron F1 Micro ATX PC Case Black & White,PC CASE,9.0,35955.0,0.0,0.0,35955.0,3995.0
2026-06,10928,CoolerMaster Qube 540 Moonstone ATX PC Case,PC CASE,15.0,59925.0,0.0,0.0,59925.0,3995.0
2026-06,10963,CoolerMaster Elite 600 ARGB ATX Mid Tower PC Case Black,PC CASE,10.0,53500.0,0.0,0.0,53500.0,5350.0
2026-06,10972,Asus A31 Tempered Glass Mid Tower ATX PC Case White,PC CASE,6.0,20400.0,0.0,0.0,20400.0,3400.0
2026-06,11002,RAKK TANAN MATX Tempered Glass with PSU and Fans,PC CASE,1.0,1295.0,0.0,0.0,1295.0,1295.0
2026-06,11068,DarkFlash M305 with 3 RGB Fan Micro ATX Tempered Glass Gaming PC Case Black,PC CASE,9.0,12555.0,0.0,0.0,12555.0,1395.0
2026-06,11102,YGT Mars 9 Micro ATX PC Case with PSU Black,PC CASE,9.0,7155.0,0.0,0.0,7155.0,795.0
2026-06,11131,Asus A21 Tempered Glass Micro ATX PC Case Black,PC CASE,12.0,35940.0,0.0,0.0,35940.0,2995.0
2026-06,11306,Gamdias Aura GC10 v2 ARGB Dual Chamber Micro ATX PC Case Black,PC CASE,11.0,27445.0,0.0,0.0,27445.0,2495.0
2026-06,11406,Cougar MX110 RGB Mid Tower Tempered Glass ATX PC Case Black,PC CASE,4.0,9400.0,0.0,0.0,9400.0,2350.0
2026-06,11546,YGT 420B Micro ATX PC Case Black,PC CASE,6.0,7500.0,0.0,0.0,7500.0,1250.0
2026-06,6579,InPlay Wind 01 Acrylic Side Panel Micro ATX PC Case,PC CASE,12.0,0.0,0.0,0.0,0.0,0.0
2026-06,7367,MSI MAG Forge M100A Auto RGB Micro ATX PC Case Black,PC CASE,7.0,15330.0,0.0,0.0,15330.0,2190.0
2026-06,9897,YGT V100 Micro ATX PC Case with PSU White,PC CASE,7.0,6230.0,0.0,0.0,6230.0,890.0
2026-06,9973,MSI MAG PANO 100R Project Zero Micro ATX PC Case Black,PC CASE,7.0,46550.0,0.0,0.0,46550.0,6650.0
2026-06,10052,Asus Prime 650W 80+ Bronze Power Supply,POWER SUPPLY,8.0,29200.0,0.0,0.0,29200.0,3650.0
2026-06,10208,Asus Prime AP-850W 80+ Gold Full Modular Power Supply,POWER SUPPLY,14.0,104930.0,0.0,0.0,104930.0,7495.0
2026-06,10376,ASRock Pro-650B 650W 80+ Bronze Non-Modular ATX 3.1 Power Supply,POWER SUPPLY,10.0,26500.0,0.0,0.0,26500.0,2650.0
2026-06,10679,ASRock Steel Legend SL-1000G 1000W 80+ Gold Cybenetics Gold ATX 3.1 Full Modular Power Supply,POWER SUPPLY,12.0,113400.0,0.0,0.0,113400.0,9450.0
2026-06,11266,Acer AC-500 500W Non-Modular 80+ Bronze Power Supply Black,POWER SUPPLY,9.0,11250.0,0.0,0.0,11250.0,1250.0
2026-06,11267,Acer AC-650 650W Non-Modular 80+ Bronze Power Supply Black,POWER SUPPLY,11.0,19679.0,0.0,0.0,19679.0,1789.0
2026-06,11332,Acer AC-750 750W Non-Modular 80+ Bronze Power Supply Black,POWER SUPPLY,8.0,16800.0,0.0,0.0,16800.0,2100.0
2026-06,176,Intelligent 700 watts Power Supply,POWER SUPPLY,12.0,5400.0,0.0,0.0,5400.0,450.0
2026-06,4079,MSI MAG A650BN 650Watts 80+ Non-Modular Power Supply Bronze,POWER SUPPLY,15.0,49425.0,0.0,0.0,49425.0,3295.0
2026-06,4080,MSI MAG A550BN 550Watts 80+ Non-Modular Power Supply Bronze,POWER SUPPLY,7.0,19985.0,0.0,0.0,19985.0,2855.0
2026-06,6242,MSI MAG A600DN 600W 80+ Power Supply,POWER SUPPLY,3.0,8295.0,0.0,0.0,8295.0,2765.0
2026-06,7838,MSI MAG A850GL 850Watts PCIE5 80+ Full Modular Power Supply Gold Black,POWER SUPPLY,10.0,72300.0,0.0,0.0,72300.0,7230.0
2026-06,8542,Acer AC-550 550w Full Modular 80plus Bronze Power Supply,POWER SUPPLY,11.0,15785.0,0.0,0.0,15785.0,1435.0
2026-06,8543,Acer AC-650 650w Full Modular  80plus Bronze Power Supply,POWER SUPPLY,9.0,18495.0,0.0,0.0,18495.0,2055.0
2026-06,9703,CoolerMaster MWE 650W V3 (MPE-6501-ACABW-3BUS) 80+ Bronze ATX 3.1 Power Supply,POWER SUPPLY,13.0,49530.0,0.0,0.0,49530.0,3810.0
2026-06,9938,CoolerMaster MWE 750W V3 (MPE-7501-ACABW-3BUS) 80+ Bronze ATX 3.1 Power Supply,POWER SUPPLY,13.0,56134.0,0.0,0.0,56134.0,4318.0
2026-06,11598,Epson L3310 Multi Functional Integrated Ink Tank Printer,PRINTER AND SCANNER,2.0,18100.0,0.0,0.0,18100.0,9050.0
2026-06,11599,Epson L3350 Wi-Fi Multi Functional Integrated Ink Tank Printer,PRINTER AND SCANNER,1.0,10530.0,0.0,0.0,10530.0,10530.0
2026-06,2008,Canon Pixma TS207 Printer Inkjet,PRINTER AND SCANNER,2.0,4460.0,0.0,0.0,4460.0,2230.0
2026-06,3940,Epson L121 Ink Tank Printer,PRINTER AND SCANNER,1.0,5450.0,0.0,0.0,5450.0,5450.0
2026-06,4804,Canon Pixma MG3070S Compact Wireless All-In-One Printer,PRINTER AND SCANNER,2.0,6850.0,0.0,0.0,6850.0,3425.0
2026-06,10057,AMD Ryzen 9 9900X 4.4GHz AM5 Socket DDR5 Processor TTP,PROCESSOR,11.0,274450.0,0.0,0.0,274450.0,24950.0
2026-06,10102,AMD Ryzen 7 7700 Socket AM5 3.8GHz Processor MPK,PROCESSOR,5.0,59750.0,0.0,0.0,59750.0,11950.0
2026-06,10110,AMD Ryzen 5 5500GT 3.6GHz AM4 Socket DDR4 Processor MPK,PROCESSOR,8.0,64760.0,0.0,0.0,64760.0,8095.0
2026-06,10911,Intel Core i9-14900K Raptor Lake Socket LGA 1700 3.20GHz Processor MPK,PROCESSOR,10.0,319500.0,0.0,0.0,319500.0,31950.0
2026-06,10938,AMD Ryzen 5 8400F 4.2GHz AM5 Socket DDR5 Processor MPK,PROCESSOR,5.0,44750.0,0.0,0.0,44750.0,8950.0
2026-06,11064,AMD Ryzen 5 3400g 3.7ghz AM4 Socket DDR4 Processor MPK,PROCESSOR,9.0,34155.0,0.0,0.0,34155.0,3795.0
2026-06,11065,AMD Ryzen 7 8700F 4.1ghz AM5 Socket DDR5 Processor MPK,PROCESSOR,5.0,47250.0,0.0,0.0,47250.0,9450.0
2026-06,11592,Intel Core Ultra 7 processor 270K Plus LGA 1851 5.5Ghz Processor,PROCESSOR,14.0,293300.0,0.0,0.0,293300.0,20950.0
2026-06,4513,AMD Ryzen 5 5600X Socket AM4 3.7GHz Processor with Wraith Stealth Cooler MPK,PROCESSOR,14.0,125300.0,0.0,0.0,125300.0,8950.0
2026-06,5640,AMD Ryzen 5 5500 Socket Am4 3.6GHz Processor with AMD wraith cooler MPK,PROCESSOR,10.0,52000.0,0.0,0.0,52000.0,5200.0
2026-06,5663,AMD Ryzen 5 5600 Socket Am4 3.5GHz Processor with Wraith stealth cooler MPK,PROCESSOR,8.0,57600.0,0.0,0.0,57600.0,7200.0
2026-06,7098,AMD Ryzen 7 5700G Socket Am4 3.8GHz with Radeon Vega 8 wraith stealth cooler Processor MPK,PROCESSOR,5.0,61250.0,0.0,0.0,61250.0,12250.0
2026-06,7929,AMD Ryzen 7 5700X Socket AM4 3.4GHz Processor with AMD Wraith Stealth cooler MPK,PROCESSOR,8.0,79600.0,0.0,0.0,79600.0,9950.0
2026-06,8432,AMD Ryzen 3 3200g PRO Socket Am4 3.6ghz with Radeon Vega 8 Processor MPK,PROCESSOR,7.0,23765.0,0.0,0.0,23765.0,3395.0
2026-06,9608,AMD RYZEN 7 7800X3D Socket AM5 D5 5.0ghz with Radeon Graphics processor TTP,PROCESSOR,11.0,202950.0,0.0,0.0,202950.0,18450.0
2026-06,9614,AMD RYZEN 7 9800X3D Socket AM5 D5 5.2ghz with Radeon Graphics processor,PROCESSOR,16.0,447200.0,0.0,0.0,447200.0,27950.0
2026-06,9776,AMD Ryzen 5 5600GT 3.6GHz AM4 Socket DDR4 Processor MPK,PROCESSOR,8.0,73560.0,0.0,0.0,73560.0,9195.0
2026-06,9841,Intel Core i5-14400 4.7GHz LGA 1700 Processor MPK,PROCESSOR,8.0,95600.0,0.0,0.0,95600.0,11950.0
2026-06,10697,Lexar NQ100 256GB Solid State Drive SATA 2.5,SOLID STATE DRIVE,17.0,67915.0,0.0,0.0,67915.0,3995.0
2026-06,10797,Lexar NM620 1TB M.2 NVME Solid State Drive,SOLID STATE DRIVE,21.0,170100.0,0.0,0.0,170100.0,8100.0
2026-06,10804,Team Group MP33 512GB M.2 PCIe Gen3.0 x4 NVME 1.3 Solid State Drive,SOLID STATE DRIVE,17.0,106250.0,0.0,0.0,106250.0,6250.0
2026-06,11148,Teamgroup T-Force GA Pro 1TB NVMe M.2 Gen 5 Solid State Drive,SOLID STATE DRIVE,24.0,260400.0,0.0,0.0,260400.0,10850.0
2026-06,11152,Hiksemi Wave S 256B SATA 2.5 Solid State Drive,SOLID STATE DRIVE,13.0,43550.0,0.0,0.0,43550.0,3350.0
2026-06,11269,Hiksemi Wave P 256GB PCIE Gen3 M.2 Solid State Drive,SOLID STATE DRIVE,16.0,55920.0,0.0,0.0,55920.0,3495.0
2026-06,11323,ESGaming 512GB SATA 2.5 Solid State Drive,SOLID STATE DRIVE,21.0,92295.0,0.0,0.0,92295.0,4395.0
2026-06,11577,Apacer AS2280P4 512GB PCIe Gen 3x4 M.2 NVMe Solid State Drive,SOLID STATE DRIVE,11.0,58245.0,0.0,0.0,58245.0,5295.0
2026-06,1681,Team Group GX2 Solid State Drive 256gb SATA 2.5,SOLID STATE DRIVE,16.0,55200.0,0.0,0.0,55200.0,3450.0
2026-06,1909,Lexar NS10 Lite Solid State Drive 120gb SATA 2.5,SOLID STATE DRIVE,26.0,37700.0,0.0,0.0,37700.0,1450.0
2026-06,6856,Team Group MP33 256GB M.2 PCIe NVME Solid State Drive,SOLID STATE DRIVE,16.0,53600.0,0.0,0.0,53600.0,3350.0
2026-06,6936,Adata SU650 Solid State Drive 512GB SATA 2.5,SOLID STATE DRIVE,23.0,114885.0,0.0,0.0,114885.0,4995.0
2026-06,2991,APC Back-Ups BVX650I-PH 360 Watts 650va with Avr Universal Sockets Ups,UPS & AVR,9.0,19800.0,0.0,0.0,19800.0,2200.0
2026-06,36,Secure 220v Avr,UPS & AVR,6.0,1500.0,0.0,0.0,1500.0,250.0
2026-06,454,Secure 650va Ups,UPS & AVR,7.0,10150.0,0.0,0.0,10150.0,1450.0
2026-07,10653,RAKK Matik USB Gaming Headset LED Illuminated,AUDIO,2.0,630.0,0.0,0.0,630.0,315.0
2026-07,10952,EPOS Sennheiser Impact SC 260 ED Headset,AUDIO,1.0,1320.0,0.0,0.0,1320.0,1320.0
2026-07,10991,Logitech G PRO X Wired 7.1 Gaming Headset,AUDIO,4.0,18200.0,0.0,0.0,18200.0,4550.0
2026-07,10993,Logitech G PRO X Wired 7.1 Gaming Headset (League of Legends Edition),AUDIO,1.0,4550.0,0.0,0.0,4550.0,4550.0
2026-07,11507,Accutone UB210 Noise Cancelling Headset Black,AUDIO,3.0,4650.0,0.0,0.0,4650.0,1550.0
2026-07,11508,Accutone Sonar 280 Wireless & Wired Noise Cancelling Headset Black,AUDIO,9.0,18540.0,0.0,0.0,18540.0,2060.0
2026-07,11509,Accutone Converse 95 Noise Cancelling Headset Black,AUDIO,3.0,6960.0,0.0,0.0,6960.0,2320.0
2026-07,11510,Accutone Nexus 2000 MagSafe Speaker Blue,AUDIO,4.0,5000.0,0.0,0.0,5000.0,1250.0
2026-07,11511,Accutone Nexus 2000 MagSafe Speaker Gray,AUDIO,3.0,3750.0,0.0,0.0,3750.0,1250.0
2026-07,11512,Accutone Nexus 2000 MagSafe Speaker Pink,AUDIO,5.0,6250.0,0.0,0.0,6250.0,1250.0
2026-07,11612,Accutone UB101 Stereo USB Headset Black,AUDIO,5.0,1725.0,0.0,0.0,1725.0,345.0
2026-07,7652,RAKK SONIDO 7.1 Virtual Surround RGB Gaming Headset USB Black,AUDIO,4.0,3980.0,0.0,0.0,3980.0,995.0
2026-07,8581,Edifier W820NB Plus Active Noice Cancellation Bluetooth Stereo Wireless Headset Ivory,AUDIO,3.0,5550.0,0.0,0.0,5550.0,1850.0
2026-07,7824,Hikvision E-HWID 2.8MM Eco-HiWatch 2.mm IR Dome E-HWID,CAMERA,7.0,10150.0,0.0,0.0,10150.0,1450.0
2026-07,78,A4Tech KRS-8572 Usb Keyboard and Mouse Black,COMBO,43.0,21930.0,0.0,0.0,21930.0,510.0
2026-07,9301,RAKK APTAS ILLUMINATED / Membrane Keyboard and Mouse / No software / Rainbow lighting / Black,COMBO,36.0,10260.0,0.0,0.0,10260.0,285.0
2026-07,10370,DarkFlash Infinity 34 3in1 ARGB Chassis Fan Black,COOLING,8.0,9200.0,0.0,0.0,9200.0,1150.0
2026-07,10373,DarkFlash Infinity 34 Single ARGB Chassis Fan White,COOLING,4.0,1680.0,0.0,0.0,1680.0,420.0
2026-07,10386,MSI MAG COREFROZR AA13 ARGB CPU Air Cooler black,COOLING,3.0,3585.0,0.0,0.0,3585.0,1195.0
2026-07,10590,YGT Cyber-120IFB 3in1 ARGB Chassis Fan Black,COOLING,8.0,4400.0,0.0,0.0,4400.0,550.0
2026-07,10743,NZXT F120 RGB Duo Triple Pack (RF-D12TF-W1) with RGB Controller Chassis Fan White,COOLING,15.0,22500.0,0.0,0.0,22500.0,1500.0
2026-07,10839,CoolerMaster Hyper 212 3DHP ARGB CPU Air Cooler Black,COOLING,8.0,11160.0,0.0,0.0,11160.0,1395.0
2026-07,10858,DarkFlash E400 Plus Matrix Display CPU Air Cooler White,COOLING,11.0,18150.0,0.0,0.0,18150.0,1650.0
2026-07,10930,CoolerMaster MasterLiquid 240L Core Liquid Cooling Black,COOLING,14.0,51800.0,0.0,0.0,51800.0,3700.0
2026-07,10966,CoolerMaster V4 Alpha 3DHP CPU Air Cooler Black,COOLING,15.0,28425.0,0.0,0.0,28425.0,1895.0
2026-07,10990,BeQuiet Silent Wings 4 (BL094) 120mm PWM High Speed Single Chassis Fan Black,COOLING,14.0,16800.0,0.0,0.0,16800.0,1200.0
2026-07,11005,Asus AR120 ARGB PWM Single Chassis Fan Black,COOLING,4.0,600.0,0.0,0.0,600.0,150.0
2026-07,11159,Jungle Leopard Chill Arc 360mm ARGB Liquid Cooling Black,COOLING,4.0,43800.0,0.0,0.0,43800.0,10950.0
2026-07,11160,Jungle Leopard Chill Arc 360mm ARGB Liquid Cooling White,COOLING,10.0,112950.0,0.0,0.0,112950.0,11295.0
2026-07,11216,CoolerMaster MasterLiquid Core Nex 360 ARGB CPU Liquid Cooler Black,COOLING,10.0,44500.0,0.0,0.0,44500.0,4450.0
2026-07,6174,Deepcool TW-003 CPU Air Cooler,COOLING,9.0,3600.0,0.0,0.0,3600.0,400.0
2026-07,7,AMD Stock Heatsink Fan,COOLING,13.0,1820.0,0.0,0.0,1820.0,140.0
2026-07,7501,DarkFlash DM12 F Single ARGB Chassis Fan Black,COOLING,8.0,1880.0,0.0,0.0,1880.0,235.0
2026-07,7502,DarkFlash DM12 F Single ARGB Chassis Fan White,COOLING,8.0,2280.0,0.0,0.0,2280.0,285.0
2026-07,7505,DarkFlash Infinity24 Single ARGB Chassis Fan Black,COOLING,7.0,1995.0,0.0,0.0,1995.0,285.0
2026-07,9737,MSI MAG Coreliquid A13 240 CPU Liquid Cooler Black,COOLING,5.0,18250.0,0.0,0.0,18250.0,3650.0
2026-07,9835,MSI MAG Coreliquid A13 360 CPU Liquid Cooler Black,COOLING,14.0,59920.0,0.0,0.0,59920.0,4280.0
2026-07,9836,MSI MAG Coreliquid A13 360 CPU Liquid Cooler White,COOLING,7.0,28980.0,0.0,0.0,28980.0,4140.0
2026-07,10425,"ViewSonic VA24G1-H 24"" FHD 144Hz IPS Monitor",DISPLAY,13.0,53950.0,0.0,0.0,53950.0,4150.0
2026-07,10540,"ASUS ROG Strix XG27ACMES 27"" QHD 255Hz-OC Fast IPS Monitor",DISPLAY,14.0,223930.0,0.0,0.0,223930.0,15995.0
2026-07,10711,"ASUS TUF Gaming Series 5 VG259QMR5A 24.5"" FHD 310Hz(OC) Fast-IPS Monitor",DISPLAY,16.0,151920.0,0.0,0.0,151920.0,9495.0
2026-07,10836,"AOC 24G11ZE 23.8"" 240Hz OC FHD Fast IPS Monitor",DISPLAY,3.0,19785.0,0.0,0.0,19785.0,6595.0
2026-07,10918,"Philips 24E2G2200 23.8"" 144Hz IPS FHD Monitor",DISPLAY,11.0,46145.0,0.0,0.0,46145.0,4195.0
2026-07,10919,"Philips 27E2G2200 27"" 144Hz IPS FHD Monitor",DISPLAY,6.0,35970.0,0.0,0.0,35970.0,5995.0
2026-07,10940,"MSI MAG 245F X24 23.8"" 240Hz FHD Rapid IPS Monitor",DISPLAY,8.0,51600.0,0.0,0.0,51600.0,6450.0
2026-07,10941,"MSI MAG 272F X24 27"" 240Hz FHD Rapid IPS Monitor",DISPLAY,12.0,107400.0,0.0,0.0,107400.0,8950.0
2026-07,11074,"AOC 24B36XE 23.8"" FHD 144Hz IPS Monitor",DISPLAY,9.0,38250.0,0.0,0.0,38250.0,4250.0
2026-07,11127,"Nvision N2455GT-B 23.8"" FHD 144Hz IPS Monitor",DISPLAY,3.0,11850.0,0.0,0.0,11850.0,3950.0
2026-07,11151,"MSI MAG 275QF E20 27"" WQHD 200Hz Rapid IPS Monitor",DISPLAY,7.0,80500.0,0.0,0.0,80500.0,11500.0
2026-07,11208,"Gamdias Atlas HD24IF IV 23.8"" 240Hz FHD Fast IPS Monitor Black",DISPLAY,4.0,23480.0,0.0,0.0,23480.0,5870.0
2026-07,11258,"AOC Q27G4SL/WS 27"" QHD 320Hz Fast IPS HDR 400 Monitor",DISPLAY,8.0,110400.0,0.0,0.0,110400.0,13800.0
2026-07,11472,"MSI PRO MP251 E14L 24.5"" 144HZ FHD IPS Monitor",DISPLAY,7.0,30275.0,0.0,0.0,30275.0,4325.0
2026-07,11473,"Asus TUF Gaming VG259QM5A 24.5"" 240Hz IPS Gaming Monitor",DISPLAY,13.0,102635.0,0.0,0.0,102635.0,7895.0
2026-07,11528,"LG 24U411A-B 23.8"" 120Hz FHD IPS Monitor",DISPLAY,2.0,7300.0,0.0,0.0,7300.0,3650.0
2026-07,7785,Nvision N190V8 19' LED Monitor,DISPLAY,15.0,25500.0,0.0,0.0,25500.0,1700.0
2026-07,7786,"Nvision N200V8 20"" LED Monitor",DISPLAY,5.0,8575.0,0.0,0.0,8575.0,1715.0
2026-07,8060,"Nvision H22V8 21.5"" LED Monitor",DISPLAY,9.0,20160.0,0.0,0.0,20160.0,2240.0
2026-07,9904,"Viewsonic VX2479A-HD-PRO 24"" 240Hz FHD 1MS MPRT IPS HDR10 Gaming Monitor",DISPLAY,10.0,63300.0,0.0,0.0,63300.0,6330.0
2026-07,11003,RAKK SUKOG LITE 800x400x3mm Mousepad Black,GAMING SURFACE,13.0,2470.0,0.0,0.0,2470.0,190.0
2026-07,10053,ASUS Dual Nvidia Geforce RTX 3050 OC Edition (DUAL-RTX3050-O6G) 6GB 96-bit GDRR6 Videocard,GRAPHIC CARD,10.0,144500.0,0.0,0.0,144500.0,14450.0
2026-07,10072,MSI Nvidia GeForce RTX 5060 VENTUS 2X OC (G5060-8V2C) 8GB 128-bit GDDR7 Videocard,GRAPHIC CARD,17.0,416500.0,0.0,0.0,416500.0,24500.0
2026-07,10080,Gigabyte Nvidia GeForce RTX 5060 AERO OC (GV-N5060AERO-OC-8GD) 8GB 128-bit GDDR7 Videocard,GRAPHIC CARD,8.0,206000.0,0.0,0.0,206000.0,25750.0
2026-07,10152,MSI GeForce RTX 5070 Ti VENTUS 3X OC (G507T-16V3C) 16GB 256-bit GDDR7 Videocard,GRAPHIC CARD,7.0,461650.0,0.0,0.0,461650.0,65950.0
2026-07,10155,ASUS DUAL GeForce RTX 5060 (DUAL-RTX5060-8G) 8GB 128-bit GDDR7 Videocard,GRAPHIC CARD,7.0,174650.0,0.0,0.0,174650.0,24950.0
2026-07,10206,ASUS Dual RX 7600 EVO OC Edition DUAL-RX7600-O8G-EVO 8GB 128-bit GDDR6 Videocard,GRAPHIC CARD,12.0,275400.0,0.0,0.0,275400.0,22950.0
2026-07,10207,ASUS Prime AMD Radeon RX 9060 XT OC (PRIME-RX9060XT-O16G) 16GB 128-Bit GDDR6 Videocard,GRAPHIC CARD,4.0,139800.0,0.0,0.0,139800.0,34950.0
2026-07,10225,MSI Nvidia GeForce RTX 5060 SHADOW 2X OC (G5060-8S2C) 8GB 128-bit GDDR7 Videocard,GRAPHIC CARD,4.0,99800.0,0.0,0.0,99800.0,24950.0
2026-07,10660,MSI Nvidia GeForce RTX 5050 VENTUS 2X OC (G5050-8V2C) 128-bit GDDR6 Videocard,GRAPHIC CARD,9.0,179550.0,0.0,0.0,179550.0,19950.0
2026-07,11557,ASUS DUAL Nvidia GeForce RTX 5060 Ti OC Edition (DUAL-RTX5060TI-O8G) 8GB 128-bit GDDR7 Videocard,GRAPHIC CARD,9.0,260550.0,0.0,0.0,260550.0,28950.0
2026-07,11591,MSI GeForce RTX 5060 Ventus 2X OC v1 (G5060-8V2CV1) 8GB 128-bit GDDR7 Videocard,GRAPHIC CARD,7.0,179550.0,0.0,0.0,179550.0,25650.0
2026-07,11636,Colorful Nvidia GeForce RTX 3050 6GB V4-V 96-bit GDDR6 Videocard,GRAPHIC CARD,7.0,85750.0,0.0,0.0,85750.0,12250.0
2026-07,8396,MSI GEFORCE RTX 3050 VENTUS 2X OC 6GB 96-bit DDR6 Videocard,GRAPHIC CARD,5.0,71000.0,0.0,0.0,71000.0,14200.0
2026-07,9396,Biostar Rx 580 VA5815RQ82 Dual Cooling Fan 8gb 256bit GDdr5 Gaming Videocard,GRAPHIC CARD,8.0,63600.0,0.0,0.0,63600.0,7950.0
2026-07,9883,Asus Prime AMD Radeon RX 9070 OC (PRIME-RX9070-O16G) 16GB 256-Bit GDDR6 Videocard,GRAPHIC CARD,12.0,575400.0,0.0,0.0,575400.0,47950.0
2026-07,9967,MSI Nvidia GeForce RTX 5070 VENTUS 2X OC 12GB 192-bit GDDR7 Videocard,GRAPHIC CARD,9.0,422550.0,0.0,0.0,422550.0,46950.0
2026-07,160,Seagate 1tb ST1000DM010 Harddisk Drive,HARD DISK,1.0,3450.0,0.0,0.0,3450.0,3450.0
2026-07,11573,Aula S75 Pro RGB Gaming Mechanical Wireless Tri-Mode Keyboard Gradient Pink,KEYBOARD,19.0,46550.0,0.0,0.0,46550.0,2450.0
2026-07,4285,Fantech MAXPOWER MK853 Mechanical Gaming Keyboard White - BLUE Switch,KEYBOARD,14.0,20720.0,0.0,0.0,20720.0,1480.0
2026-07,11464,"MSI Cyborg 15 A13VE-2453PHNN 15.6"" FHD IPS 144Hz Intel Core i5-13420H/8GB DDR5-5200/512GB NVMe SSD PCIe Gen4/RTX 4050 6GD6/Win11 Laptop",LAPTOP GA2,1.0,58995.0,0.0,0.0,58995.0,58995.0
2026-07,11564,"Asus Vivobook 14 X1404VA-EB2200WSM 14.0"" FHD Intel Core 5 120U/8GB DDR5/512GB SSD/Win11 Laptop H&S+M365 + Laptop Bag",LAPTOP PR2,3.0,131985.0,0.0,0.0,131985.0,43995.0
2026-07,11527,"Lenovo V15 G4 ABP 15.6"" FHD Ryzen 7-7730U/8GB DDR4/512GB NVMe SSD/Win11 Pro Laptop SE",LAPTOP PR3,6.0,239970.0,0.0,0.0,239970.0,39995.0
2026-07,11550,"Lenovo V15 G5 IRL 15.6"" Intel Core i5-13420H/16GB DDR5/512GB SSD Laptop/Win11 Laptop SE + Laptop Bag",LAPTOP PR3,1.0,44995.0,0.0,0.0,44995.0,44995.0
2026-07,10286,Lexar LD5S16G56C46ST-BGS 16GB 5600Mhz DDR5 Sodimm Memory,MEMORY,16.0,249600.0,0.0,0.0,249600.0,15600.0
2026-07,10789,Teamgroup Vulcan 16GB 8GBx2 6000Mhz CL38 DDR5 Memory,MEMORY,15.0,217500.0,0.0,0.0,217500.0,14500.0
2026-07,10905,Lexar Ares 8GB LD4U08G32C16LA-RGS 3200Mhz DDR4 RGB Memory Black,MEMORY,16.0,68000.0,0.0,0.0,68000.0,4250.0
2026-07,11052,Biostar Storming V 8GB 3200Mhz DDR4 Memory,MEMORY,19.0,78850.0,0.0,0.0,78850.0,4150.0
2026-07,11185,Crucial 16GB CT16G4SFRA32A 3200Mhz DDR4 Sodimm,MEMORY,16.0,132000.0,0.0,0.0,132000.0,8250.0
2026-07,11327,HKC PC 16gb 3200mhz DDR4 with Heatsink Memory Black,MEMORY,8.0,49560.0,0.0,0.0,49560.0,6195.0
2026-07,11444,FASPEED 8GB 3200Mhz DDR4 with Heatsink Memory,MEMORY,20.0,63000.0,0.0,0.0,63000.0,3150.0
2026-07,11450,HKC PC 8gb 3200mhz DDR4 with Heatsink Memory Black,MEMORY,15.0,51750.0,0.0,0.0,51750.0,3450.0
2026-07,11548,Hiksemi Future 16GB (16x1) HSC516U56C2 5600Mhz CL38 DDR5 Memory Black,MEMORY,18.0,269910.0,0.0,0.0,269910.0,14995.0
2026-07,1372,Ramsta 4gb 1x4 2666mhz Ddr4 Memory,MEMORY,18.0,9000.0,0.0,0.0,9000.0,500.0
2026-07,2489,Ramsta 4gb 1x4 2666mhz Ddr4 Sodimm Memory,MEMORY,10.0,4000.0,0.0,0.0,4000.0,400.0
2026-07,3150,Team Elite TForce Delta 16gb 2x8 3600mhz Ddr4 RGB Memory Black,MEMORY,25.0,228750.0,0.0,0.0,228750.0,9150.0
2026-07,3151,Team Elite TForce Delta 16gb 2x8 3600mhz Ddr4 RGB Memory White,MEMORY,15.0,137250.0,0.0,0.0,137250.0,9150.0
2026-07,4055,Team Elite Plus 8gb 1x8 3200Mhz Ddr4 Memory Black Gold,MEMORY,14.0,66500.0,0.0,0.0,66500.0,4750.0
2026-07,9324,KINGBANK 16GB 1x16 3200mhz DDR4 with Heatsink Memory Silver,MEMORY,21.0,156450.0,0.0,0.0,156450.0,7450.0
2026-07,11448,Y5Pro Intel Core i5 8250U / 16GB DDr4 / 512GB SSD / WIFI 5 DUAL / 4* USB 3.0 / 2* HDMI 2.0 / 1* RJ45 1000Mbps / 1* Type-C / Windows 11 Pro Mini PC,MINI PC,1.0,20950.0,0.0,0.0,20950.0,20950.0
2026-07,11579,Y5Plus Intel Core i7 4650U / 8GB DDr3 / 128GB SSD / WIFI 5 DUAL / 4* USB 3.0 / 2* HDMI 2.0 / 1* RJ45 1000Mbps / 1* Type-C / Windows 11 Pro Mini PC,MINI PC,1.0,9950.0,0.0,0.0,9950.0,9950.0
2026-07,9794,"Nvision A24K6-S-i704-1625 Intel i7-4700M 16GB 256GB SSD 23.8"" FHD IPS All in One PC",MINI PC,2.0,33900.0,0.0,0.0,33900.0,16950.0
2026-07,10295,Asus B650M-AYW Wifi DDR5 AMD Motherboard,MOTHERBOARD,10.0,72950.0,0.0,0.0,72950.0,7295.0
2026-07,10296,Asus Prime A520M-K/CSM AM4 AMD Motherboard,MOTHERBOARD,17.0,56015.0,0.0,0.0,56015.0,3295.0
2026-07,10647,ASUS PRIME B850M-A WIFI-CSM Socket AM5 DDR5 Motherboard,MOTHERBOARD,12.0,137940.0,0.0,0.0,137940.0,11495.0
2026-07,10675,MSI B650M GAMING WIFI AM5 DDR5 Motherboard,MOTHERBOARD,13.0,96135.0,0.0,0.0,96135.0,7395.0
2026-07,11556,Gigabyte B550M-K Socket Am4 Ddr4 Motherboard,MOTHERBOARD,15.0,74250.0,0.0,0.0,74250.0,4950.0
2026-07,11558,Asus B760M-AYW WIFI Socket LGA 1700 Ddr4 Motherboard,MOTHERBOARD,12.0,112200.0,0.0,0.0,112200.0,9350.0
2026-07,11593,Gigabyte B860M GAMING X WIFI6E LGA1851 Socket Ddr5 Motherboard,MOTHERBOARD,10.0,120950.0,0.0,0.0,120950.0,12095.0
2026-07,2756,MSI B550M Pro VDH Wifi Socket Am4 Ddr4 Motherboard,MOTHERBOARD,7.0,44450.0,0.0,0.0,44450.0,6350.0
2026-07,3367,MSI A520m-A Pro Socket Am4 Ddr4 Motherboard,MOTHERBOARD,22.0,71500.0,0.0,0.0,71500.0,3250.0
2026-07,4492,Asus Prime B550M-A Wifi II Socket Am4 Ddr4 Gaming Motherboard,MOTHERBOARD,9.0,58050.0,0.0,0.0,58050.0,6450.0
2026-07,7615,MSI B650M Project zero socket LGA AM5 DDR5 Motherboard,MOTHERBOARD,14.0,179900.0,0.0,0.0,179900.0,12850.0
2026-07,8617,Asrock A520M-HVS Socket Am4 DDR4 Motherboard,MOTHERBOARD,12.0,37800.0,0.0,0.0,37800.0,3150.0
2026-07,9385,Biostar A520MHP Socket Am4 DDR4 Motherboard,MOTHERBOARD,18.0,52110.0,0.0,0.0,52110.0,2895.0
2026-07,9759,MSI PRO X870-P WIFI Ddr5 AM5 Motherboard,MOTHERBOARD,14.0,251300.0,0.0,0.0,251300.0,17950.0
2026-07,9879,MSI B550M-A PRO Socket Am4 Ddr4 Motherboard,MOTHERBOARD,13.0,60450.0,0.0,0.0,60450.0,4650.0
2026-07,9970,Asus Prime B550M-K ARGB Socket Am4 Ddr4 Motherboard,MOTHERBOARD,9.0,43650.0,0.0,0.0,43650.0,4850.0
2026-07,10488,RAKK DASIG X3 Ambidextrous Hotswap Trimode PAW3311 Huano 80M RGB Gaming Mouse Black,MOUSE,6.0,5970.0,0.0,0.0,5970.0,995.0
2026-07,10489,RAKK DASIG X3 Ambidextrous Hotswap Trimode PAW3311 Huano 80M RGB Gaming Mouse White,MOUSE,21.0,20895.0,0.0,0.0,20895.0,995.0
2026-07,10776,RAKK TALAN AERO X PAW3395 8K Polling Omron Optical Trimode Lightweight 55g Gaming Mouse Black,MOUSE,2.0,4390.0,0.0,0.0,4390.0,2195.0
2026-07,10994,Logitech G 502X Wired Gaming Mouse White,MOUSE,8.0,24760.0,0.0,0.0,24760.0,3095.0
2026-07,3513,Logitech G102 Lightsync Gaming Mouse Black,MOUSE,8.0,7440.0,0.0,0.0,7440.0,930.0
2026-07,3700,Logitech G102 Lightsync Gaming Mouse White,MOUSE,5.0,4650.0,0.0,0.0,4650.0,930.0
2026-07,9299,RAKK DASIG LITE Huano Switch RGB Gaming Mouse,MOUSE,13.0,3640.0,0.0,0.0,3640.0,280.0
2026-07,11172,DITO Home WoWFi Lite 4G WiFi Router,NETWORK DEVICE,3.0,2940.0,0.0,0.0,2940.0,980.0
2026-07,11173,DITO Home WoWFi Pro 5G WiFi Router,NETWORK DEVICE,1.0,1490.0,0.0,0.0,1490.0,1490.0
2026-07,11460,ASUS RT-BE50 BE3600 Dual Band WiFi 7 Router,NETWORK DEVICE,4.0,11980.0,0.0,0.0,11980.0,2995.0
2026-07,130,Tp-Link TL-WA901ND Wireless N Access Point,NETWORK DEVICE,1.0,1894.0,0.0,0.0,1894.0,1894.0
2026-07,1693,TP-Link TL-WR820N 300Mbps Multimode Wi-Fi Router,NETWORK DEVICE,7.0,3430.0,0.0,0.0,3430.0,490.0
2026-07,10146,MSI PANO 110R PZ Mid Tower Gaming PC Case Black,PC CASE,6.0,25200.0,0.0,0.0,25200.0,4200.0
2026-07,10518,NZXT H6 Flow CC-H61FW-01 Tempered Glass ATX PC Case White,PC CASE,9.0,39150.0,0.0,0.0,39150.0,4350.0
2026-07,10519,NZXT H7 Flow (2024) CM-H72FW-01 ATX PC Case White,PC CASE,5.0,23250.0,0.0,0.0,23250.0,4650.0
2026-07,10520,NZXT H7 Flow RGB (2024) CM-H72FB-R1 ATX PC Case Black,PC CASE,11.0,47850.0,0.0,0.0,47850.0,4350.0
2026-07,10668,CoolerMaster Elite 302 ARGB Micro ATX PC Case Black,PC CASE,11.0,32945.0,0.0,0.0,32945.0,2995.0
2026-07,10808,MSI PAG PANO M110A ARGB Micro ATX PC Case Black,PC CASE,4.0,9800.0,0.0,0.0,9800.0,2450.0
2026-07,10828,DarkFlash Floatron F1 Micro ATX PC Case Black & White,PC CASE,6.0,23970.0,0.0,0.0,23970.0,3995.0
2026-07,10928,CoolerMaster Qube 540 Moonstone ATX PC Case,PC CASE,6.0,23970.0,0.0,0.0,23970.0,3995.0
2026-07,10963,CoolerMaster Elite 600 ARGB ATX Mid Tower PC Case Black,PC CASE,6.0,32100.0,0.0,0.0,32100.0,5350.0
2026-07,10972,Asus A31 Tempered Glass Mid Tower ATX PC Case White,PC CASE,4.0,13600.0,0.0,0.0,13600.0,3400.0
2026-07,11002,RAKK TANAN MATX Tempered Glass with PSU and Fans,PC CASE,6.0,7770.0,0.0,0.0,7770.0,1295.0
2026-07,11068,DarkFlash M305 with 3 RGB Fan Micro ATX Tempered Glass Gaming PC Case Black,PC CASE,7.0,9765.0,0.0,0.0,9765.0,1395.0
2026-07,11102,YGT Mars 9 Micro ATX PC Case with PSU Black,PC CASE,8.0,6360.0,0.0,0.0,6360.0,795.0
2026-07,11131,Asus A21 Tempered Glass Micro ATX PC Case Black,PC CASE,7.0,20965.0,0.0,0.0,20965.0,2995.0
2026-07,11306,Gamdias Aura GC10 v2 ARGB Dual Chamber Micro ATX PC Case Black,PC CASE,11.0,27445.0,0.0,0.0,27445.0,2495.0
2026-07,11406,Cougar MX110 RGB Mid Tower Tempered Glass ATX PC Case Black,PC CASE,17.0,39950.0,0.0,0.0,39950.0,2350.0
2026-07,11546,YGT 420B Micro ATX PC Case Black,PC CASE,9.0,11250.0,0.0,0.0,11250.0,1250.0
2026-07,6579,InPlay Wind 01 Acrylic Side Panel Micro ATX PC Case,PC CASE,7.0,0.0,0.0,0.0,0.0,0.0
2026-07,7367,MSI MAG Forge M100A Auto RGB Micro ATX PC Case Black,PC CASE,12.0,26280.0,0.0,0.0,26280.0,2190.0
2026-07,9897,YGT V100 Micro ATX PC Case with PSU White,PC CASE,9.0,8010.0,0.0,0.0,8010.0,890.0
2026-07,9973,MSI MAG PANO 100R Project Zero Micro ATX PC Case Black,PC CASE,6.0,39900.0,0.0,0.0,39900.0,6650.0
2026-07,10052,Asus Prime 650W 80+ Bronze Power Supply,POWER SUPPLY,11.0,40150.0,0.0,0.0,40150.0,3650.0
2026-07,10208,Asus Prime AP-850W 80+ Gold Full Modular Power Supply,POWER SUPPLY,5.0,37475.0,0.0,0.0,37475.0,7495.0
2026-07,10376,ASRock Pro-650B 650W 80+ Bronze Non-Modular ATX 3.1 Power Supply,POWER SUPPLY,16.0,42400.0,0.0,0.0,42400.0,2650.0
2026-07,10679,ASRock Steel Legend SL-1000G 1000W 80+ Gold Cybenetics Gold ATX 3.1 Full Modular Power Supply,POWER SUPPLY,13.0,122850.0,0.0,0.0,122850.0,9450.0
2026-07,11266,Acer AC-500 500W Non-Modular 80+ Bronze Power Supply Black,POWER SUPPLY,19.0,23750.0,0.0,0.0,23750.0,1250.0
2026-07,11267,Acer AC-650 650W Non-Modular 80+ Bronze Power Supply Black,POWER SUPPLY,10.0,17890.0,0.0,0.0,17890.0,1789.0
2026-07,11332,Acer AC-750 750W Non-Modular 80+ Bronze Power Supply Black,POWER SUPPLY,13.0,27300.0,0.0,0.0,27300.0,2100.0
2026-07,176,Intelligent 700 watts Power Supply,POWER SUPPLY,21.0,9450.0,0.0,0.0,9450.0,450.0
2026-07,4079,MSI MAG A650BN 650Watts 80+ Non-Modular Power Supply Bronze,POWER SUPPLY,2.0,6590.0,0.0,0.0,6590.0,3295.0
2026-07,4080,MSI MAG A550BN 550Watts 80+ Non-Modular Power Supply Bronze,POWER SUPPLY,14.0,39970.0,0.0,0.0,39970.0,2855.0
2026-07,6242,MSI MAG A600DN 600W 80+ Power Supply,POWER SUPPLY,11.0,30415.0,0.0,0.0,30415.0,2765.0
2026-07,7838,MSI MAG A850GL 850Watts PCIE5 80+ Full Modular Power Supply Gold Black,POWER SUPPLY,14.0,101220.0,0.0,0.0,101220.0,7230.0
2026-07,8542,Acer AC-550 550w Full Modular 80plus Bronze Power Supply,POWER SUPPLY,11.0,15785.0,0.0,0.0,15785.0,1435.0
2026-07,8543,Acer AC-650 650w Full Modular  80plus Bronze Power Supply,POWER SUPPLY,14.0,28770.0,0.0,0.0,28770.0,2055.0
2026-07,9703,CoolerMaster MWE 650W V3 (MPE-6501-ACABW-3BUS) 80+ Bronze ATX 3.1 Power Supply,POWER SUPPLY,13.0,49530.0,0.0,0.0,49530.0,3810.0
2026-07,9938,CoolerMaster MWE 750W V3 (MPE-7501-ACABW-3BUS) 80+ Bronze ATX 3.1 Power Supply,POWER SUPPLY,11.0,47498.0,0.0,0.0,47498.0,4318.0
2026-07,11598,Epson L3310 Multi Functional Integrated Ink Tank Printer,PRINTER AND SCANNER,2.0,18100.0,0.0,0.0,18100.0,9050.0
2026-07,11599,Epson L3350 Wi-Fi Multi Functional Integrated Ink Tank Printer,PRINTER AND SCANNER,1.0,10530.0,0.0,0.0,10530.0,10530.0
2026-07,2008,Canon Pixma TS207 Printer Inkjet,PRINTER AND SCANNER,2.0,4460.0,0.0,0.0,4460.0,2230.0
2026-07,3940,Epson L121 Ink Tank Printer,PRINTER AND SCANNER,1.0,5450.0,0.0,0.0,5450.0,5450.0
2026-07,4804,Canon Pixma MG3070S Compact Wireless All-In-One Printer,PRINTER AND SCANNER,2.0,6850.0,0.0,0.0,6850.0,3425.0
2026-07,10057,AMD Ryzen 9 9900X 4.4GHz AM5 Socket DDR5 Processor TTP,PROCESSOR,10.0,249500.0,0.0,0.0,249500.0,24950.0
2026-07,10102,AMD Ryzen 7 7700 Socket AM5 3.8GHz Processor MPK,PROCESSOR,8.0,95600.0,0.0,0.0,95600.0,11950.0
2026-07,10110,AMD Ryzen 5 5500GT 3.6GHz AM4 Socket DDR4 Processor MPK,PROCESSOR,7.0,56665.0,0.0,0.0,56665.0,8095.0
2026-07,10911,Intel Core i9-14900K Raptor Lake Socket LGA 1700 3.20GHz Processor MPK,PROCESSOR,9.0,287550.0,0.0,0.0,287550.0,31950.0
2026-07,10938,AMD Ryzen 5 8400F 4.2GHz AM5 Socket DDR5 Processor MPK,PROCESSOR,12.0,107400.0,0.0,0.0,107400.0,8950.0
2026-07,11064,AMD Ryzen 5 3400g 3.7ghz AM4 Socket DDR4 Processor MPK,PROCESSOR,9.0,34155.0,0.0,0.0,34155.0,3795.0
2026-07,11065,AMD Ryzen 7 8700F 4.1ghz AM5 Socket DDR5 Processor MPK,PROCESSOR,5.0,47250.0,0.0,0.0,47250.0,9450.0
2026-07,11592,Intel Core Ultra 7 processor 270K Plus LGA 1851 5.5Ghz Processor,PROCESSOR,18.0,377100.0,0.0,0.0,377100.0,20950.0
2026-07,4513,AMD Ryzen 5 5600X Socket AM4 3.7GHz Processor with Wraith Stealth Cooler MPK,PROCESSOR,18.0,161100.0,0.0,0.0,161100.0,8950.0
2026-07,5640,AMD Ryzen 5 5500 Socket Am4 3.6GHz Processor with AMD wraith cooler MPK,PROCESSOR,5.0,26000.0,0.0,0.0,26000.0,5200.0
2026-07,5663,AMD Ryzen 5 5600 Socket Am4 3.5GHz Processor with Wraith stealth cooler MPK,PROCESSOR,5.0,36000.0,0.0,0.0,36000.0,7200.0
2026-07,7098,AMD Ryzen 7 5700G Socket Am4 3.8GHz with Radeon Vega 8 wraith stealth cooler Processor MPK,PROCESSOR,13.0,159250.0,0.0,0.0,159250.0,12250.0
2026-07,7929,AMD Ryzen 7 5700X Socket AM4 3.4GHz Processor with AMD Wraith Stealth cooler MPK,PROCESSOR,13.0,129350.0,0.0,0.0,129350.0,9950.0
2026-07,8432,AMD Ryzen 3 3200g PRO Socket Am4 3.6ghz with Radeon Vega 8 Processor MPK,PROCESSOR,5.0,16975.0,0.0,0.0,16975.0,3395.0
2026-07,9608,AMD RYZEN 7 7800X3D Socket AM5 D5 5.0ghz with Radeon Graphics processor TTP,PROCESSOR,9.0,166050.0,0.0,0.0,166050.0,18450.0
2026-07,9614,AMD RYZEN 7 9800X3D Socket AM5 D5 5.2ghz with Radeon Graphics processor,PROCESSOR,11.0,307450.0,0.0,0.0,307450.0,27950.0
2026-07,9776,AMD Ryzen 5 5600GT 3.6GHz AM4 Socket DDR4 Processor MPK,PROCESSOR,12.0,110340.0,0.0,0.0,110340.0,9195.0
2026-07,9841,Intel Core i5-14400 4.7GHz LGA 1700 Processor MPK,PROCESSOR,7.0,83650.0,0.0,0.0,83650.0,11950.0
2026-07,10697,Lexar NQ100 256GB Solid State Drive SATA 2.5,SOLID STATE DRIVE,18.0,71910.0,0.0,0.0,71910.0,3995.0
2026-07,10797,Lexar NM620 1TB M.2 NVME Solid State Drive,SOLID STATE DRIVE,19.0,153900.0,0.0,0.0,153900.0,8100.0
2026-07,10804,Team Group MP33 512GB M.2 PCIe Gen3.0 x4 NVME 1.3 Solid State Drive,SOLID STATE DRIVE,13.0,81250.0,0.0,0.0,81250.0,6250.0
2026-07,11148,Teamgroup T-Force GA Pro 1TB NVMe M.2 Gen 5 Solid State Drive,SOLID STATE DRIVE,25.0,271250.0,0.0,0.0,271250.0,10850.0
2026-07,11152,Hiksemi Wave S 256B SATA 2.5 Solid State Drive,SOLID STATE DRIVE,24.0,80400.0,0.0,0.0,80400.0,3350.0
2026-07,11269,Hiksemi Wave P 256GB PCIE Gen3 M.2 Solid State Drive,SOLID STATE DRIVE,6.0,20970.0,0.0,0.0,20970.0,3495.0
2026-07,11323,ESGaming 512GB SATA 2.5 Solid State Drive,SOLID STATE DRIVE,21.0,92295.0,0.0,0.0,92295.0,4395.0
2026-07,11577,Apacer AS2280P4 512GB PCIe Gen 3x4 M.2 NVMe Solid State Drive,SOLID STATE DRIVE,24.0,127080.0,0.0,0.0,127080.0,5295.0
2026-07,1681,Team Group GX2 Solid State Drive 256gb SATA 2.5,SOLID STATE DRIVE,18.0,62100.0,0.0,0.0,62100.0,3450.0
2026-07,1909,Lexar NS10 Lite Solid State Drive 120gb SATA 2.5,SOLID STATE DRIVE,19.0,27550.0,0.0,0.0,27550.0,1450.0
2026-07,6856,Team Group MP33 256GB M.2 PCIe NVME Solid State Drive,SOLID STATE DRIVE,24.0,80400.0,0.0,0.0,80400.0,3350.0
2026-07,6936,Adata SU650 Solid State Drive 512GB SATA 2.5,SOLID STATE DRIVE,21.0,104895.0,0.0,0.0,104895.0,4995.0
2026-07,10832,"ORTIZAN C7 Dual-Mode 2.0 Studio Monitors, Active Monitor Speakers, Black",SPEAKER,2.0,6390.0,0.0,0.0,6390.0,3195.0
2026-07,10833,"ORTIZAN C7 Dual-Mode 2.0 Studio Monitors, Active Monitor Speakers, White",SPEAKER,5.0,15975.0,0.0,0.0,15975.0,3195.0
2026-07,10855,Edifier ES20 Portable Bluetooth Speaker Black,SPEAKER,2.0,3390.0,0.0,0.0,3390.0,1695.0
2026-07,10870,InPlay MS002 Mini Speaker Black,SPEAKER,1.0,210.0,0.0,0.0,210.0,210.0
2026-07,9768,Edifier T5 Powered Subwoofer,SPEAKER,1.0,4950.0,0.0,0.0,4950.0,4950.0
2026-07,2991,APC Back-Ups BVX650I-PH 360 Watts 650va with Avr Universal Sockets Ups,UPS & AVR,7.0,15400.0,0.0,0.0,15400.0,2200.0
2026-07,36,Secure 220v Avr,UPS & AVR,5.0,1250.0,0.0,0.0,1250.0,250.0
2026-07,454,Secure 650va Ups,UPS & AVR,3.0,4350.0,0.0,0.0,4350.0,1450.0
2026-08,6252,RAKK SINAG98 Polycarbonate Case,ACCESSORIES,1.0,1.0,0.0,0.0,1.0,1.0
2026-08,645,PwS03+ External Power Switch and Usb Hub Desktop,ACCESSORIES,1.0,50.0,0.0,0.0,50.0,50.0
2026-08,10653,RAKK Matik USB Gaming Headset LED Illuminated,AUDIO,4.0,1260.0,0.0,0.0,1260.0,315.0
2026-08,10952,EPOS Sennheiser Impact SC 260 ED Headset,AUDIO,2.0,2640.0,0.0,0.0,2640.0,1320.0
2026-08,10991,Logitech G PRO X Wired 7.1 Gaming Headset,AUDIO,4.0,18200.0,0.0,0.0,18200.0,4550.0
2026-08,10993,Logitech G PRO X Wired 7.1 Gaming Headset (League of Legends Edition),AUDIO,4.0,18200.0,0.0,0.0,18200.0,4550.0
2026-08,11507,Accutone UB210 Noise Cancelling Headset Black,AUDIO,3.0,4650.0,0.0,0.0,4650.0,1550.0
2026-08,11508,Accutone Sonar 280 Wireless & Wired Noise Cancelling Headset Black,AUDIO,5.0,10300.0,0.0,0.0,10300.0,2060.0
2026-08,11509,Accutone Converse 95 Noise Cancelling Headset Black,AUDIO,2.0,4640.0,0.0,0.0,4640.0,2320.0
2026-08,11510,Accutone Nexus 2000 MagSafe Speaker Blue,AUDIO,1.0,1250.0,0.0,0.0,1250.0,1250.0
2026-08,11511,Accutone Nexus 2000 MagSafe Speaker Gray,AUDIO,2.0,2500.0,0.0,0.0,2500.0,1250.0
2026-08,11512,Accutone Nexus 2000 MagSafe Speaker Pink,AUDIO,4.0,5000.0,0.0,0.0,5000.0,1250.0
2026-08,11612,Accutone UB101 Stereo USB Headset Black,AUDIO,4.0,1380.0,0.0,0.0,1380.0,345.0
2026-08,7652,RAKK SONIDO 7.1 Virtual Surround RGB Gaming Headset USB Black,AUDIO,3.0,2985.0,0.0,0.0,2985.0,995.0
2026-08,8581,Edifier W820NB Plus Active Noice Cancellation Bluetooth Stereo Wireless Headset Ivory,AUDIO,3.0,5550.0,0.0,0.0,5550.0,1850.0
2026-08,11134,Ad-Link ADAPTER (A53) DP TO VGA CONVERTER,CABLES AND ADAPTERS,1.0,220.0,0.0,0.0,220.0,220.0
2026-08,7824,Hikvision E-HWID 2.8MM Eco-HiWatch 2.mm IR Dome E-HWID,CAMERA,2.0,2900.0,0.0,0.0,2900.0,1450.0
2026-08,78,A4Tech KRS-8572 Usb Keyboard and Mouse Black,COMBO,52.0,26520.0,0.0,0.0,26520.0,510.0
2026-08,9301,RAKK APTAS ILLUMINATED / Membrane Keyboard and Mouse / No software / Rainbow lighting / Black,COMBO,47.0,13395.0,0.0,0.0,13395.0,285.0
2026-08,10370,DarkFlash Infinity 34 3in1 ARGB Chassis Fan Black,COOLING,10.0,11500.0,0.0,0.0,11500.0,1150.0
2026-08,10373,DarkFlash Infinity 34 Single ARGB Chassis Fan White,COOLING,13.0,5460.0,0.0,0.0,5460.0,420.0
2026-08,10386,MSI MAG COREFROZR AA13 ARGB CPU Air Cooler black,COOLING,9.0,10755.0,0.0,0.0,10755.0,1195.0
2026-08,10590,YGT Cyber-120IFB 3in1 ARGB Chassis Fan Black,COOLING,8.0,4400.0,0.0,0.0,4400.0,550.0
2026-08,10743,NZXT F120 RGB Duo Triple Pack (RF-D12TF-W1) with RGB Controller Chassis Fan White,COOLING,8.0,12000.0,0.0,0.0,12000.0,1500.0
2026-08,10839,CoolerMaster Hyper 212 3DHP ARGB CPU Air Cooler Black,COOLING,7.0,9765.0,0.0,0.0,9765.0,1395.0
2026-08,10858,DarkFlash E400 Plus Matrix Display CPU Air Cooler White,COOLING,9.0,14850.0,0.0,0.0,14850.0,1650.0
2026-08,10930,CoolerMaster MasterLiquid 240L Core Liquid Cooling Black,COOLING,14.0,51800.0,0.0,0.0,51800.0,3700.0
2026-08,10966,CoolerMaster V4 Alpha 3DHP CPU Air Cooler Black,COOLING,12.0,22740.0,0.0,0.0,22740.0,1895.0
2026-08,10990,BeQuiet Silent Wings 4 (BL094) 120mm PWM High Speed Single Chassis Fan Black,COOLING,11.0,13200.0,0.0,0.0,13200.0,1200.0
2026-08,11005,Asus AR120 ARGB PWM Single Chassis Fan Black,COOLING,14.0,2100.0,0.0,0.0,2100.0,150.0
2026-08,11159,Jungle Leopard Chill Arc 360mm ARGB Liquid Cooling Black,COOLING,11.0,120450.0,0.0,0.0,120450.0,10950.0
2026-08,11160,Jungle Leopard Chill Arc 360mm ARGB Liquid Cooling White,COOLING,8.0,90360.0,0.0,0.0,90360.0,11295.0
2026-08,11216,CoolerMaster MasterLiquid Core Nex 360 ARGB CPU Liquid Cooler Black,COOLING,5.0,22250.0,0.0,0.0,22250.0,4450.0
2026-08,6174,Deepcool TW-003 CPU Air Cooler,COOLING,19.0,7600.0,0.0,0.0,7600.0,400.0
2026-08,7,AMD Stock Heatsink Fan,COOLING,8.0,1120.0,0.0,0.0,1120.0,140.0
2026-08,7501,DarkFlash DM12 F Single ARGB Chassis Fan Black,COOLING,10.0,2350.0,0.0,0.0,2350.0,235.0
2026-08,7502,DarkFlash DM12 F Single ARGB Chassis Fan White,COOLING,12.0,3420.0,0.0,0.0,3420.0,285.0
2026-08,7505,DarkFlash Infinity24 Single ARGB Chassis Fan Black,COOLING,12.0,3420.0,0.0,0.0,3420.0,285.0
2026-08,9737,MSI MAG Coreliquid A13 240 CPU Liquid Cooler Black,COOLING,7.0,25550.0,0.0,0.0,25550.0,3650.0
2026-08,9835,MSI MAG Coreliquid A13 360 CPU Liquid Cooler Black,COOLING,10.0,42800.0,0.0,0.0,42800.0,4280.0
2026-08,9836,MSI MAG Coreliquid A13 360 CPU Liquid Cooler White,COOLING,5.0,20700.0,0.0,0.0,20700.0,4140.0
2026-08,10425,"ViewSonic VA24G1-H 24"" FHD 144Hz IPS Monitor",DISPLAY,11.0,45650.0,0.0,0.0,45650.0,4150.0
2026-08,10540,"ASUS ROG Strix XG27ACMES 27"" QHD 255Hz-OC Fast IPS Monitor",DISPLAY,6.0,95970.0,0.0,0.0,95970.0,15995.0
2026-08,10711,"ASUS TUF Gaming Series 5 VG259QMR5A 24.5"" FHD 310Hz(OC) Fast-IPS Monitor",DISPLAY,6.0,56970.0,0.0,0.0,56970.0,9495.0
2026-08,10836,"AOC 24G11ZE 23.8"" 240Hz OC FHD Fast IPS Monitor",DISPLAY,10.0,65950.0,0.0,0.0,65950.0,6595.0
2026-08,10918,"Philips 24E2G2200 23.8"" 144Hz IPS FHD Monitor",DISPLAY,7.0,29365.0,0.0,0.0,29365.0,4195.0
2026-08,10919,"Philips 27E2G2200 27"" 144Hz IPS FHD Monitor",DISPLAY,4.0,23980.0,0.0,0.0,23980.0,5995.0
2026-08,10940,"MSI MAG 245F X24 23.8"" 240Hz FHD Rapid IPS Monitor",DISPLAY,15.0,96750.0,0.0,0.0,96750.0,6450.0
2026-08,10941,"MSI MAG 272F X24 27"" 240Hz FHD Rapid IPS Monitor",DISPLAY,5.0,44750.0,0.0,0.0,44750.0,8950.0
2026-08,11074,"AOC 24B36XE 23.8"" FHD 144Hz IPS Monitor",DISPLAY,9.0,38250.0,0.0,0.0,38250.0,4250.0
2026-08,11127,"Nvision N2455GT-B 23.8"" FHD 144Hz IPS Monitor",DISPLAY,11.0,43450.0,0.0,0.0,43450.0,3950.0
2026-08,11151,"MSI MAG 275QF E20 27"" WQHD 200Hz Rapid IPS Monitor",DISPLAY,4.0,46000.0,0.0,0.0,46000.0,11500.0
2026-08,11208,"Gamdias Atlas HD24IF IV 23.8"" 240Hz FHD Fast IPS Monitor Black",DISPLAY,5.0,29350.0,0.0,0.0,29350.0,5870.0
2026-08,11258,"AOC Q27G4SL/WS 27"" QHD 320Hz Fast IPS HDR 400 Monitor",DISPLAY,13.0,179400.0,0.0,0.0,179400.0,13800.0
2026-08,11472,"MSI PRO MP251 E14L 24.5"" 144HZ FHD IPS Monitor",DISPLAY,7.0,30275.0,0.0,0.0,30275.0,4325.0
2026-08,11473,"Asus TUF Gaming VG259QM5A 24.5"" 240Hz IPS Gaming Monitor",DISPLAY,5.0,39475.0,0.0,0.0,39475.0,7895.0
2026-08,11528,"LG 24U411A-B 23.8"" 120Hz FHD IPS Monitor",DISPLAY,7.0,25550.0,0.0,0.0,25550.0,3650.0
2026-08,7785,Nvision N190V8 19' LED Monitor,DISPLAY,13.0,22100.0,0.0,0.0,22100.0,1700.0
2026-08,7786,"Nvision N200V8 20"" LED Monitor",DISPLAY,9.0,15435.0,0.0,0.0,15435.0,1715.0
2026-08,8060,"Nvision H22V8 21.5"" LED Monitor",DISPLAY,11.0,24640.0,0.0,0.0,24640.0,2240.0
2026-08,9904,"Viewsonic VX2479A-HD-PRO 24"" 240Hz FHD 1MS MPRT IPS HDR10 Gaming Monitor",DISPLAY,10.0,63300.0,0.0,0.0,63300.0,6330.0
2026-08,11003,RAKK SUKOG LITE 800x400x3mm Mousepad Black,GAMING SURFACE,23.0,4370.0,0.0,0.0,4370.0,190.0
2026-08,10053,ASUS Dual Nvidia Geforce RTX 3050 OC Edition (DUAL-RTX3050-O6G) 6GB 96-bit GDRR6 Videocard,GRAPHIC CARD,11.0,158950.0,0.0,0.0,158950.0,14450.0
2026-08,10072,MSI Nvidia GeForce RTX 5060 VENTUS 2X OC (G5060-8V2C) 8GB 128-bit GDDR7 Videocard,GRAPHIC CARD,9.0,220500.0,0.0,0.0,220500.0,24500.0
2026-08,10080,Gigabyte Nvidia GeForce RTX 5060 AERO OC (GV-N5060AERO-OC-8GD) 8GB 128-bit GDDR7 Videocard,GRAPHIC CARD,17.0,437750.0,0.0,0.0,437750.0,25750.0
2026-08,10152,MSI GeForce RTX 5070 Ti VENTUS 3X OC (G507T-16V3C) 16GB 256-bit GDDR7 Videocard,GRAPHIC CARD,20.0,1319000.0,0.0,0.0,1319000.0,65950.0
2026-08,10155,ASUS DUAL GeForce RTX 5060 (DUAL-RTX5060-8G) 8GB 128-bit GDDR7 Videocard,GRAPHIC CARD,7.0,174650.0,0.0,0.0,174650.0,24950.0
2026-08,10206,ASUS Dual RX 7600 EVO OC Edition DUAL-RX7600-O8G-EVO 8GB 128-bit GDDR6 Videocard,GRAPHIC CARD,13.0,298350.0,0.0,0.0,298350.0,22950.0
2026-08,10207,ASUS Prime AMD Radeon RX 9060 XT OC (PRIME-RX9060XT-O16G) 16GB 128-Bit GDDR6 Videocard,GRAPHIC CARD,6.0,209700.0,0.0,0.0,209700.0,34950.0
2026-08,10225,MSI Nvidia GeForce RTX 5060 SHADOW 2X OC (G5060-8S2C) 8GB 128-bit GDDR7 Videocard,GRAPHIC CARD,6.0,149700.0,0.0,0.0,149700.0,24950.0
2026-08,10660,MSI Nvidia GeForce RTX 5050 VENTUS 2X OC (G5050-8V2C) 128-bit GDDR6 Videocard,GRAPHIC CARD,13.0,259350.0,0.0,0.0,259350.0,19950.0
2026-08,11557,ASUS DUAL Nvidia GeForce RTX 5060 Ti OC Edition (DUAL-RTX5060TI-O8G) 8GB 128-bit GDDR7 Videocard,GRAPHIC CARD,18.0,521100.0,0.0,0.0,521100.0,28950.0
2026-08,11591,MSI GeForce RTX 5060 Ventus 2X OC v1 (G5060-8V2CV1) 8GB 128-bit GDDR7 Videocard,GRAPHIC CARD,9.0,230850.0,0.0,0.0,230850.0,25650.0
2026-08,11636,Colorful Nvidia GeForce RTX 3050 6GB V4-V 96-bit GDDR6 Videocard,GRAPHIC CARD,6.0,73500.0,0.0,0.0,73500.0,12250.0
2026-08,8396,MSI GEFORCE RTX 3050 VENTUS 2X OC 6GB 96-bit DDR6 Videocard,GRAPHIC CARD,16.0,227200.0,0.0,0.0,227200.0,14200.0
2026-08,9396,Biostar Rx 580 VA5815RQ82 Dual Cooling Fan 8gb 256bit GDdr5 Gaming Videocard,GRAPHIC CARD,7.0,55650.0,0.0,0.0,55650.0,7950.0
2026-08,9883,Asus Prime AMD Radeon RX 9070 OC (PRIME-RX9070-O16G) 16GB 256-Bit GDDR6 Videocard,GRAPHIC CARD,13.0,623350.0,0.0,0.0,623350.0,47950.0
2026-08,9967,MSI Nvidia GeForce RTX 5070 VENTUS 2X OC 12GB 192-bit GDDR7 Videocard,GRAPHIC CARD,5.0,234750.0,0.0,0.0,234750.0,46950.0
2026-08,160,Seagate 1tb ST1000DM010 Harddisk Drive,HARD DISK,7.0,24150.0,0.0,0.0,24150.0,3450.0
2026-08,11573,Aula S75 Pro RGB Gaming Mechanical Wireless Tri-Mode Keyboard Gradient Pink,KEYBOARD,30.0,73500.0,0.0,0.0,73500.0,2450.0
2026-08,4285,Fantech MAXPOWER MK853 Mechanical Gaming Keyboard White - BLUE Switch,KEYBOARD,13.0,19240.0,0.0,0.0,19240.0,1480.0
2026-08,11464,"MSI Cyborg 15 A13VE-2453PHNN 15.6"" FHD IPS 144Hz Intel Core i5-13420H/8GB DDR5-5200/512GB NVMe SSD PCIe Gen4/RTX 4050 6GD6/Win11 Laptop",LAPTOP GA2,2.0,117990.0,0.0,0.0,117990.0,58995.0
2026-08,9998,"Gigabyte Gaming A16 CMHH2PH893SH 16.0"" WUXGA 165Hz Intel Core i5-13420H/16GB DDR5/512GB 2x M.2 SSD/ RTX 4050 6GB/Win11Laptop",LAPTOP GA2,3.0,188985.0,0.0,0.0,188985.0,62995.0
2026-08,11552,"Asus Vivobook Go 15 E1504FA-BQ5585WSM 15.6""FHD IPS Ryzen 5-40/8GB LPDDR5/512GB M.2 NVMe PCIe 3.0 SSD/Win11 Laptop + HS M365",LAPTOP PR2,1.0,39995.0,0.0,0.0,39995.0,39995.0
2026-08,11564,"Asus Vivobook 14 X1404VA-EB2200WSM 14.0"" FHD Intel Core 5 120U/8GB DDR5/512GB SSD/Win11 Laptop H&S+M365 + Laptop Bag",LAPTOP PR2,2.0,87990.0,0.0,0.0,87990.0,43995.0
2026-08,11583,"MSI Modern 14 F3HMG-039PHNN 14.0""FHD IPS Ryzen™ AI 5 330/8GB DDR5-5600/512GB*1 NVMe SSD PCIe Gen4/Win11 Laptop + OFC + Laptop Bag",LAPTOP PR2,1.0,47795.0,0.0,0.0,47795.0,47795.0
2026-08,11461,"MSI Modern 14 F1MG-887PHNN 14.0""FHD IPS Intel Core 7 150U/8GB+8GB DDR4-3200/512GB*1 NVMe SSD PCIe Gen4/Win11 Laptop + OFC + Laptop Bag",LAPTOP PR3,2.0,107990.0,0.0,0.0,107990.0,53995.0
2026-08,11527,"Lenovo V15 G4 ABP 15.6"" FHD Ryzen 7-7730U/8GB DDR4/512GB NVMe SSD/Win11 Pro Laptop SE",LAPTOP PR3,1.0,39995.0,0.0,0.0,39995.0,39995.0
2026-08,11550,"Lenovo V15 G5 IRL 15.6"" Intel Core i5-13420H/16GB DDR5/512GB SSD Laptop/Win11 Laptop SE + Laptop Bag",LAPTOP PR3,3.0,134985.0,0.0,0.0,134985.0,44995.0
2026-08,10286,Lexar LD5S16G56C46ST-BGS 16GB 5600Mhz DDR5 Sodimm Memory,MEMORY,27.0,421200.0,0.0,0.0,421200.0,15600.0
2026-08,10789,Teamgroup Vulcan 16GB 8GBx2 6000Mhz CL38 DDR5 Memory,MEMORY,15.0,217500.0,0.0,0.0,217500.0,14500.0
2026-08,10905,Lexar Ares 8GB LD4U08G32C16LA-RGS 3200Mhz DDR4 RGB Memory Black,MEMORY,18.0,76500.0,0.0,0.0,76500.0,4250.0
2026-08,11052,Biostar Storming V 8GB 3200Mhz DDR4 Memory,MEMORY,23.0,95450.0,0.0,0.0,95450.0,4150.0
2026-08,11185,Crucial 16GB CT16G4SFRA32A 3200Mhz DDR4 Sodimm,MEMORY,29.0,239250.0,0.0,0.0,239250.0,8250.0
2026-08,11327,HKC PC 16gb 3200mhz DDR4 with Heatsink Memory Black,MEMORY,11.0,68145.0,0.0,0.0,68145.0,6195.0
2026-08,11444,FASPEED 8GB 3200Mhz DDR4 with Heatsink Memory,MEMORY,23.0,72450.0,0.0,0.0,72450.0,3150.0
2026-08,11450,HKC PC 8gb 3200mhz DDR4 with Heatsink Memory Black,MEMORY,19.0,65550.0,0.0,0.0,65550.0,3450.0
2026-08,11548,Hiksemi Future 16GB (16x1) HSC516U56C2 5600Mhz CL38 DDR5 Memory Black,MEMORY,25.0,374875.0,0.0,0.0,374875.0,14995.0
2026-08,1372,Ramsta 4gb 1x4 2666mhz Ddr4 Memory,MEMORY,16.0,8000.0,0.0,0.0,8000.0,500.0
2026-08,2489,Ramsta 4gb 1x4 2666mhz Ddr4 Sodimm Memory,MEMORY,18.0,7200.0,0.0,0.0,7200.0,400.0
2026-08,3150,Team Elite TForce Delta 16gb 2x8 3600mhz Ddr4 RGB Memory Black,MEMORY,14.0,128100.0,0.0,0.0,128100.0,9150.0
2026-08,3151,Team Elite TForce Delta 16gb 2x8 3600mhz Ddr4 RGB Memory White,MEMORY,16.0,146400.0,0.0,0.0,146400.0,9150.0
2026-08,4055,Team Elite Plus 8gb 1x8 3200Mhz Ddr4 Memory Black Gold,MEMORY,16.0,76000.0,0.0,0.0,76000.0,4750.0
2026-08,9324,KINGBANK 16GB 1x16 3200mhz DDR4 with Heatsink Memory Silver,MEMORY,16.0,119200.0,0.0,0.0,119200.0,7450.0
2026-08,11448,Y5Pro Intel Core i5 8250U / 16GB DDr4 / 512GB SSD / WIFI 5 DUAL / 4* USB 3.0 / 2* HDMI 2.0 / 1* RJ45 1000Mbps / 1* Type-C / Windows 11 Pro Mini PC,MINI PC,2.0,41900.0,0.0,0.0,41900.0,20950.0
2026-08,11579,Y5Plus Intel Core i7 4650U / 8GB DDr3 / 128GB SSD / WIFI 5 DUAL / 4* USB 3.0 / 2* HDMI 2.0 / 1* RJ45 1000Mbps / 1* Type-C / Windows 11 Pro Mini PC,MINI PC,1.0,9950.0,0.0,0.0,9950.0,9950.0
2026-08,9794,"Nvision A24K6-S-i704-1625 Intel i7-4700M 16GB 256GB SSD 23.8"" FHD IPS All in One PC",MINI PC,4.0,67800.0,0.0,0.0,67800.0,16950.0
2026-08,10295,Asus B650M-AYW Wifi DDR5 AMD Motherboard,MOTHERBOARD,14.0,102130.0,0.0,0.0,102130.0,7295.0
2026-08,10296,Asus Prime A520M-K/CSM AM4 AMD Motherboard,MOTHERBOARD,19.0,62605.0,0.0,0.0,62605.0,3295.0
2026-08,10647,ASUS PRIME B850M-A WIFI-CSM Socket AM5 DDR5 Motherboard,MOTHERBOARD,7.0,80465.0,0.0,0.0,80465.0,11495.0
2026-08,10675,MSI B650M GAMING WIFI AM5 DDR5 Motherboard,MOTHERBOARD,9.0,66555.0,0.0,0.0,66555.0,7395.0
2026-08,11556,Gigabyte B550M-K Socket Am4 Ddr4 Motherboard,MOTHERBOARD,12.0,59400.0,0.0,0.0,59400.0,4950.0
2026-08,11558,Asus B760M-AYW WIFI Socket LGA 1700 Ddr4 Motherboard,MOTHERBOARD,8.0,74800.0,0.0,0.0,74800.0,9350.0
2026-08,11593,Gigabyte B860M GAMING X WIFI6E LGA1851 Socket Ddr5 Motherboard,MOTHERBOARD,18.0,217710.0,0.0,0.0,217710.0,12095.0
2026-08,2756,MSI B550M Pro VDH Wifi Socket Am4 Ddr4 Motherboard,MOTHERBOARD,17.0,107950.0,0.0,0.0,107950.0,6350.0
2026-08,3367,MSI A520m-A Pro Socket Am4 Ddr4 Motherboard,MOTHERBOARD,12.0,39000.0,0.0,0.0,39000.0,3250.0
2026-08,4492,Asus Prime B550M-A Wifi II Socket Am4 Ddr4 Gaming Motherboard,MOTHERBOARD,14.0,90300.0,0.0,0.0,90300.0,6450.0
2026-08,7615,MSI B650M Project zero socket LGA AM5 DDR5 Motherboard,MOTHERBOARD,13.0,167050.0,0.0,0.0,167050.0,12850.0
2026-08,8617,Asrock A520M-HVS Socket Am4 DDR4 Motherboard,MOTHERBOARD,8.0,25200.0,0.0,0.0,25200.0,3150.0
2026-08,9385,Biostar A520MHP Socket Am4 DDR4 Motherboard,MOTHERBOARD,10.0,28950.0,0.0,0.0,28950.0,2895.0
2026-08,9759,MSI PRO X870-P WIFI Ddr5 AM5 Motherboard,MOTHERBOARD,23.0,412850.0,0.0,0.0,412850.0,17950.0
2026-08,9879,MSI B550M-A PRO Socket Am4 Ddr4 Motherboard,MOTHERBOARD,14.0,65100.0,0.0,0.0,65100.0,4650.0
2026-08,9970,Asus Prime B550M-K ARGB Socket Am4 Ddr4 Motherboard,MOTHERBOARD,13.0,63050.0,0.0,0.0,63050.0,4850.0
2026-08,10488,RAKK DASIG X3 Ambidextrous Hotswap Trimode PAW3311 Huano 80M RGB Gaming Mouse Black,MOUSE,9.0,8955.0,0.0,0.0,8955.0,995.0
2026-08,10489,RAKK DASIG X3 Ambidextrous Hotswap Trimode PAW3311 Huano 80M RGB Gaming Mouse White,MOUSE,7.0,6965.0,0.0,0.0,6965.0,995.0
2026-08,10776,RAKK TALAN AERO X PAW3395 8K Polling Omron Optical Trimode Lightweight 55g Gaming Mouse Black,MOUSE,9.0,19755.0,0.0,0.0,19755.0,2195.0
2026-08,10994,Logitech G 502X Wired Gaming Mouse White,MOUSE,10.0,30950.0,0.0,0.0,30950.0,3095.0
2026-08,3513,Logitech G102 Lightsync Gaming Mouse Black,MOUSE,9.0,8370.0,0.0,0.0,8370.0,930.0
2026-08,3700,Logitech G102 Lightsync Gaming Mouse White,MOUSE,12.0,11160.0,0.0,0.0,11160.0,930.0
2026-08,9299,RAKK DASIG LITE Huano Switch RGB Gaming Mouse,MOUSE,10.0,2800.0,0.0,0.0,2800.0,280.0
2026-08,11172,DITO Home WoWFi Lite 4G WiFi Router,NETWORK DEVICE,3.0,2940.0,0.0,0.0,2940.0,980.0
2026-08,11173,DITO Home WoWFi Pro 5G WiFi Router,NETWORK DEVICE,3.0,4470.0,0.0,0.0,4470.0,1490.0
2026-08,11356,TP-Link Archer BE220 Dual Band Wi-Fi 7 Router,NETWORK DEVICE,6.0,13500.0,0.0,0.0,13500.0,2250.0
2026-08,11460,ASUS RT-BE50 BE3600 Dual Band WiFi 7 Router,NETWORK DEVICE,1.0,2995.0,0.0,0.0,2995.0,2995.0
2026-08,130,Tp-Link TL-WA901ND Wireless N Access Point,NETWORK DEVICE,6.0,11364.0,0.0,0.0,11364.0,1894.0
2026-08,1693,TP-Link TL-WR820N 300Mbps Multimode Wi-Fi Router,NETWORK DEVICE,3.0,1470.0,0.0,0.0,1470.0,490.0
2026-08,10146,MSI PANO 110R PZ Mid Tower Gaming PC Case Black,PC CASE,13.0,54600.0,0.0,0.0,54600.0,4200.0
2026-08,10518,NZXT H6 Flow CC-H61FW-01 Tempered Glass ATX PC Case White,PC CASE,16.0,69600.0,0.0,0.0,69600.0,4350.0
2026-08,10519,NZXT H7 Flow (2024) CM-H72FW-01 ATX PC Case White,PC CASE,13.0,60450.0,0.0,0.0,60450.0,4650.0
2026-08,10520,NZXT H7 Flow RGB (2024) CM-H72FB-R1 ATX PC Case Black,PC CASE,5.0,21750.0,0.0,0.0,21750.0,4350.0
2026-08,10668,CoolerMaster Elite 302 ARGB Micro ATX PC Case Black,PC CASE,4.0,11980.0,0.0,0.0,11980.0,2995.0
2026-08,10808,MSI PAG PANO M110A ARGB Micro ATX PC Case Black,PC CASE,14.0,34300.0,0.0,0.0,34300.0,2450.0
2026-08,10828,DarkFlash Floatron F1 Micro ATX PC Case Black & White,PC CASE,12.0,47940.0,0.0,0.0,47940.0,3995.0
2026-08,10928,CoolerMaster Qube 540 Moonstone ATX PC Case,PC CASE,6.0,23970.0,0.0,0.0,23970.0,3995.0
2026-08,10963,CoolerMaster Elite 600 ARGB ATX Mid Tower PC Case Black,PC CASE,10.0,53500.0,0.0,0.0,53500.0,5350.0
2026-08,10972,Asus A31 Tempered Glass Mid Tower ATX PC Case White,PC CASE,14.0,47600.0,0.0,0.0,47600.0,3400.0
2026-08,11002,RAKK TANAN MATX Tempered Glass with PSU and Fans,PC CASE,9.0,11655.0,0.0,0.0,11655.0,1295.0
2026-08,11068,DarkFlash M305 with 3 RGB Fan Micro ATX Tempered Glass Gaming PC Case Black,PC CASE,9.0,12555.0,0.0,0.0,12555.0,1395.0
2026-08,11102,YGT Mars 9 Micro ATX PC Case with PSU Black,PC CASE,14.0,11130.0,0.0,0.0,11130.0,795.0
2026-08,11131,Asus A21 Tempered Glass Micro ATX PC Case Black,PC CASE,7.0,20965.0,0.0,0.0,20965.0,2995.0
2026-08,11306,Gamdias Aura GC10 v2 ARGB Dual Chamber Micro ATX PC Case Black,PC CASE,11.0,27445.0,0.0,0.0,27445.0,2495.0
2026-08,11406,Cougar MX110 RGB Mid Tower Tempered Glass ATX PC Case Black,PC CASE,10.0,23500.0,0.0,0.0,23500.0,2350.0
2026-08,11546,YGT 420B Micro ATX PC Case Black,PC CASE,18.0,22500.0,0.0,0.0,22500.0,1250.0
2026-08,6579,InPlay Wind 01 Acrylic Side Panel Micro ATX PC Case,PC CASE,14.0,0.0,0.0,0.0,0.0,0.0
2026-08,7367,MSI MAG Forge M100A Auto RGB Micro ATX PC Case Black,PC CASE,10.0,21900.0,0.0,0.0,21900.0,2190.0
2026-08,9897,YGT V100 Micro ATX PC Case with PSU White,PC CASE,6.0,5340.0,0.0,0.0,5340.0,890.0
2026-08,9973,MSI MAG PANO 100R Project Zero Micro ATX PC Case Black,PC CASE,7.0,46550.0,0.0,0.0,46550.0,6650.0
2026-08,10052,Asus Prime 650W 80+ Bronze Power Supply,POWER SUPPLY,16.0,58400.0,0.0,0.0,58400.0,3650.0
2026-08,10208,Asus Prime AP-850W 80+ Gold Full Modular Power Supply,POWER SUPPLY,14.0,104930.0,0.0,0.0,104930.0,7495.0
2026-08,10376,ASRock Pro-650B 650W 80+ Bronze Non-Modular ATX 3.1 Power Supply,POWER SUPPLY,10.0,26500.0,0.0,0.0,26500.0,2650.0
2026-08,10679,ASRock Steel Legend SL-1000G 1000W 80+ Gold Cybenetics Gold ATX 3.1 Full Modular Power Supply,POWER SUPPLY,18.0,170100.0,0.0,0.0,170100.0,9450.0
2026-08,11266,Acer AC-500 500W Non-Modular 80+ Bronze Power Supply Black,POWER SUPPLY,20.0,25000.0,0.0,0.0,25000.0,1250.0
2026-08,11267,Acer AC-650 650W Non-Modular 80+ Bronze Power Supply Black,POWER SUPPLY,9.0,16101.0,0.0,0.0,16101.0,1789.0
2026-08,11332,Acer AC-750 750W Non-Modular 80+ Bronze Power Supply Black,POWER SUPPLY,15.0,31500.0,0.0,0.0,31500.0,2100.0
2026-08,176,Intelligent 700 watts Power Supply,POWER SUPPLY,20.0,9000.0,0.0,0.0,9000.0,450.0
2026-08,4079,MSI MAG A650BN 650Watts 80+ Non-Modular Power Supply Bronze,POWER SUPPLY,12.0,39540.0,0.0,0.0,39540.0,3295.0
2026-08,4080,MSI MAG A550BN 550Watts 80+ Non-Modular Power Supply Bronze,POWER SUPPLY,14.0,39970.0,0.0,0.0,39970.0,2855.0
2026-08,6242,MSI MAG A600DN 600W 80+ Power Supply,POWER SUPPLY,11.0,30415.0,0.0,0.0,30415.0,2765.0
2026-08,7838,MSI MAG A850GL 850Watts PCIE5 80+ Full Modular Power Supply Gold Black,POWER SUPPLY,21.0,151830.0,0.0,0.0,151830.0,7230.0
2026-08,8542,Acer AC-550 550w Full Modular 80plus Bronze Power Supply,POWER SUPPLY,13.0,18655.0,0.0,0.0,18655.0,1435.0
2026-08,8543,Acer AC-650 650w Full Modular  80plus Bronze Power Supply,POWER SUPPLY,21.0,43155.0,0.0,0.0,43155.0,2055.0
2026-08,9703,CoolerMaster MWE 650W V3 (MPE-6501-ACABW-3BUS) 80+ Bronze ATX 3.1 Power Supply,POWER SUPPLY,11.0,41910.0,0.0,0.0,41910.0,3810.0
2026-08,9938,CoolerMaster MWE 750W V3 (MPE-7501-ACABW-3BUS) 80+ Bronze ATX 3.1 Power Supply,POWER SUPPLY,16.0,69088.0,0.0,0.0,69088.0,4318.0
2026-08,11599,Epson L3350 Wi-Fi Multi Functional Integrated Ink Tank Printer,PRINTER AND SCANNER,3.0,31590.0,0.0,0.0,31590.0,10530.0
2026-08,4804,Canon Pixma MG3070S Compact Wireless All-In-One Printer,PRINTER AND SCANNER,2.0,6850.0,0.0,0.0,6850.0,3425.0
2026-08,10057,AMD Ryzen 9 9900X 4.4GHz AM5 Socket DDR5 Processor TTP,PROCESSOR,9.0,224550.0,0.0,0.0,224550.0,24950.0
2026-08,10102,AMD Ryzen 7 7700 Socket AM5 3.8GHz Processor MPK,PROCESSOR,13.0,155350.0,0.0,0.0,155350.0,11950.0
2026-08,10110,AMD Ryzen 5 5500GT 3.6GHz AM4 Socket DDR4 Processor MPK,PROCESSOR,11.0,89045.0,0.0,0.0,89045.0,8095.0
2026-08,10911,Intel Core i9-14900K Raptor Lake Socket LGA 1700 3.20GHz Processor MPK,PROCESSOR,10.0,319500.0,0.0,0.0,319500.0,31950.0
2026-08,10938,AMD Ryzen 5 8400F 4.2GHz AM5 Socket DDR5 Processor MPK,PROCESSOR,8.0,71600.0,0.0,0.0,71600.0,8950.0
2026-08,11064,AMD Ryzen 5 3400g 3.7ghz AM4 Socket DDR4 Processor MPK,PROCESSOR,12.0,45540.0,0.0,0.0,45540.0,3795.0
2026-08,11065,AMD Ryzen 7 8700F 4.1ghz AM5 Socket DDR5 Processor MPK,PROCESSOR,15.0,141750.0,0.0,0.0,141750.0,9450.0
2026-08,11592,Intel Core Ultra 7 processor 270K Plus LGA 1851 5.5Ghz Processor,PROCESSOR,7.0,146650.0,0.0,0.0,146650.0,20950.0
2026-08,4513,AMD Ryzen 5 5600X Socket AM4 3.7GHz Processor with Wraith Stealth Cooler MPK,PROCESSOR,6.0,53700.0,0.0,0.0,53700.0,8950.0
2026-08,5640,AMD Ryzen 5 5500 Socket Am4 3.6GHz Processor with AMD wraith cooler MPK,PROCESSOR,14.0,72800.0,0.0,0.0,72800.0,5200.0
2026-08,5663,AMD Ryzen 5 5600 Socket Am4 3.5GHz Processor with Wraith stealth cooler MPK,PROCESSOR,17.0,122400.0,0.0,0.0,122400.0,7200.0
2026-08,7098,AMD Ryzen 7 5700G Socket Am4 3.8GHz with Radeon Vega 8 wraith stealth cooler Processor MPK,PROCESSOR,11.0,134750.0,0.0,0.0,134750.0,12250.0
2026-08,7929,AMD Ryzen 7 5700X Socket AM4 3.4GHz Processor with AMD Wraith Stealth cooler MPK,PROCESSOR,14.0,139300.0,0.0,0.0,139300.0,9950.0
2026-08,8432,AMD Ryzen 3 3200g PRO Socket Am4 3.6ghz with Radeon Vega 8 Processor MPK,PROCESSOR,9.0,30555.0,0.0,0.0,30555.0,3395.0
2026-08,9608,AMD RYZEN 7 7800X3D Socket AM5 D5 5.0ghz with Radeon Graphics processor TTP,PROCESSOR,17.0,313650.0,0.0,0.0,313650.0,18450.0
2026-08,9614,AMD RYZEN 7 9800X3D Socket AM5 D5 5.2ghz with Radeon Graphics processor,PROCESSOR,8.0,223600.0,0.0,0.0,223600.0,27950.0
2026-08,9776,AMD Ryzen 5 5600GT 3.6GHz AM4 Socket DDR4 Processor MPK,PROCESSOR,10.0,91950.0,0.0,0.0,91950.0,9195.0
2026-08,9841,Intel Core i5-14400 4.7GHz LGA 1700 Processor MPK,PROCESSOR,11.0,131450.0,0.0,0.0,131450.0,11950.0
2026-08,10697,Lexar NQ100 256GB Solid State Drive SATA 2.5,SOLID STATE DRIVE,18.0,71910.0,0.0,0.0,71910.0,3995.0
2026-08,10797,Lexar NM620 1TB M.2 NVME Solid State Drive,SOLID STATE DRIVE,18.0,145800.0,0.0,0.0,145800.0,8100.0
2026-08,10804,Team Group MP33 512GB M.2 PCIe Gen3.0 x4 NVME 1.3 Solid State Drive,SOLID STATE DRIVE,15.0,93750.0,0.0,0.0,93750.0,6250.0
2026-08,11148,Teamgroup T-Force GA Pro 1TB NVMe M.2 Gen 5 Solid State Drive,SOLID STATE DRIVE,28.0,303800.0,0.0,0.0,303800.0,10850.0
2026-08,11152,Hiksemi Wave S 256B SATA 2.5 Solid State Drive,SOLID STATE DRIVE,29.0,97150.0,0.0,0.0,97150.0,3350.0
2026-08,11269,Hiksemi Wave P 256GB PCIE Gen3 M.2 Solid State Drive,SOLID STATE DRIVE,18.0,62910.0,0.0,0.0,62910.0,3495.0
2026-08,11323,ESGaming 512GB SATA 2.5 Solid State Drive,SOLID STATE DRIVE,21.0,92295.0,0.0,0.0,92295.0,4395.0
2026-08,11577,Apacer AS2280P4 512GB PCIe Gen 3x4 M.2 NVMe Solid State Drive,SOLID STATE DRIVE,20.0,105900.0,0.0,0.0,105900.0,5295.0
2026-08,1681,Team Group GX2 Solid State Drive 256gb SATA 2.5,SOLID STATE DRIVE,21.0,72450.0,0.0,0.0,72450.0,3450.0
2026-08,1909,Lexar NS10 Lite Solid State Drive 120gb SATA 2.5,SOLID STATE DRIVE,16.0,23200.0,0.0,0.0,23200.0,1450.0
2026-08,6856,Team Group MP33 256GB M.2 PCIe NVME Solid State Drive,SOLID STATE DRIVE,28.0,93800.0,0.0,0.0,93800.0,3350.0
2026-08,6936,Adata SU650 Solid State Drive 512GB SATA 2.5,SOLID STATE DRIVE,32.0,159840.0,0.0,0.0,159840.0,4995.0
2026-08,10855,Edifier ES20 Portable Bluetooth Speaker Black,SPEAKER,1.0,1695.0,0.0,0.0,1695.0,1695.0
2026-08,10870,InPlay MS002 Mini Speaker Black,SPEAKER,1.0,210.0,0.0,0.0,210.0,210.0
2026-08,9768,Edifier T5 Powered Subwoofer,SPEAKER,1.0,4950.0,0.0,0.0,4950.0,4950.0
2026-08,2991,APC Back-Ups BVX650I-PH 360 Watts 650va with Avr Universal Sockets Ups,UPS & AVR,11.0,24200.0,0.0,0.0,24200.0,2200.0
2026-08,36,Secure 220v Avr,UPS & AVR,10.0,2500.0,0.0,0.0,2500.0,250.0
2026-08,454,Secure 650va Ups,UPS & AVR,5.0,7250.0,0.0,0.0,7250.0,1450.0
