Month,Category,units_sold,revenue,avg_price,lag_1,lag_2,lag_3,lag_12,roll_mean_3,roll_mean_6,roll_std_3,avg_price_lag_1,avg_price_roll_mean_3,price_trend,revenue_lag_1,revenue_lag_12,revenue_roll_mean_3,revenue_roll_mean_6,month_num,quarter,category_code
2024-07,ACCESSORIES,2,51,25.5,1,0,0,0,0.333333333,0.333333333,0.577350269,1,1,0,1,1,0.333333333,0.333333333,7,3,0
2024-08,ACCESSORIES,0,0,25.5,2,1,0,0,1,0.666666667,1,25.5,9.166666667,24.5,51,51,17.33333333,8.833333333,8,3,0
2024-09,ACCESSORIES,0,0,25.5,0,2,1,1,1,0.5,1,25.5,17.33333333,24.5,0,0,17.33333333,8.666666667,9,3,0
2024-10,ACCESSORIES,0,0,25.5,0,0,2,2,0.666666667,0.5,1.154700538,25.5,25.5,24.5,0,0,17,8.666666667,10,4,0
2024-11,ACCESSORIES,0,0,25.5,0,0,0,0,0,0.5,0,25.5,25.5,0,0,0,0,8.666666667,11,4,0
2024-12,ACCESSORIES,1,1,1,0,0,0,0,0,0.5,0,25.5,25.5,0,0,0,0,8.666666667,12,4,0
2025-01,ACCESSORIES,1,1,1,1,0,0,0,0.333333333,0.5,0.577350269,1,17.33333333,-0.960784314,1,0,0.333333333,8.666666667,1,1,0
2025-02,ACCESSORIES,1,1,1,1,1,0,1,0.666666667,0.333333333,0.577350269,1,9.166666667,-0.960784314,1,1,0.666666667,0.333333333,2,1,0
2025-03,ACCESSORIES,1,1,1,1,1,1,0,1,0.5,0,1,1,-0.960784314,1,0,1,0.5,3,1,0
2025-04,ACCESSORIES,0,0,1,1,1,1,0,1,0.666666667,0,1,1,0,1,0,1,0.666666667,4,2,0
2025-05,ACCESSORIES,0,0,1,0,1,1,0,0.666666667,0.666666667,0.577350269,1,1,0,0,0,0.666666667,0.666666667,5,2,0
2025-06,ACCESSORIES,2,51,25.5,0,0,1,1,0.333333333,0.666666667,0.577350269,1,1,0,0,1,0.333333333,0.666666667,6,2,0
2025-07,ACCESSORIES,0,0,25.5,2,0,0,2,0.666666667,0.833333333,1.154700538,25.5,9.166666667,24.5,51,51,17,9,7,3,0
2025-08,ACCESSORIES,0,0,25.5,0,2,0,0,0.666666667,0.666666667,1.154700538,25.5,17.33333333,24.5,0,0,17,8.833333333,8,3,0
2025-09,ACCESSORIES,2,51,25.5,0,0,2,0,0.666666667,0.5,1.154700538,25.5,25.5,24.5,0,0,17,8.666666667,9,3,0
2025-10,ACCESSORIES,1,180,180,2,0,0,0,0.666666667,0.666666667,1.154700538,25.5,25.5,0,51,0,17,17,10,4,0
2025-11,ACCESSORIES,4,80,20,1,2,0,0,1,0.833333333,1,180,77,6.058823529,180,0,77,47,11,4,0
2025-12,ACCESSORIES,0,0,20,4,1,2,1,2.333333333,1.5,1.527525232,20,75.16666667,-0.215686275,80,1,103.6666667,60.33333333,12,4,0
2026-01,ACCESSORIES,0,0,20,0,4,1,1,1.666666667,1.166666667,2.081665999,20,73.33333333,-0.215686275,0,1,86.66666667,51.83333333,1,1,0
2026-02,ACCESSORIES,0,0,20,0,0,4,1,1.333333333,1.166666667,2.309401077,20,20,-0.888888889,0,1,26.66666667,51.83333333,2,1,0
2026-03,ACCESSORIES,0,0,20,0,0,0,1,0,1.166666667,0,20,20,0,0,1,0,51.83333333,3,1,0
2026-04,ACCESSORIES,5,152,30.4,0,0,0,0,0,0.833333333,0,20,20,0,0,0,0,43.33333333,4,2,0
2026-05,ACCESSORIES,1,50,50,5,0,0,0,1.666666667,1.5,2.886751346,30.4,23.46666667,0.52,152,0,50.66666667,38.66666667,5,2,0
2026-06,ACCESSORIES,3,52,17.33333333,1,5,0,2,2,1,2.645751311,50,33.46666667,1.5,50,51,67.33333333,33.66666667,6,2,0
2026-07,ACCESSORIES,0,0,17.33333333,3,1,5,0,3,1.5,2,17.33333333,32.57777778,-0.133333333,52,0,84.66666667,42.33333333,7,3,0
2026-08,ACCESSORIES,2,51,25.5,0,3,1,0,1.333333333,1.5,1.527525232,17.33333333,28.22222222,-0.429824561,0,0,34,42.33333333,8,3,0
2024-07,AUDIO,62,130745,2108.790323,42,43,37,37,40.66666667,39.16666667,3.214550254,2103.095238,1859.5924,0.18956801,88330,88330,76163.33333,72628.33333,7,3,1
2024-08,AUDIO,45,85225,1893.888889,62,42,43,43,49,43.83333333,11.26942767,2108.790323,2046.171156,0.361340695,130745,130745,100640,84067.5,8,3,1
2024-09,AUDIO,36,63650,1768.055556,45,62,42,42,49.66666667,44.66666667,10.78579312,1893.888889,2035.25815,-0.016992912,85225,85225,101433.3333,85568.33333,9,3,1
2024-10,AUDIO,47,76900,1636.170213,36,45,62,62,47.66666667,44.16666667,13.20353488,1768.055556,1923.578256,-0.159307898,63650,63650,93206.66667,84685,10,4,1
2024-11,AUDIO,43,69640,1619.534884,47,36,45,45,42.66666667,45.83333333,5.859465277,1636.170213,1766.038219,-0.224119062,76900,76900,75258.33333,87949.16667,11,4,1
2024-12,AUDIO,47,81665,1737.553191,43,47,36,36,42,45.83333333,5.567764363,1619.534884,1674.586884,-0.144862778,69640,69640,70063.33333,85748.33333,12,4,1
2025-01,AUDIO,42,72840,1734.285714,47,43,47,34,45.66666667,46.66666667,2.309401077,1737.553191,1664.419429,-0.017251926,81665,62110,76068.33333,84637.5,1,1,1
2025-02,AUDIO,43,77020,1791.162791,42,47,43,40,44,43.33333333,2.645751311,1734.285714,1697.124596,0.059966561,72840,76220,74715,74986.66667,2,1,1
2025-03,AUDIO,51,79890,1566.470588,43,42,47,39,44,43,2.645751311,1791.162791,1754.333899,0.105973578,77020,68950,77175,73619.16667,3,1,1
2025-04,AUDIO,40,61590,1539.75,51,43,42,37,45.33333333,45.5,4.932882862,1566.470588,1697.306364,-0.098461793,79890,57315,76583.33333,76325.83333,4,2,1
2025-05,AUDIO,54,104670,1938.333333,40,51,43,43,44.66666667,44.33333333,5.686240703,1539.75,1632.461126,-0.112170511,61590,82845,72833.33333,73774.16667,5,2,1
2025-06,AUDIO,39,79970,2050.512821,54,40,51,42,48.33333333,46.16666667,7.371114796,1938.333333,1681.517974,0.082164806,104670,88330,82050,79612.5,6,2,1
2025-07,AUDIO,46,86350,1877.173913,39,54,40,62,44.33333333,44.83333333,8.386497084,2050.512821,1842.865385,0.309001801,79970,130745,82076.66667,79330,7,3,1
2025-08,AUDIO,47,77085,1640.106383,46,39,54,45,46.33333333,45.5,7.505553499,1877.173913,1955.340022,0.219142012,86350,85225,90330,81581.66667,8,3,1
2025-09,AUDIO,47,87545,1862.659574,47,46,39,36,44,46.16666667,4.358898944,1640.106383,1855.931039,-0.153857412,77085,63650,81135,81592.5,9,3,1
2025-10,AUDIO,61,50981.68,835.7652459,47,47,46,47,46.66666667,45.5,0.577350269,1862.659574,1793.31329,-0.091612812,87545,76900,83660,82868.33333,10,4,1
2025-11,AUDIO,43,61194.18,1423.120465,61,47,47,43,51.66666667,49,8.082903769,835.7652459,1446.177068,-0.554774739,50981.68,69640,71870.56,81100.28,11,4,1
2025-12,AUDIO,58,46585.65,803.2008621,43,61,47,47,50.33333333,47.16666667,9.451631253,1423.120465,1373.848428,-0.132299905,61194.18,81665,66573.62,73854.31,12,4,1
2026-01,AUDIO,64,105880,1654.375,58,43,61,42,54,50.33333333,9.643650761,803.2008621,1020.695524,-0.56878816,46585.65,72840,52920.50333,68290.25167,1,1,1
2026-02,AUDIO,45,95705,2126.777778,64,58,43,43,55,53.33333333,10.81665383,1654.375,1293.565442,0.979473313,105880,77020,71219.94333,71545.25167,2,1,1
2026-03,AUDIO,48,100210,2087.708333,45,64,58,51,55.66666667,53,9.712534856,2126.777778,1528.11788,0.494446767,95705,79890,82723.55,74648.585,3,1,1
2026-04,AUDIO,34,55640,1636.470588,48,45,64,40,52.33333333,53.16666667,10.21436896,2087.708333,1956.287037,1.599235673,100210,61590,100598.3333,76759.41833,4,2,1
2026-05,AUDIO,39,59285,1520.128205,34,48,45,54,42.33333333,48.66666667,7.371114796,1636.470588,1950.3189,-0.010822463,55640,104670,83851.66667,77535.805,5,2,1
2026-06,AUDIO,49,103770,2117.755102,39,34,48,39,40.33333333,48,7.094598885,1520.128205,1748.102376,-0.285243517,59285,79970,71711.66667,77217.60833,6,2,1
2026-07,AUDIO,47,81105,1725.638298,49,39,34,46,40.66666667,46.5,7.637626158,2117.755102,1758.117965,0.014392225,103770,86350,72898.33333,86748.33333,7,3,1
2026-08,AUDIO,41,78555,1915.97561,47,49,39,47,45,43.66666667,5.291502622,1725.638298,1787.840535,0.054487817,81105,77085,81386.66667,82619.16667,8,3,1
2024-07,All,0,0,-155,0,0,0,0,0,0,0,-155,-155,0,0,0,0,0,7,3,2
2024-08,All,0,0,-155,0,0,0,0,0,0,0,-155,-155,0,0,0,0,0,8,3,2
2024-09,All,0,0,-155,0,0,0,0,0,0,0,-155,-155,0,0,0,0,0,9,3,2
2024-10,All,0,0,-155,0,0,0,0,0,0,0,-155,-155,0,0,0,0,0,10,4,2
2024-11,All,0,0,-155,0,0,0,0,0,0,0,-155,-155,0,0,0,0,0,11,4,2
2024-12,All,0,0,-155,0,0,0,0,0,0,0,-155,-155,0,0,0,0,0,12,4,2
2025-01,All,0,0,-155,0,0,0,0,0,0,0,-155,-155,0,0,0,0,0,1,1,2
2025-02,All,0,0,-155,0,0,0,0,0,0,0,-155,-155,0,0,0,0,0,2,1,2
2025-03,All,0,0,-155,0,0,0,0,0,0,0,-155,-155,0,0,0,0,0,3,1,2
2025-04,All,0,0,-155,0,0,0,0,0,0,0,-155,-155,0,0,0,0,0,4,2,2
2025-05,All,0,0,-155,0,0,0,0,0,0,0,-155,-155,0,0,0,0,0,5,2,2
2025-06,All,0,0,-155,0,0,0,0,0,0,0,-155,-155,0,0,0,0,0,6,2,2
2025-07,All,0,0,-155,0,0,0,0,0,0,0,-155,-155,0,0,0,0,0,7,3,2
2025-08,All,0,0,-155,0,0,0,0,0,0,0,-155,-155,0,0,0,0,0,8,3,2
2025-09,All,0,0,-155,0,0,0,0,0,0,0,-155,-155,0,0,0,0,0,9,3,2
2025-10,All,0,0,-155,0,0,0,0,0,0,0,-155,-155,0,0,0,0,0,10,4,2
2025-11,All,2,-310,-155,0,0,0,0,0,0,0,-155,-155,0,0,0,0,0,11,4,2
2025-12,All,2,-340,-170,2,0,0,0,0.666666667,0.333333333,1.154700538,-155,-155,0,-310,0,-103.3333333,-51.66666667,12,4,2
2026-01,All,0,0,-170,2,2,0,0,1.333333333,0.666666667,1.154700538,-170,-160,0.096774194,-340,0,-216.6666667,-108.3333333,1,1,2
2026-02,All,0,0,-170,0,2,2,0,1.333333333,0.666666667,1.154700538,-170,-165,0.096774194,0,0,-216.6666667,-108.3333333,2,1,2
2026-03,All,0,0,-170,0,0,2,0,0.666666667,0.666666667,1.154700538,-170,-170,0.096774194,0,0,-113.3333333,-108.3333333,3,1,2
2026-04,All,0,0,-170,0,0,0,0,0,0.666666667,0,-170,-170,0,0,0,0,-108.3333333,4,2,2
2026-05,All,0,0,-170,0,0,0,0,0,0.666666667,0,-170,-170,0,0,0,0,-108.3333333,5,2,2
2026-06,All,0,0,-170,0,0,0,0,0,0.333333333,0,-170,-170,0,0,0,0,-56.66666667,6,2,2
2026-07,All,0,0,-170,0,0,0,0,0,0,0,-170,-170,0,0,0,0,0,7,3,2
2026-08,All,0,0,-170,0,0,0,0,0,0,0,-170,-170,0,0,0,0,0,8,3,2
2024-07,CABLES AND ADAPTERS,0,0,220,1,4,0,0,1.666666667,0.833333333,2.081665999,220,161.6666667,0.660377358,220,220,250,125,7,3,3
2024-08,CABLES AND ADAPTERS,0,0,220,0,1,4,4,1.666666667,0.833333333,2.081665999,220,190.8333333,0.660377358,0,0,250,125,8,3,3
2024-09,CABLES AND ADAPTERS,0,0,220,0,0,1,1,0.333333333,0.833333333,0.577350269,220,220,0.660377358,0,0,73.33333333,125,9,3,3
2024-10,CABLES AND ADAPTERS,3,720,240,0,0,0,0,0,0.833333333,0,220,220,0,0,0,0,125,10,4,3
2024-11,CABLES AND ADAPTERS,0,0,240,3,0,0,0,1,1.333333333,1.732050808,240,226.6666667,0.090909091,720,720,240,245,11,4,3
2024-12,CABLES AND ADAPTERS,1,350,350,0,3,0,0,1,0.666666667,1.732050808,240,233.3333333,0.090909091,0,0,240,156.6666667,12,4,3
2025-01,CABLES AND ADAPTERS,1,150,150,1,0,3,0,1.333333333,0.666666667,1.527525232,350,276.6666667,0.590909091,350,0,356.6666667,178.3333333,1,1,3
2025-02,CABLES AND ADAPTERS,0,0,150,1,1,0,0,0.666666667,0.833333333,0.577350269,150,246.6666667,-0.375,150,0,166.6666667,203.3333333,2,1,3
2025-03,CABLES AND ADAPTERS,0,0,150,0,1,1,0,0.666666667,0.833333333,0.577350269,150,216.6666667,-0.375,0,0,166.6666667,203.3333333,3,1,3
2025-04,CABLES AND ADAPTERS,3,520,173.3333333,0,0,1,0,0.333333333,0.833333333,0.577350269,150,150,-0.571428571,0,0,50,203.3333333,4,2,3
2025-05,CABLES AND ADAPTERS,0,0,173.3333333,3,0,0,4,1,0.833333333,1.732050808,173.3333333,157.7777778,0.155555556,520,530,173.3333333,170,5,2,3
2025-06,CABLES AND ADAPTERS,1,80,80,0,3,0,1,1,0.833333333,1.732050808,173.3333333,165.5555556,0.155555556,0,220,173.3333333,170,6,2,3
2025-07,CABLES AND ADAPTERS,0,0,80,1,0,3,0,1.333333333,0.833333333,1.527525232,80,142.2222222,-0.466666667,80,0,200,125,7,3,3
2025-08,CABLES AND ADAPTERS,2,230,115,0,1,0,0,0.333333333,0.666666667,0.577350269,80,111.1111111,-0.538461538,0,0,26.66666667,100,8,3,3
2025-09,CABLES AND ADAPTERS,0,0,115,2,0,1,0,1,1,1,115,91.66666667,-0.336538462,230,0,103.3333333,138.3333333,9,3,3
2025-10,CABLES AND ADAPTERS,2,522,261,0,2,0,3,0.666666667,1,1.154700538,115,103.3333333,0.4375,0,720,76.66666667,138.3333333,10,4,3
2025-11,CABLES AND ADAPTERS,0,0,261,2,0,2,0,1.333333333,0.833333333,1.154700538,261,163.6666667,2.2625,522,0,250.6666667,138.6666667,11,4,3
2025-12,CABLES AND ADAPTERS,0,0,261,0,2,0,1,0.666666667,0.833333333,1.154700538,261,212.3333333,1.269565217,0,350,174,138.6666667,12,4,3
2026-01,CABLES AND ADAPTERS,3,240,80,0,0,2,1,0.666666667,0.666666667,1.154700538,261,261,1.269565217,0,150,174,125.3333333,1,1,3
2026-02,CABLES AND ADAPTERS,0,0,80,3,0,0,0,1,1.166666667,1.732050808,80,200.6666667,-0.69348659,240,0,80,165.3333333,2,1,3
2026-03,CABLES AND ADAPTERS,1,80,80,0,3,0,0,1,0.833333333,1.732050808,80,140.3333333,-0.69348659,0,0,80,127,3,1,3
2026-04,CABLES AND ADAPTERS,0,0,80,1,0,3,3,1.333333333,1,1.527525232,80,80,-0.69348659,80,520,106.6666667,140.3333333,4,2,3
2026-05,CABLES AND ADAPTERS,0,0,80,0,1,0,0,0.333333333,0.666666667,0.577350269,80,80,0,0,0,26.66666667,53.33333333,5,2,3
2026-06,CABLES AND ADAPTERS,0,0,80,0,0,1,1,0.333333333,0.666666667,0.577350269,80,80,0,0,80,26.66666667,53.33333333,6,2,3
2026-07,CABLES AND ADAPTERS,0,0,80,0,0,0,0,0,0.666666667,0,80,80,0,0,0,0,53.33333333,7,3,3
2026-08,CABLES AND ADAPTERS,1,220,220,0,0,0,2,0,0.166666667,0,80,80,0,0,230,0,13.33333333,8,3,3
2024-07,CAMERA,5,7250,1450,5,4,6,6,5,5.333333333,1,1450,1450,0,7250,7250,7250,7733.333333,7,3,4
2024-08,CAMERA,6,8700,1450,5,5,4,4,4.666666667,4.833333333,0.577350269,1450,1450,0,7250,7250,6766.666667,7008.333333,8,3,4
2024-09,CAMERA,5,7250,1450,6,5,5,5,5.333333333,5,0.577350269,1450,1450,0,8700,8700,7733.333333,7250,9,3,4
2024-10,CAMERA,4,5800,1450,5,6,5,5,5.333333333,5.166666667,0.577350269,1450,1450,0,7250,7250,7733.333333,7491.666667,10,4,4
2024-11,CAMERA,7,10150,1450,4,5,6,6,5,4.833333333,1,1450,1450,0,5800,5800,7250,7008.333333,11,4,4
2024-12,CAMERA,3,4350,1450,7,4,5,5,5.333333333,5.333333333,1.527525232,1450,1450,0,10150,10150,7733.333333,7733.333333,12,4,4
2025-01,CAMERA,4,5800,1450,3,7,4,8,4.666666667,5,2.081665999,1450,1450,0,4350,11600,6766.666667,7250,1,1,4
2025-02,CAMERA,8,11600,1450,4,3,7,5,4.666666667,4.833333333,2.081665999,1450,1450,0,5800,7250,6766.666667,7008.333333,2,1,4
2025-03,CAMERA,4,5800,1450,8,4,3,4,5,5.166666667,2.645751311,1450,1450,0,11600,5800,7250,7491.666667,3,1,4
2025-04,CAMERA,6,8700,1450,4,8,4,6,5.333333333,5,2.309401077,1450,1450,0,5800,8700,7733.333333,7250,4,2,4
2025-05,CAMERA,9,13050,1450,6,4,8,4,6,5.333333333,2,1450,1450,0,8700,5800,8700,7733.333333,5,2,4
2025-06,CAMERA,4,5800,1450,9,6,4,5,6.333333333,5.666666667,2.516611478,1450,1450,0,13050,7250,9183.333333,8216.666667,6,2,4
2025-07,CAMERA,2,2900,1450,4,9,6,5,6.333333333,5.833333333,2.516611478,1450,1450,0,5800,7250,9183.333333,8458.333333,7,3,4
2025-08,CAMERA,2,2900,1450,2,4,9,6,5,5.5,3.605551275,1450,1450,0,2900,8700,7250,7975,8,3,4
2025-09,CAMERA,6,8700,1450,2,2,4,5,2.666666667,4.5,1.154700538,1450,1450,0,2900,7250,3866.666667,6525,9,3,4
2025-10,CAMERA,3,3194.3,1064.766667,6,2,2,4,3.333333333,4.833333333,2.309401077,1450,1450,0,8700,5800,4833.333333,7008.333333,10,4,4
2025-11,CAMERA,7,7596,1085.142857,3,6,2,7,3.666666667,4.333333333,2.081665999,1064.766667,1321.588889,-0.265678161,3194.3,10150,4931.433333,6090.716667,11,4,4
2025-12,CAMERA,10,15159,1515.9,7,3,6,3,5.333333333,4,2.081665999,1085.142857,1199.969841,-0.251625616,7596,4350,6496.766667,5181.716667,12,4,4
2026-01,CAMERA,5,7250,1450,10,7,3,4,6.666666667,5,3.511884584,1515.9,1221.936508,0.045448276,15159,5800,8649.766667,6741.55,1,1,4
2026-02,CAMERA,7,10150,1450,5,10,7,8,7.333333333,5.5,2.516611478,1450,1350.347619,0.361800708,7250,11600,10001.66667,7466.55,2,1,4
2026-03,CAMERA,2,2900,1450,7,5,10,4,7.333333333,6.333333333,2.516611478,1450,1471.966667,0.336229595,10150,5800,10853,8674.883333,3,1,4
2026-04,CAMERA,2,2900,1450,2,7,5,6,4.666666667,5.666666667,2.516611478,1450,1450,-0.043472525,2900,8700,6766.666667,7708.216667,4,2,4
2026-05,CAMERA,5,7250,1450,2,2,7,9,3.666666667,5.5,2.886751346,1450,1450,0,2900,13050,5316.666667,7659.166667,5,2,4
2026-06,CAMERA,4,5800,1450,5,2,2,4,3,5.166666667,1.732050808,1450,1450,0,7250,5800,4350,7601.5,6,2,4
2026-07,CAMERA,7,10150,1450,4,5,2,2,3.666666667,4.166666667,1.527525232,1450,1450,0,5800,2900,5316.666667,6041.666667,7,3,4
2026-08,CAMERA,2,2900,1450,7,4,5,2,5.333333333,4.5,1.527525232,1450,1450,0,10150,2900,7733.333333,6525,8,3,4
2024-07,COMBO,82,31470,383.7804878,67,91,79,79,79,82.83333333,12,415.9701493,399.7236242,0.03679221,27870,27870,31440,33582.5,7,3,5
2024-08,COMBO,92,34770,377.9347826,82,67,91,91,80,81.66666667,12.12435565,383.7804878,393.7264028,-0.044780764,31470,31470,31350,32650,8,3,5
2024-09,COMBO,81,30960,382.2222222,92,82,67,67,80.33333333,83.66666667,12.58305739,377.9347826,392.5618066,-0.009159746,34770,34770,31370,32845,9,3,5
2024-10,COMBO,125,48900,391.2,81,92,82,82,85,82,6.08276253,382.2222222,381.3124975,-0.081130646,30960,30960,32400,31920,10,4,5
2024-11,COMBO,94,38490,409.4680851,125,81,92,92,99.33333333,89.66666667,22.89832599,391.2,383.7856683,0.019332698,48900,48900,38210,34780,11,4,5
2024-12,COMBO,102,43020,421.7647059,94,125,81,81,100,90.16666667,22.60530911,409.4680851,394.2967691,0.083435831,38490,38490,39450,35410,12,4,5
2025-01,COMBO,72,29070,403.75,102,94,125,89,107,96,16.09347694,421.7647059,407.477597,0.103454172,43020,37065,43470,37935,1,1,5
2025-02,COMBO,90,35325,392.5,72,102,94,80,89.33333333,94.33333333,15.53490693,403.75,411.6609303,0.032080777,29070,33600,36860,37535,2,1,5
2025-03,COMBO,105,38250,364.2857143,90,72,102,91,88,94,15.09966887,392.5,406.004902,-0.041439335,35325,36510,35805,37627.5,3,1,5
2025-04,COMBO,77,30495,396.038961,105,90,72,79,89,98,16.52271164,364.2857143,386.8452381,-0.136282128,38250,31740,34215,38842.5,4,2,5
2025-05,COMBO,86,35085,407.9651163,77,105,90,91,90.66666667,90,14.0118997,396.038961,384.2748918,-0.019098549,30495,34710,34690,35775,5,2,5
2025-06,COMBO,82,33270,405.7317073,86,77,105,67,89.33333333,88.66666667,14.29452109,407.9651163,389.4299305,0.03940157,35085,27870,34610,35207.5,6,2,5
2025-07,COMBO,73,30705,420.6164384,82,86,77,82,81.66666667,85.33333333,4.509249753,405.7317073,403.2452615,0.113773314,33270,31470,32950,33582.5,7,3,5
2025-08,COMBO,103,39480,383.3009709,73,82,86,92,80.33333333,85.5,6.658328118,420.6164384,411.437754,0.062058231,30705,34770,33020,33855,8,3,5
2025-09,COMBO,81,33435,412.7777778,103,73,82,81,86,87.66666667,15.39480432,383.3009709,403.2163722,-0.060456506,39480,30960,34485,34547.5,9,3,5
2025-10,COMBO,106,58732.28,554.0781132,81,103,73,125,85.66666667,83.66666667,15.53490693,412.7777778,405.5650623,0.017366329,33435,48900,34540,33745,10,4,5
2025-11,COMBO,110,76427.27,694.7933636,106,81,103,94,96.66666667,88.5,13.65039682,554.0781132,450.0522873,0.317300188,58732.28,38490,43882.42667,38451.21333,11,4,5
2025-12,COMBO,92,51369.4,558.3630435,110,106,81,102,99,92.5,15.71623365,694.7933636,553.8830849,0.812657458,76427.27,43020,56198.18333,45341.59167,12,4,5
2026-01,COMBO,85,34125,401.4705882,92,110,106,72,102.6666667,94.16666667,9.451631253,558.3630435,602.4115068,0.352696471,51369.4,29070,62176.31667,48358.15833,1,1,5
2026-02,COMBO,89,34815,391.1797753,85,92,110,90,95.66666667,96.16666667,12.89702808,401.4705882,551.5423318,-0.275426012,34125,35325,53973.89,48928.15833,2,1,5
2026-03,COMBO,100,36600,366,89,85,92,105,88.66666667,93.83333333,3.511884584,391.1797753,450.3378023,-0.436984007,34815,38250,40103.13333,48150.65833,3,1,5
2026-04,COMBO,84,31140,370.7142857,100,89,85,77,91.33333333,97,7.767453465,366,386.2167878,-0.344512492,36600,30495,35180,48678.15833,4,2,5
2026-05,COMBO,79,31515,398.9240506,84,100,89,86,91,93.33333333,8.185352772,370.7142857,375.964687,-0.076609105,31140,35085,34185,44079.445,5,2,5
2026-06,COMBO,71,27435,386.4084507,79,84,100,82,87.66666667,88.16666667,10.96965511,398.9240506,378.5461121,0.019797228,31515,33270,33085,36594.06667,6,2,5
2026-07,COMBO,79,32190,407.4683544,71,79,84,73,78,84.66666667,6.557438524,386.4084507,385.348929,0.055760794,27435,30705,30030,32605,7,3,5
2026-08,COMBO,99,39915,403.1818182,79,71,79,103,76.33333333,83.66666667,4.618802154,407.4683544,397.6002853,0.099143923,32190,39480,30380,32282.5,8,3,5
2024-07,COOLING,226,532340,2355.486726,199,192,215,215,202,209.3333333,11.78982612,2978.517588,2711.958826,0.344848389,592725,592725,548740,539512.5,7,3,6
2024-08,COOLING,202,531235,2629.876238,226,199,192,192,205.6666667,209.5,17.95364401,2355.486726,2579.989285,-0.14389376,532340,532340,529003.3333,522365.8333,8,3,6
2024-09,COOLING,188,569055,3026.888298,202,226,199,199,209,210.6666667,14.79864859,2629.876238,2654.62685,0.093065706,531235,531235,552100,536531.6667,9,3,6
2024-10,COOLING,206,499235,2423.470874,188,202,226,226,205.3333333,203.6666667,19.21804707,3026.888298,2670.75042,0.01623986,569055,569055,544210,546475,10,4,6
2024-11,COOLING,194,468180,2413.298969,206,188,202,202,198.6666667,202.1666667,9.451631253,2423.470874,2693.411803,0.028862038,499235,499235,533175,531089.1667,11,4,6
2024-12,COOLING,234,583430,2493.290598,194,206,188,188,196,202.5,9.16515139,2413.298969,2621.21938,-0.082352647,468180,468180,512156.6667,532128.3333,12,4,6
2025-01,COOLING,172,410560,2386.976744,234,194,206,225,211.3333333,208.3333333,20.52640576,2493.290598,2443.35348,-0.176285891,583430,635220,516948.3333,530579.1667,1,1,6
2025-02,COOLING,239,597955,2501.903766,172,234,194,195,200,199.3333333,31.43246729,2386.976744,2431.188771,-0.015058621,410560,446240,487390,510282.5,2,1,6
2025-03,COOLING,235,539635,2296.319149,239,172,234,230,215,205.5,37.32291521,2501.903766,2460.723703,0.036715218,597955,509395,530648.3333,521402.5,3,1,6
2025-04,COOLING,179,446320,2493.407821,235,239,172,215,215.3333333,213.3333333,37.58102358,2296.319149,2395.066553,-0.079000598,539635,591550,516050,516499.1667,4,2,6
2025-05,COOLING,221,549640,2487.058824,179,235,239,192,217.6666667,208.8333333,33.54598833,2493.407821,2430.543579,0.044588234,446320,461945,527970,507680,5,2,6
2025-06,COOLING,205,476380,2323.804878,221,179,235,199,211.6666667,213.3333333,29.14332399,2487.058824,2425.595265,-0.005933458,549640,592725,511865,521256.6667,6,2,6
2025-07,COOLING,199,452365,2273.190955,205,221,179,226,201.6666667,208.5,21.19748413,2323.804878,2434.757174,0.011969473,476380,532340,490780,503415,7,3,6
2025-08,COOLING,228,561165,2461.25,199,205,221,202,208.3333333,213,11.37248141,2273.190955,2361.351552,-0.088319634,452365,531235,492795,510382.5,8,3,6
2025-09,COOLING,212,527285,2487.193396,228,199,205,188,210.6666667,211.1666667,15.30795,2461.25,2352.748611,-0.010377247,561165,569055,496636.6667,504250.8333,9,3,6
2025-10,COOLING,208,174069.36,836.8719231,212,228,199,206,213,207.3333333,14.52583905,2487.193396,2407.21145,0.070310773,527285,499235,513605,502192.5,10,4,6
2025-11,COOLING,227,214092.55,943.1389868,208,212,228,194,216,212.1666667,10.58300524,836.8719231,1928.43844,-0.631851464,174069.36,468180,420839.7867,456817.3933,11,4,6
2025-12,COOLING,202,204122.76,1010.508713,227,208,212,234,215.6666667,213.1666667,10.0166528,943.1389868,1422.401435,-0.616804881,214092.55,583430,305148.97,400892.8183,12,4,6
2026-01,COOLING,229,480205,2096.965066,202,227,208,172,212.3333333,212.6666667,13.0511813,1010.508713,930.1732076,-0.593715264,204122.76,410560,197428.2233,355516.6117,1,1,6
2026-02,COOLING,228,555415,2436.030702,229,202,227,239,219.3333333,217.6666667,15.0443788,2096.965066,1350.204255,1.505718029,480205,597955,299473.4367,360156.6117,2,1,6
2026-03,COOLING,198,522285,2637.80303,228,229,202,235,219.6666667,217.6666667,15.30795,2436.030702,1847.834827,1.582896833,555415,539635,413247.5867,359198.2783,3,1,6
2026-04,COOLING,240,566650,2361.041667,198,228,229,179,218.3333333,215.3333333,17.61628035,2637.80303,2390.266266,1.610371387,522285,446320,519301.6667,358364.945,4,2,6
2026-05,COOLING,232,571850,2464.87069,240,198,228,221,222,220.6666667,21.63330765,2361.041667,2478.2918,0.125932761,566650,549640,548116.6667,423795.0517,5,2,6
2026-06,COOLING,194,362160,1866.804124,232,240,198,205,223.3333333,221.5,22.30097158,2464.87069,2487.905129,0.011838926,571850,476380,553595,483421.2933,6,2,6
2026-07,COOLING,199,488275,2453.643216,194,232,240,199,222,220.1666667,24.57641145,1866.804124,2230.905493,-0.292288278,362160,452365,500220,509760.8333,7,3,6
2026-08,COOLING,222,498590,2245.900901,199,194,232,228,208.3333333,215.1666667,20.64784089,2453.643216,2261.772676,0.039220633,488275,561165,474095,511105.8333,8,3,6
2024-07,CUSTOMIZATION,2,2,1,3,1,3,3,2.333333333,2.333333333,1.154700538,1,1,0,3,3,2.333333333,2.333333333,7,3,7
2024-08,CUSTOMIZATION,4,4,1,2,3,1,1,2,2.666666667,1,1,1,0,2,2,2,2.666666667,8,3,7
2024-09,CUSTOMIZATION,0,0,1,4,2,3,3,3,2.833333333,1,1,1,0,4,4,3,2.833333333,9,3,7
2024-10,CUSTOMIZATION,1,1,1,0,4,2,2,2,2.166666667,2,1,1,0,0,0,2,2.166666667,10,4,7
2024-11,CUSTOMIZATION,2,2,1,1,0,4,4,1.666666667,1.833333333,2.081665999,1,1,0,1,1,1.666666667,1.833333333,11,4,7
2024-12,CUSTOMIZATION,2,2,1,2,1,0,0,1,2,1,1,1,0,2,2,1,2,12,4,7
2025-01,CUSTOMIZATION,5,5,1,2,2,1,0,1.666666667,1.833333333,0.577350269,1,1,0,2,0,1.666666667,1.833333333,1,1,7
2025-02,CUSTOMIZATION,2,2,1,5,2,2,3,3,2.333333333,1.732050808,1,1,0,5,3,3,2.333333333,2,1,7
2025-03,CUSTOMIZATION,3,3,1,2,5,2,4,3,2,1.732050808,1,1,0,2,4,3,2,3,1,7
2025-04,CUSTOMIZATION,3,3,1,3,2,5,3,3.333333333,2.5,1.527525232,1,1,0,3,3,3.333333333,2.5,4,2,7
2025-05,CUSTOMIZATION,1,1,1,3,3,2,1,2.666666667,2.833333333,0.577350269,1,1,0,3,1,2.666666667,2.833333333,5,2,7
2025-06,CUSTOMIZATION,3,3,1,1,3,3,3,2.333333333,2.666666667,1.154700538,1,1,0,1,3,2.333333333,2.666666667,6,2,7
2025-07,CUSTOMIZATION,0,0,1,3,1,3,2,2.333333333,2.833333333,1.154700538,1,1,0,3,2,2.333333333,2.833333333,7,3,7
2025-08,CUSTOMIZATION,2,2,1,0,3,1,4,1.333333333,2,1.527525232,1,1,0,0,4,1.333333333,2,8,3,7
2025-09,CUSTOMIZATION,0,0,1,2,0,3,0,1.666666667,2,1.527525232,1,1,0,2,0,1.666666667,2,9,3,7
2025-10,CUSTOMIZATION,2,610,305,0,2,0,1,0.666666667,1.5,1.154700538,1,1,0,0,1,0.666666667,1.5,10,4,7
2025-11,CUSTOMIZATION,1,100,100,2,0,2,2,1.333333333,1.333333333,1.154700538,305,102.3333333,304,610,2,204,102.6666667,11,4,7
2025-12,CUSTOMIZATION,4,760,190,1,2,0,2,1,1.333333333,1,100,135.3333333,99,100,2,236.6666667,119.1666667,12,4,7
2026-01,CUSTOMIZATION,1,1,1,4,1,2,5,2.333333333,1.5,1.527525232,190,198.3333333,189,760,5,490,245.3333333,1,1,7
2026-02,CUSTOMIZATION,3,3,1,1,4,1,2,2,1.666666667,1.732050808,1,97,-0.996721311,1,2,287,245.5,2,1,7
2026-03,CUSTOMIZATION,2,2,1,3,1,4,3,2.666666667,1.833333333,1.527525232,1,64,-0.99,3,3,254.6666667,245.6666667,3,1,7
2026-04,CUSTOMIZATION,3,3,1,2,3,1,3,2,2.166666667,1,1,1,-0.994736842,2,3,2,246,4,2,7
2026-05,CUSTOMIZATION,4,4,1,3,2,3,1,2.666666667,2.333333333,0.577350269,1,1,0,3,1,2.666666667,144.8333333,5,2,7
2026-06,CUSTOMIZATION,2,2,1,4,3,2,3,3,2.833333333,1,1,1,0,4,3,3,128.8333333,6,2,7
2026-07,CUSTOMIZATION,1,1,1,2,4,3,0,3,2.5,1,1,1,0,2,0,3,2.5,7,3,7
2026-08,CUSTOMIZATION,2,2,1,1,2,4,2,2.333333333,2.5,1.527525232,1,1,0,1,2,2.333333333,2.5,8,3,7
2024-07,DISPLAY,165,1100530,6669.878788,186,157,158,158,167,173.5,16.46207763,6587.123656,6485.476422,0.034901992,1225205,1225205,1083991.667,1119640,7,3,8
2024-08,DISPLAY,167,1057145,6330.209581,165,186,157,157,169.3333333,171.3333333,14.97776129,6669.878788,6612.429689,0.060559493,1100530,1100530,1119613.333,1110369.167,8,3,8
2024-09,DISPLAY,155,994445,6415.774194,167,165,186,186,172.6666667,170.1666667,11.59022577,6330.209581,6529.070675,-0.038003974,1057145,1057145,1127626.667,1101044.167,9,3,8
2024-10,DISPLAY,169,1097620,6494.792899,155,167,165,165,162.3333333,164.6666667,6.429100507,6415.774194,6471.954187,-0.02601279,994445,994445,1050706.667,1067349.167,10,4,8
2024-11,DISPLAY,159,947220,5957.358491,169,155,167,167,163.6666667,166.5,7.571877794,6494.792899,6413.592225,-0.026250235,1097620,1097620,1049736.667,1084675,11,4,8
2024-12,DISPLAY,186,1213330,6523.27957,159,169,155,155,161,166.8333333,7.211102551,5957.358491,6289.308528,-0.058900276,947220,947220,1013095,1070360.833,12,4,8
2025-01,DISPLAY,153,992975,6490.03268,186,159,169,178,171.3333333,166.8333333,13.65039682,6523.27957,6325.143653,0.016756415,1213330,1156155,1086056.667,1068381.667,1,1,8
2025-02,DISPLAY,152,888525,5845.559211,153,186,159,174,166,164.8333333,17.57839583,6490.03268,6323.556913,-0.000732929,992975,1113095,1051175,1050455.833,2,1,8
2025-03,DISPLAY,174,1130270,6495.804598,152,153,186,188,163.6666667,162.3333333,19.34769581,5845.559211,6286.290487,-0.018766586,888525,1196615,1031610,1022352.5,3,1,8
2025-04,DISPLAY,140,821215,5865.821429,174,152,153,158,159.6666667,165.5,12.42309677,6495.804598,6277.132163,-0.004211834,1130270,993665,1003923.333,1044990,4,2,8
2025-05,DISPLAY,158,1034340,6546.455696,140,174,152,157,155.3333333,160.6666667,17.24335621,5865.821429,6069.061746,-0.096179986,821215,1033105,946670,998922.5,5,2,8
2025-06,DISPLAY,154,931845,6050.941558,158,140,174,186,157.3333333,160.5,17.0098011,6546.455696,6302.693907,0.119902384,1034340,1225205,995275,1013442.5,6,2,8
2025-07,DISPLAY,152,928280,6107.105263,154,158,140,165,150.6666667,155.1666667,9.451631253,6050.941558,6154.406228,-0.068484671,931845,1100530,929133.3333,966528.3333,7,3,8
2025-08,DISPLAY,169,1039185,6149.023669,152,154,158,167,154.6666667,155,3.055050463,6107.105263,6234.834173,0.041133853,928280,1057145,964821.6667,955745.8333,8,3,8
2025-09,DISPLAY,170,1094935,6440.794118,169,152,154,155,158.3333333,157.8333333,9.291573243,6149.023669,6102.35683,-0.060709496,1039185,994445,966436.6667,980855.8333,9,3,8
2025-10,DISPLAY,178,704629.1,3958.590449,170,169,152,169,163.6666667,157.1666667,10.11599394,6440.794118,6232.307683,0.064428413,1094935,1097620,1020800,974966.6667,10,4,8
2025-11,DISPLAY,174,783350.76,4502.015862,178,170,169,159,172.3333333,163.5,4.932882862,3958.590449,5516.136079,-0.351805761,704629.1,947220,946249.7,955535.6833,11,4,8
2025-12,DISPLAY,155,696146.43,4491.26729,174,178,170,186,174,166.1666667,4,4502.015862,4967.133476,-0.267848669,783350.76,1213330,860971.62,913704.1433,12,4,8
2026-01,DISPLAY,151,1002205,6637.119205,155,174,178,153,169,166.3333333,12.28820573,4491.26729,4317.291201,-0.302684233,696146.43,992975,728042.0967,874421.0483,1,1,8
2026-02,DISPLAY,153,935950,6117.320261,151,155,174,152,160,166.1666667,12.28820573,6637.119205,5210.134119,0.676636997,1002205,888525,827234.0633,886741.8817,2,1,8
2026-03,DISPLAY,154,920990,5980.454545,153,151,155,174,153,163.5,2,6117.320261,5748.568919,0.358795804,935950,1130270,878100.4767,869536.0483,3,1,8
2026-04,DISPLAY,163,962700,5906.134969,154,153,151,140,152.6666667,160.8333333,1.527525232,5980.454545,6244.964671,0.331573954,920990,821215,953048.3333,840545.215,4,2,8
2026-05,DISPLAY,144,917225,6369.618056,163,154,153,158,156.6666667,158.3333333,5.507570547,5906.134969,6001.303259,-0.11013577,962700,1034340,939880,883557.0317,5,2,8
2026-06,DISPLAY,118,734305,6222.923729,144,163,154,154,153.6666667,153.3333333,9.504384953,6369.618056,6085.402523,0.041243189,917225,931845,933638.3333,905869.405,6,2,8
2026-07,DISPLAY,175,1212925,6931,118,144,163,152,141.6666667,147.1666667,22.5905585,6222.923729,6166.225585,0.040543604,734305,928280,871410,912229.1667,7,3,8
2026-08,DISPLAY,168,1016610,6051.25,175,118,144,169,145.6666667,151.1666667,28.5365263,6931,6507.847261,0.173525501,1212925,1039185,954818.3333,947349.1667,8,3,8
2024-07,EXTERNAL STORAGE DEVICES,0,0,259,0,0,0,0,0,0,0,259,259,0,0,0,0,0,7,3,9
2024-08,EXTERNAL STORAGE DEVICES,0,0,259,0,0,0,0,0,0,0,259,259,0,0,0,0,0,8,3,9
2024-09,EXTERNAL STORAGE DEVICES,0,0,259,0,0,0,0,0,0,0,259,259,0,0,0,0,0,9,3,9
2024-10,EXTERNAL STORAGE DEVICES,0,0,259,0,0,0,0,0,0,0,259,259,0,0,0,0,0,10,4,9
2024-11,EXTERNAL STORAGE DEVICES,0,0,259,0,0,0,0,0,0,0,259,259,0,0,0,0,0,11,4,9
2024-12,EXTERNAL STORAGE DEVICES,0,0,259,0,0,0,0,0,0,0,259,259,0,0,0,0,0,12,4,9
2025-01,EXTERNAL STORAGE DEVICES,0,0,259,0,0,0,0,0,0,0,259,259,0,0,0,0,0,1,1,9
2025-02,EXTERNAL STORAGE DEVICES,0,0,259,0,0,0,0,0,0,0,259,259,0,0,0,0,0,2,1,9
2025-03,EXTERNAL STORAGE DEVICES,0,0,259,0,0,0,0,0,0,0,259,259,0,0,0,0,0,3,1,9
2025-04,EXTERNAL STORAGE DEVICES,0,0,259,0,0,0,0,0,0,0,259,259,0,0,0,0,0,4,2,9
2025-05,EXTERNAL STORAGE DEVICES,0,0,259,0,0,0,0,0,0,0,259,259,0,0,0,0,0,5,2,9
2025-06,EXTERNAL STORAGE DEVICES,0,0,259,0,0,0,0,0,0,0,259,259,0,0,0,0,0,6,2,9
2025-07,EXTERNAL STORAGE DEVICES,0,0,259,0,0,0,0,0,0,0,259,259,0,0,0,0,0,7,3,9
2025-08,EXTERNAL STORAGE DEVICES,0,0,259,0,0,0,0,0,0,0,259,259,0,0,0,0,0,8,3,9
2025-09,EXTERNAL STORAGE DEVICES,0,0,259,0,0,0,0,0,0,0,259,259,0,0,0,0,0,9,3,9
2025-10,EXTERNAL STORAGE DEVICES,0,0,259,0,0,0,0,0,0,0,259,259,0,0,0,0,0,10,4,9
2025-11,EXTERNAL STORAGE DEVICES,0,0,259,0,0,0,0,0,0,0,259,259,0,0,0,0,0,11,4,9
2025-12,EXTERNAL STORAGE DEVICES,6,1554,259,0,0,0,0,0,0,0,259,259,0,0,0,0,0,12,4,9
2026-01,EXTERNAL STORAGE DEVICES,0,0,259,6,0,0,0,2,1,3.464101615,259,259,0,1554,0,518,259,1,1,9
2026-02,EXTERNAL STORAGE DEVICES,0,0,259,0,6,0,0,2,1,3.464101615,259,259,0,0,0,518,259,2,1,9
2026-03,EXTERNAL STORAGE DEVICES,0,0,259,0,0,6,0,2,1,3.464101615,259,259,0,0,0,518,259,3,1,9
2026-04,EXTERNAL STORAGE DEVICES,0,0,259,0,0,0,0,0,1,0,259,259,0,0,0,0,259,4,2,9
2026-05,EXTERNAL STORAGE DEVICES,0,0,259,0,0,0,0,0,1,0,259,259,0,0,0,0,259,5,2,9
2026-06,EXTERNAL STORAGE DEVICES,0,0,259,0,0,0,0,0,1,0,259,259,0,0,0,0,259,6,2,9
2026-07,EXTERNAL STORAGE DEVICES,0,0,259,0,0,0,0,0,0,0,259,259,0,0,0,0,0,7,3,9
2026-08,EXTERNAL STORAGE DEVICES,0,0,259,0,0,0,0,0,0,0,259,259,0,0,0,0,0,8,3,9
2024-07,GAMING SURFACE,13,2470,190,17,16,16,16,16.33333333,18,0.577350269,190,190,0,3230,3230,3103.333333,3420,7,3,10
2024-08,GAMING SURFACE,22,4180,190,13,17,16,16,15.33333333,16,2.081665999,190,190,0,2470,2470,2913.333333,3040,8,3,10
2024-09,GAMING SURFACE,13,2470,190,22,13,17,17,17.33333333,17.66666667,4.509249753,190,190,0,4180,4180,3293.333333,3356.666667,9,3,10
2024-10,GAMING SURFACE,14,2660,190,13,22,13,13,16,16.16666667,5.196152423,190,190,0,2470,2470,3040,3071.666667,10,4,10
2024-11,GAMING SURFACE,16,3040,190,14,13,22,22,16.33333333,15.83333333,4.932882862,190,190,0,2660,2660,3103.333333,3008.333333,11,4,10
2024-12,GAMING SURFACE,14,2660,190,16,14,13,13,14.33333333,15.83333333,1.527525232,190,190,0,3040,3040,2723.333333,3008.333333,12,4,10
2025-01,GAMING SURFACE,12,2280,190,14,16,14,25,14.66666667,15.33333333,1.154700538,190,190,0,2660,4750,2786.666667,2913.333333,1,1,10
2025-02,GAMING SURFACE,14,2660,190,12,14,16,12,14,15.16666667,2,190,190,0,2280,2280,2660,2881.666667,2,1,10
2025-03,GAMING SURFACE,22,4180,190,14,12,14,22,13.33333333,13.83333333,1.154700538,190,190,0,2660,4180,2533.333333,2628.333333,3,1,10
2025-04,GAMING SURFACE,12,2280,190,22,14,12,16,16,15.33333333,5.291502622,190,190,0,4180,3040,3040,2913.333333,4,2,10
2025-05,GAMING SURFACE,20,3800,190,12,22,14,16,16,15,5.291502622,190,190,0,2280,3040,3040,2850,5,2,10
2025-06,GAMING SURFACE,16,3040,190,20,12,22,17,18,15.66666667,5.291502622,190,190,0,3800,3230,3420,2976.666667,6,2,10
2025-07,GAMING SURFACE,9,1710,190,16,20,12,13,16,16,4,190,190,0,3040,2470,3040,3040,7,3,10
2025-08,GAMING SURFACE,14,2660,190,9,16,20,22,15,15.5,5.567764363,190,190,0,1710,4180,2850,2945,8,3,10
2025-09,GAMING SURFACE,13,2470,190,14,9,16,13,13,15.5,3.605551275,190,190,0,2660,2470,2470,2945,9,3,10
2025-10,GAMING SURFACE,14,2118,151.2857143,13,14,9,14,12,14,2.645751311,190,190,0,2470,2660,2280,2660,10,4,10
2025-11,GAMING SURFACE,15,2260.5,150.7,14,13,14,16,13.66666667,14.33333333,0.577350269,151.2857143,177.0952381,-0.203759398,2118,3040,2416,2633,11,4,10
2025-12,GAMING SURFACE,11,1659,150.8181818,15,14,13,14,14,13.5,1,150.7,163.9952381,-0.206842105,2260.5,2660,2282.833333,2376.416667,12,4,10
2026-01,GAMING SURFACE,9,1710,190,11,15,14,12,13.33333333,12.66666667,2.081665999,150.8181818,150.934632,-0.206220096,1659,2280,2012.5,2146.25,1,1,10
2026-02,GAMING SURFACE,21,3990,190,9,11,15,14,11.66666667,12.66666667,3.055050463,190,163.8393939,0.255901794,1710,2660,1876.5,2146.25,2,1,10
2026-03,GAMING SURFACE,7,1330,190,21,9,11,22,13.66666667,13.83333333,6.429100507,190,176.9393939,0.260783013,3990,4180,2453,2367.916667,3,1,10
2026-04,GAMING SURFACE,14,2660,190,7,21,9,12,12.33333333,12.83333333,7.571877794,190,190,0.259795057,1330,2280,2343.333333,2177.916667,4,2,10
2026-05,GAMING SURFACE,17,3230,190,14,7,21,20,14,12.83333333,7,190,190,0,2660,3800,2660,2268.25,5,2,10
2026-06,GAMING SURFACE,14,2660,190,17,14,7,16,12.66666667,13.16666667,5.131601439,190,190,0,3230,3040,2406.666667,2429.833333,6,2,10
2026-07,GAMING SURFACE,13,2470,190,14,17,14,9,15,13.66666667,1.732050808,190,190,0,2660,1710,2850,2596.666667,7,3,10
2026-08,GAMING SURFACE,23,4370,190,13,14,17,14,14.66666667,14.33333333,2.081665999,190,190,0,2470,2660,2786.666667,2723.333333,8,3,10
2024-07,GRAPHIC CARD,103,3086050,29961.65049,112,145,132,132,129.6666667,131.3333333,16.62327685,28519.19643,28366.9831,-0.017388009,3194150,3194150,3681400,3740116.667,7,3,11
2024-08,GRAPHIC CARD,138,3659850,26520.65217,103,112,145,145,120,122.8333333,22.11334439,29961.65049,29269.47771,0.099342014,3086050,3086050,3510900,3545950,8,3,11
2024-09,GRAPHIC CARD,108,3049850,28239.35185,138,103,112,112,117.6666667,127,18.17507451,26520.65217,28333.83303,-0.095709685,3659850,3659850,3313350,3603541.667,9,3,11
2024-10,GRAPHIC CARD,107,3014450,28172.42991,108,138,103,103,116.3333333,123,18.92969449,28239.35185,28240.5515,-0.009812499,3049850,3049850,3265250,3473325,10,4,11
2024-11,GRAPHIC CARD,125,3096150,24769.2,107,108,138,138,117.6666667,118.8333333,17.61628035,28172.42991,27644.14464,-0.059717023,3014450,3014450,3241383.333,3376141.667,11,4,11
2024-12,GRAPHIC CARD,138,3768750,27309.78261,125,107,108,108,113.3333333,115.5,10.11599394,24769.2,27060.32725,-0.066041067,3096150,3096150,3053483.333,3183416.667,12,4,11
2025-01,GRAPHIC CARD,122,3398100,27853.27869,138,125,107,154,123.3333333,119.8333333,15.56705924,27309.78261,26750.47084,-0.032917513,3768750,4251050,3293116.667,3279183.333,1,1,11
2025-02,GRAPHIC CARD,113,3209550,28403.09735,122,138,125,113,128.3333333,123,8.504900548,27853.27869,26644.0871,-0.011328495,3398100,3314300,3421000,3331191.667,2,1,11
2025-03,GRAPHIC CARD,117,3035700,25946.15385,113,122,138,132,124.3333333,118.8333333,12.66227994,28403.09735,27855.38621,0.146710324,3209550,3831150,3458800,3256141.667,3,1,11
2025-04,GRAPHIC CARD,119,3156900,26528.57143,117,113,122,132,117.3333333,120.3333333,4.509249753,25946.15385,27400.84329,-0.049931879,3035700,3597550,3214450,3253783.333,4,2,11
2025-05,GRAPHIC CARD,120,3494600,29121.66667,119,117,113,145,116.3333333,122.3333333,3.055050463,26528.57143,26959.27421,-0.047560191,3156900,4252500,3134050,3277525,5,2,11
2025-06,GRAPHIC CARD,114,3170150,27808.33333,120,119,117,112,118.6666667,121.5,1.527525232,29121.66667,27198.79731,0.025298978,3494600,3194150,3229066.667,3343933.333,6,2,11
2025-07,GRAPHIC CARD,122,3249200,26632.78689,114,120,119,103,117.6666667,117.5,3.214550254,27808.33333,27819.52381,0.071770926,3170150,3086050,3273883.333,3244166.667,7,3,11
2025-08,GRAPHIC CARD,175,4731900,27039.42857,122,114,120,138,118.6666667,117.5,4.163331999,26632.78689,27854.2623,0.003928423,3249200,3659850,3304650,3219350,8,3,11
2025-09,GRAPHIC CARD,124,3267500,26350.80645,175,122,114,108,137,127.8333333,33.15116891,27039.42857,27160.18293,-0.071501337,4731900,3049850,3717083.333,3473075,9,3,11
2025-10,GRAPHIC CARD,101,1381323.99,13676.47515,124,175,122,107,140.3333333,129,30.03886372,26350.80645,26674.34064,-0.052413313,3267500,3014450,3749533.333,3511708.333,10,4,11
2025-11,GRAPHIC CARD,121,1749440.24,14458.1838,101,124,175,125,133.3333333,126,37.87259343,13676.47515,22355.57006,-0.486479759,1381323.99,3096150,3126907.997,3215778.998,11,4,11
2025-12,GRAPHIC CARD,126,1865849.22,14808.32714,121,101,124,138,115.3333333,126.1666667,12.50333289,14458.1838,18161.8218,-0.465292554,1749440.24,3768750,2132754.743,2924919.038,12,4,11
2026-01,GRAPHIC CARD,128,3627450,28339.45313,126,121,101,122,116,128.1666667,13.22875656,14808.32714,14314.3287,-0.438031349,1865849.22,3398100,1665537.817,2707535.575,1,1,11
2026-02,GRAPHIC CARD,115,2922450,25412.6087,128,126,121,113,125,129.1666667,3.605551275,28339.45313,19201.98802,1.072131366,3627450,3209550,2414246.487,2770577.242,2,1,11
2026-03,GRAPHIC CARD,142,4091500,28813.38028,115,128,126,117,123,119.1666667,7,25412.6087,22853.46299,0.757662584,2922450,3035700,2805249.74,2469002.242,3,1,11
2026-04,GRAPHIC CARD,111,3138200,28272.07207,142,115,128,119,128.3333333,122.1666667,13.50308607,28813.38028,27521.81403,0.94575525,4091500,3156900,3547133.333,2606335.575,4,2,11
2026-05,GRAPHIC CARD,133,3614500,27176.69173,111,142,115,120,122.6666667,123.8333333,16.86218649,28272.07207,27499.35368,-0.002377641,3138200,3494600,3384050,2899148.243,5,2,11
2026-06,GRAPHIC CARD,111,3216650,28978.82883,133,111,142,114,128.6666667,125.8333333,15.94783162,27176.69173,28087.38136,0.069417629,3614500,3170150,3614733.333,3209991.537,6,2,11
2026-07,GRAPHIC CARD,135,3756250,27824.07407,111,133,111,122,118.3333333,123.3333333,12.70170592,28978.82883,28142.53088,0.005742073,3216650,3249200,3323116.667,3435125,7,3,11
2026-08,GRAPHIC CARD,176,5194350,29513.35227,135,111,133,175,126.3333333,124.5,13.31665624,27824.07407,27993.19821,-0.015845956,3756250,4731900,3529133.333,3456591.667,8,3,11
2024-07,HARD DISK,2,6900,3450,3,2,0,0,1.666666667,1.666666667,1.527525232,3450,3450,0,10350,10350,5750,5750,7,3,12
2024-08,HARD DISK,2,6900,3450,2,3,2,2,2.333333333,2,0.577350269,3450,3450,0,6900,6900,8050,6900,8,3,12
2024-09,HARD DISK,2,6900,3450,2,2,3,3,2.333333333,2,0.577350269,3450,3450,0,6900,6900,8050,6900,9,3,12
2024-10,HARD DISK,0,0,3450,2,2,2,2,2,1.833333333,0,3450,3450,0,6900,6900,6900,6325,10,4,12
2024-11,HARD DISK,1,3450,3450,0,2,2,2,1.333333333,1.833333333,1.154700538,3450,3450,0,0,0,4600,6325,11,4,12
2024-12,HARD DISK,1,3450,3450,1,0,2,2,1,1.666666667,1,3450,3450,0,3450,3450,3450,5750,12,4,12
2025-01,HARD DISK,1,3450,3450,1,1,0,0,0.666666667,1.333333333,0.577350269,3450,3450,0,3450,0,2300,4600,1,1,12
2025-02,HARD DISK,2,6900,3450,1,1,1,2,1,1.166666667,0,3450,3450,0,3450,6900,3450,4025,2,1,12
2025-03,HARD DISK,0,0,3450,2,1,1,3,1.333333333,1.166666667,0.577350269,3450,3450,0,6900,10350,4600,4025,3,1,12
2025-04,HARD DISK,5,17250,3450,0,2,1,0,1,0.833333333,1,3450,3450,0,0,0,3450,2875,4,2,12
2025-05,HARD DISK,3,10350,3450,5,0,2,2,2.333333333,1.666666667,2.516611478,3450,3450,0,17250,6900,8050,5750,5,2,12
2025-06,HARD DISK,2,6900,3450,3,5,0,3,2.666666667,2,2.516611478,3450,3450,0,10350,10350,9200,6900,6,2,12
2025-07,HARD DISK,0,0,3450,2,3,5,2,3.333333333,2.166666667,1.527525232,3450,3450,0,6900,6900,11500,7475,7,3,12
2025-08,HARD DISK,2,6900,3450,0,2,3,2,1.666666667,2,1.527525232,3450,3450,0,0,6900,5750,6900,8,3,12
2025-09,HARD DISK,1,3450,3450,2,0,2,2,1.333333333,2,1.154700538,3450,3450,0,6900,6900,4600,6900,9,3,12
2025-10,HARD DISK,4,12055,3013.75,1,2,0,0,1,2.166666667,1,3450,3450,0,3450,0,3450,7475,10,4,12
2025-11,HARD DISK,2,6240,3120,4,1,2,1,2.333333333,2,1.527525232,3013.75,3304.583333,-0.126449275,12055,3450,7468.333333,6609.166667,11,4,12
2025-12,HARD DISK,0,0,3120,2,4,1,1,2.333333333,1.833333333,1.527525232,3120,3194.583333,-0.095652174,6240,3450,7248.333333,5924.166667,12,4,12
2026-01,HARD DISK,2,6900,3450,0,2,4,1,2,1.5,2,3120,3084.583333,-0.095652174,0,3450,6098.333333,4774.166667,1,1,12
2026-02,HARD DISK,1,3450,3450,2,0,2,2,1.333333333,1.833333333,1.154700538,3450,3230,0.144753214,6900,6900,4380,5924.166667,2,1,12
2026-03,HARD DISK,2,6900,3450,1,2,0,0,1,1.666666667,1,3450,3340,0.105769231,3450,0,3450,5349.166667,3,1,12
2026-04,HARD DISK,0,0,3450,2,1,2,5,1.666666667,1.833333333,0.577350269,3450,3450,0.105769231,6900,17250,5750,5924.166667,4,2,12
2026-05,HARD DISK,1,3450,3450,0,2,1,3,1,1.166666667,1,3450,3450,0,0,10350,3450,3915,5,2,12
2026-06,HARD DISK,1,3450,3450,1,0,2,2,1,1,1,3450,3450,0,3450,6900,3450,3450,6,2,12
2026-07,HARD DISK,1,3450,3450,1,1,0,0,0.666666667,1.166666667,0.577350269,3450,3450,0,3450,0,2300,4025,7,3,12
2026-08,HARD DISK,7,24150,3450,1,1,1,2,1,1,0,3450,3450,0,3450,6900,3450,3450,8,3,12
2024-07,KEYBOARD,40,76660,1916.5,39,41,44,44,41.33333333,41.16666667,2.516611478,2126.666667,2005.446539,0.059532835,82940,82940,82836.66667,83398.33333,7,3,13
2024-08,KEYBOARD,32,59000,1843.75,40,39,41,41,40,40,1,1916.5,1967.234417,-0.056439521,76660,76660,78600,79893.33333,8,3,13
2024-09,KEYBOARD,41,82020,2000.487805,32,40,39,39,37,40.33333333,4.358898944,1843.75,1962.305556,-0.007956037,59000,59000,72866.66667,79416.66667,9,3,13
2024-10,KEYBOARD,40,77630,1940.75,41,32,40,40,37.66666667,39.5,4.932882862,2000.487805,1920.245935,-0.059331753,82020,82020,72560,77698.33333,10,4,13
2024-11,KEYBOARD,51,104580,2050.588235,40,41,32,32,37.66666667,38.83333333,4.932882862,1940.75,1928.329268,0.012653274,77630,77630,72883.33333,75741.66667,11,4,13
2024-12,KEYBOARD,50,97280,1945.6,51,40,41,41,44,40.5,6.08276253,2050.588235,1997.275347,0.11218345,104580,104580,88076.66667,80471.66667,12,4,13
2025-01,KEYBOARD,56,114890,2051.607143,50,51,40,47,47,42.33333333,6.08276253,1945.6,1978.979412,-0.02743721,97280,97690,93163.33333,82861.66667,1,1,13
2025-02,KEYBOARD,34,68750,2022.058824,56,50,51,30,52.33333333,45,3.214550254,2051.607143,2015.931793,0.057120774,114890,61860,105583.3333,89233.33333,2,1,13
2025-03,KEYBOARD,53,104630,1974.150943,34,56,50,46,46.66666667,45.33333333,11.37248141,2022.058824,2006.421989,-0.013912794,68750,92330,93640,90858.33333,3,1,13
2025-04,KEYBOARD,44,89370,2031.136364,53,34,56,44,47.66666667,47.33333333,11.93035345,1974.150943,2015.93897,0.014674621,104630,89370,96090,94626.66667,4,2,13
2025-05,KEYBOARD,47,86050,1830.851064,44,53,34,41,43.66666667,48,9.504384953,2031.136364,2009.115377,-0.009977924,89370,76200,87583.33333,96583.33333,5,2,13
2025-06,KEYBOARD,54,111930,2072.777778,47,44,53,39,48,47.33333333,4.582575695,1830.851064,1945.379457,-0.094560928,86050,82940,93350,93495,6,2,13
2025-07,KEYBOARD,36,66860,1857.222222,54,47,44,40,48.33333333,48,5.131601439,2072.777778,1978.255068,0.049959115,111930,76660,95783.33333,95936.66667,7,3,13
2025-08,KEYBOARD,44,91310,2075.227273,36,54,47,32,45.66666667,44.66666667,9.073771726,1857.222222,1920.283688,-0.08562406,66860,59000,88280,87931.66667,8,3,13
2025-09,KEYBOARD,46,92330,2007.173913,44,36,54,41,44.66666667,46.33333333,9.018499506,2075.227273,2001.742424,0.133476837,91310,82020,90033.33333,91691.66667,9,3,13
2025-10,KEYBOARD,50,69481.6,1389.632,46,44,36,40,42,45.16666667,5.291502622,2007.173913,1979.874469,-0.031650216,92330,77630,83500,89641.66667,10,4,13
2025-11,KEYBOARD,30,60891.83,2029.727667,50,46,44,51,46.66666667,46.16666667,3.055050463,1389.632,1824.011062,-0.251768591,69481.6,104580,84373.86667,86326.93333,11,4,13
2025-12,KEYBOARD,43,71116.23,1653.865814,30,50,46,50,42,43.33333333,10.58300524,2029.727667,1808.844527,-0.02192512,60891.83,97280,74234.47667,82133.905,12,4,13
2026-01,KEYBOARD,37,64460,1742.162162,43,30,50,56,41,41.5,10.14889157,1653.865814,1691.07516,-0.176022664,71116.23,114890,67163.22,75331.61,1,1,13
2026-02,KEYBOARD,38,71760,1888.421053,37,43,30,34,36.66666667,41.66666667,6.506407099,1742.162162,1808.585214,0.253685985,64460,68750,65489.35333,74931.61,2,1,13
2026-03,KEYBOARD,45,92790,2062,38,37,43,53,39.33333333,40.66666667,3.214550254,1888.421053,1761.48301,-0.069618509,71760,104630,69112.07667,71673.27667,3,1,13
2026-04,KEYBOARD,51,97790,1917.45098,45,38,37,44,40,40.5,4.358898944,2062,1897.527738,0.246775877,92790,89370,76336.66667,71749.94333,4,2,13
2026-05,KEYBOARD,41,79110,1929.512195,51,45,38,47,44.66666667,40.66666667,6.506407099,1917.45098,1955.957344,0.100615673,97790,86050,87446.66667,76468.01,5,2,13
2026-06,KEYBOARD,29,57470,1981.724138,41,51,45,54,45.66666667,42.5,5.033222957,1929.512195,1969.654392,0.021759524,79110,111930,89896.66667,79504.37167,6,2,13
2026-07,KEYBOARD,33,67270,2038.484848,29,41,51,36,40.33333333,40.16666667,11.01514109,1981.724138,1942.895771,-0.038931068,57470,66860,78123.33333,77230,7,3,13
2026-08,KEYBOARD,43,92740,2156.744186,33,29,41,44,34.33333333,39.5,6.110100927,2038.484848,1983.240394,0.063122275,67270,91310,67950,77698.33333,8,3,13
2024-07,LAPTOP GA1,0,0,36324.955,0,0,0,0,0,0,0,36324.955,36324.955,0,0,0,0,0,7,3,14
2024-08,LAPTOP GA1,0,0,36324.955,0,0,0,0,0,0,0,36324.955,36324.955,0,0,0,0,0,8,3,14
2024-09,LAPTOP GA1,0,0,36324.955,0,0,0,0,0,0,0,36324.955,36324.955,0,0,0,0,0,9,3,14
2024-10,LAPTOP GA1,0,0,36324.955,0,0,0,0,0,0,0,36324.955,36324.955,0,0,0,0,0,10,4,14
2024-11,LAPTOP GA1,0,0,36324.955,0,0,0,0,0,0,0,36324.955,36324.955,0,0,0,0,0,11,4,14
2024-12,LAPTOP GA1,0,0,36324.955,0,0,0,0,0,0,0,36324.955,36324.955,0,0,0,0,0,12,4,14
2025-01,LAPTOP GA1,0,0,36324.955,0,0,0,0,0,0,0,36324.955,36324.955,0,0,0,0,0,1,1,14
2025-02,LAPTOP GA1,0,0,36324.955,0,0,0,0,0,0,0,36324.955,36324.955,0,0,0,0,0,2,1,14
2025-03,LAPTOP GA1,0,0,36324.955,0,0,0,0,0,0,0,36324.955,36324.955,0,0,0,0,0,3,1,14
2025-04,LAPTOP GA1,0,0,36324.955,0,0,0,0,0,0,0,36324.955,36324.955,0,0,0,0,0,4,2,14
2025-05,LAPTOP GA1,0,0,36324.955,0,0,0,0,0,0,0,36324.955,36324.955,0,0,0,0,0,5,2,14
2025-06,LAPTOP GA1,0,0,36324.955,0,0,0,0,0,0,0,36324.955,36324.955,0,0,0,0,0,6,2,14
2025-07,LAPTOP GA1,0,0,36324.955,0,0,0,0,0,0,0,36324.955,36324.955,0,0,0,0,0,7,3,14
2025-08,LAPTOP GA1,0,0,36324.955,0,0,0,0,0,0,0,36324.955,36324.955,0,0,0,0,0,8,3,14
2025-09,LAPTOP GA1,0,0,36324.955,0,0,0,0,0,0,0,36324.955,36324.955,0,0,0,0,0,9,3,14
2025-10,LAPTOP GA1,6,217949.73,36324.955,0,0,0,0,0,0,0,36324.955,36324.955,0,0,0,0,0,10,4,14
2025-11,LAPTOP GA1,0,0,36324.955,6,0,0,0,2,1,3.464101615,36324.955,36324.955,0,217949.73,0,72649.91,36324.955,11,4,14
2025-12,LAPTOP GA1,3,113985,37995,0,6,0,0,2,1,3.464101615,36324.955,36324.955,0,0,0,72649.91,36324.955,12,4,14
2026-01,LAPTOP GA1,0,0,37995,3,0,6,0,3,1.5,3,37995,36881.63667,0.045975143,113985,0,110644.91,55322.455,1,1,14
2026-02,LAPTOP GA1,0,0,37995,0,3,0,0,1,1.5,1.732050808,37995,37438.31833,0.045975143,0,0,37995,55322.455,2,1,14
2026-03,LAPTOP GA1,0,0,37995,0,0,3,0,1,1.5,1.732050808,37995,37995,0.045975143,0,0,37995,55322.455,3,1,14
2026-04,LAPTOP GA1,0,0,37995,0,0,0,0,0,1.5,0,37995,37995,0,0,0,0,55322.455,4,2,14
2026-05,LAPTOP GA1,0,0,37995,0,0,0,0,0,0.5,0,37995,37995,0,0,0,0,18997.5,5,2,14
2026-06,LAPTOP GA1,0,0,37995,0,0,0,0,0,0.5,0,37995,37995,0,0,0,0,18997.5,6,2,14
2026-07,LAPTOP GA1,0,0,37995,0,0,0,0,0,0,0,37995,37995,0,0,0,0,0,7,3,14
2026-08,LAPTOP GA1,0,0,37995,0,0,0,0,0,0,0,37995,37995,0,0,0,0,0,8,3,14
2024-07,LAPTOP GA2,4,235980,58995,3,1,10,10,4.666666667,3.333333333,4.725815626,58995,59795,0,176985,176985,283310,201983.3333,7,3,15
2024-08,LAPTOP GA2,3,180985,60328.33333,4,3,1,1,2.666666667,3.5,1.527525232,58995,58995,-0.039091131,235980,235980,157320,210482.5,8,3,15
2024-09,LAPTOP GA2,5,306975,61395,3,4,3,3,3.333333333,3.666666667,0.577350269,60328.33333,59439.44444,0.022600785,180985,180985,197983.3333,220981.6667,9,3,15
2024-10,LAPTOP GA2,2,125990,62995,5,3,4,4,4,4.333333333,1,61395,60239.44444,0.040681414,306975,306975,241313.3333,262311.6667,10,4,15
2024-11,LAPTOP GA2,0,0,62995,2,5,3,3,3.333333333,3,1.527525232,62995,61572.77778,0.067802356,125990,125990,204650,180985,11,4,15
2024-12,LAPTOP GA2,6,373970,62328.33333,0,2,5,5,2.333333333,2.833333333,2.516611478,62995,62461.66667,0.044202558,0,0,144321.6667,171152.5,12,4,15
2025-01,LAPTOP GA2,0,0,62328.33333,6,0,2,3,2.666666667,3.333333333,3.055050463,62328.33333,62772.77778,0.015202107,373970,184985,166653.3333,203983.3333,1,1,15
2025-02,LAPTOP GA2,3,180985,60328.33333,0,6,0,2,2,2.666666667,3.464101615,62328.33333,62550.55556,-0.01058285,0,117990,124656.6667,164653.3333,2,1,15
2025-03,LAPTOP GA2,4,243980,60995,3,0,6,1,3,2.666666667,3,60328.33333,61661.66667,-0.042331402,180985,58995,184985,164653.3333,3,1,15
2025-04,LAPTOP GA2,3,180985,60328.33333,4,3,0,10,2.333333333,2.5,2.081665999,60995,61217.22222,-0.02139209,243980,613950,141655,154154.1667,4,2,15
2025-05,LAPTOP GA2,2,125990,62995,3,4,3,1,3.333333333,2.666666667,0.577350269,60328.33333,60550.55556,-0.032088135,180985,58995,201983.3333,163320,5,2,15
2025-06,LAPTOP GA2,2,125990,62995,2,3,4,3,3,3,1,62995,61439.44444,0.044202558,125990,176985,183651.6667,184318.3333,6,2,15
2025-07,LAPTOP GA2,3,180985,60328.33333,2,2,3,4,2.333333333,2.333333333,0.577350269,62995,62106.11111,0.032789573,125990,235980,144321.6667,142988.3333,7,3,15
2025-08,LAPTOP GA2,3,176985,58995,3,2,2,3,2.333333333,2.833333333,0.577350269,60328.33333,62106.11111,0,180985,180985,144321.6667,173152.5,8,3,15
2025-09,LAPTOP GA2,5,310975,62195,3,3,2,5,2.666666667,2.833333333,0.577350269,58995,60772.77778,-0.063497103,176985,306975,161320,172485.8333,9,3,15
2025-10,LAPTOP GA2,3,147485,49161.66667,5,3,3,2,3.666666667,3,1.154700538,62195,60506.11111,-0.012699421,310975,125990,222981.6667,183651.6667,10,4,15
2025-11,LAPTOP GA2,3,164985,54995,3,5,3,0,3.666666667,3,1.154700538,49161.66667,56783.88889,-0.185098213,147485,0,211815,178068.3333,11,4,15
2025-12,LAPTOP GA2,2,111914.83,55957.415,3,3,5,6,3.666666667,3.166666667,1.154700538,54995,55450.55556,-0.067802356,164985,373970,207815,184567.5,12,4,15
2026-01,LAPTOP GA2,0,0,55957.415,2,3,3,0,2.666666667,3.166666667,0.577350269,55957.415,53371.36056,-0.100290779,111914.83,0,141461.61,182221.6383,1,1,15
2026-02,LAPTOP GA2,3,188985,62995,0,2,3,3,1.666666667,2.666666667,1.527525232,55957.415,55636.61,0.138232668,0,180985,92299.94333,152057.4717,2,1,15
2026-03,LAPTOP GA2,3,180985,60328.33333,3,0,2,4,1.666666667,2.666666667,1.527525232,62995,58303.27667,0.14546777,188985,243980,100299.9433,154057.4717,3,1,15
2026-04,LAPTOP GA2,5,306975,61395,3,3,0,3,2,2.333333333,1.732050808,60328.33333,59760.24944,0.078111513,180985,180985,123323.3333,132392.4717,4,2,15
2026-05,LAPTOP GA2,4,251980,62995,5,3,3,2,3.666666667,2.666666667,1.154700538,61395,61572.77778,0.097173627,306975,125990,225648.3333,158974.1383,5,2,15
2026-06,LAPTOP GA2,2,121990,60995,4,5,3,2,4,2.833333333,1,62995,61572.77778,0,251980,125990,246646.6667,173473.305,6,2,15
2026-07,LAPTOP GA2,1,58995,58995,2,4,5,3,3.666666667,2.833333333,1.527525232,60995,61795,0.01105064,121990,180985,226981.6667,175152.5,7,3,15
2026-08,LAPTOP GA2,5,306975,61395,1,2,4,3,2.333333333,3,1.527525232,58995,60995,-0.039091131,58995,176985,144321.6667,184985,8,3,15
2024-07,LAPTOP GA3,0,0,68995,0,0,0,0,0,0.333333333,0,68995,68995,0,0,0,0,22998.33333,7,3,16
2024-08,LAPTOP GA3,0,0,68995,0,0,0,0,0,0.166666667,0,68995,68995,0,0,0,0,11499.16667,8,3,16
2024-09,LAPTOP GA3,0,0,68995,0,0,0,0,0,0.166666667,0,68995,68995,0,0,0,0,11499.16667,9,3,16
2024-10,LAPTOP GA3,0,0,68995,0,0,0,0,0,0,0,68995,68995,0,0,0,0,0,10,4,16
2024-11,LAPTOP GA3,0,0,68995,0,0,0,0,0,0,0,68995,68995,0,0,0,0,0,11,4,16
2024-12,LAPTOP GA3,1,68995,68995,0,0,0,0,0,0,0,68995,68995,0,0,0,0,0,12,4,16
2025-01,LAPTOP GA3,0,0,68995,1,0,0,1,0.333333333,0.166666667,0.577350269,68995,68995,0,68995,68995,22998.33333,11499.16667,1,1,16
2025-02,LAPTOP GA3,0,0,68995,0,1,0,0,0.333333333,0.166666667,0.577350269,68995,68995,0,0,0,22998.33333,11499.16667,2,1,16
2025-03,LAPTOP GA3,0,0,68995,0,0,1,1,0.333333333,0.166666667,0.577350269,68995,68995,0,0,68995,22998.33333,11499.16667,3,1,16
2025-04,LAPTOP GA3,0,0,68995,0,0,0,0,0,0.166666667,0,68995,68995,0,0,0,0,11499.16667,4,2,16
2025-05,LAPTOP GA3,0,0,68995,0,0,0,0,0,0.166666667,0,68995,68995,0,0,0,0,11499.16667,5,2,16
2025-06,LAPTOP GA3,0,0,68995,0,0,0,0,0,0.166666667,0,68995,68995,0,0,0,0,11499.16667,6,2,16
2025-07,LAPTOP GA3,0,0,68995,0,0,0,0,0,0,0,68995,68995,0,0,0,0,0,7,3,16
2025-08,LAPTOP GA3,1,68995,68995,0,0,0,0,0,0,0,68995,68995,0,0,0,0,0,8,3,16
2025-09,LAPTOP GA3,0,0,68995,1,0,0,0,0.333333333,0.166666667,0.577350269,68995,68995,0,68995,0,22998.33333,11499.16667,9,3,16
2025-10,LAPTOP GA3,0,0,68995,0,1,0,0,0.333333333,0.166666667,0.577350269,68995,68995,0,0,0,22998.33333,11499.16667,10,4,16
2025-11,LAPTOP GA3,0,0,68995,0,0,1,0,0.333333333,0.166666667,0.577350269,68995,68995,0,0,0,22998.33333,11499.16667,11,4,16
2025-12,LAPTOP GA3,1,65995,65995,0,0,0,1,0,0.166666667,0,68995,68995,0,0,68995,0,11499.16667,12,4,16
2026-01,LAPTOP GA3,0,0,65995,1,0,0,0,0.333333333,0.333333333,0.577350269,65995,67995,-0.043481412,65995,0,21998.33333,22498.33333,1,1,16
2026-02,LAPTOP GA3,0,0,65995,0,1,0,0,0.333333333,0.333333333,0.577350269,65995,66995,-0.043481412,0,0,21998.33333,22498.33333,2,1,16
2026-03,LAPTOP GA3,1,68995,68995,0,0,1,0,0.333333333,0.166666667,0.577350269,65995,65995,-0.043481412,0,0,21998.33333,10999.16667,3,1,16
2026-04,LAPTOP GA3,0,0,68995,1,0,0,0,0.333333333,0.333333333,0.577350269,68995,66995,0.045457989,68995,0,22998.33333,22498.33333,4,2,16
2026-05,LAPTOP GA3,1,68995,68995,0,1,0,0,0.333333333,0.333333333,0.577350269,68995,67995,0.045457989,0,0,22998.33333,22498.33333,5,2,16
2026-06,LAPTOP GA3,1,68995,68995,1,0,1,0,0.666666667,0.5,0.577350269,68995,68995,0.045457989,68995,0,45996.66667,33997.5,6,2,16
2026-07,LAPTOP GA3,0,0,68995,1,1,0,0,0.666666667,0.5,0.577350269,68995,68995,0,68995,0,45996.66667,34497.5,7,3,16
2026-08,LAPTOP GA3,0,0,68995,0,1,1,1,0.666666667,0.5,0.577350269,68995,68995,0,0,68995,45996.66667,34497.5,8,3,16
2024-07,LAPTOP NO2,0,0,14995,0,0,0,0,0,0,0,14995,14995,0,0,0,0,0,7,3,17
2024-08,LAPTOP NO2,0,0,14995,0,0,0,0,0,0,0,14995,14995,0,0,0,0,0,8,3,17
2024-09,LAPTOP NO2,0,0,14995,0,0,0,0,0,0,0,14995,14995,0,0,0,0,0,9,3,17
2024-10,LAPTOP NO2,0,0,14995,0,0,0,0,0,0,0,14995,14995,0,0,0,0,0,10,4,17
2024-11,LAPTOP NO2,0,0,14995,0,0,0,0,0,0,0,14995,14995,0,0,0,0,0,11,4,17
2024-12,LAPTOP NO2,0,0,14995,0,0,0,0,0,0,0,14995,14995,0,0,0,0,0,12,4,17
2025-01,LAPTOP NO2,0,0,14995,0,0,0,0,0,0,0,14995,14995,0,0,0,0,0,1,1,17
2025-02,LAPTOP NO2,0,0,14995,0,0,0,0,0,0,0,14995,14995,0,0,0,0,0,2,1,17
2025-03,LAPTOP NO2,0,0,14995,0,0,0,0,0,0,0,14995,14995,0,0,0,0,0,3,1,17
2025-04,LAPTOP NO2,0,0,14995,0,0,0,0,0,0,0,14995,14995,0,0,0,0,0,4,2,17
2025-05,LAPTOP NO2,0,0,14995,0,0,0,0,0,0,0,14995,14995,0,0,0,0,0,5,2,17
2025-06,LAPTOP NO2,0,0,14995,0,0,0,0,0,0,0,14995,14995,0,0,0,0,0,6,2,17
2025-07,LAPTOP NO2,0,0,14995,0,0,0,0,0,0,0,14995,14995,0,0,0,0,0,7,3,17
2025-08,LAPTOP NO2,0,0,14995,0,0,0,0,0,0,0,14995,14995,0,0,0,0,0,8,3,17
2025-09,LAPTOP NO2,0,0,14995,0,0,0,0,0,0,0,14995,14995,0,0,0,0,0,9,3,17
2025-10,LAPTOP NO2,2,29990,14995,0,0,0,0,0,0,0,14995,14995,0,0,0,0,0,10,4,17
2025-11,LAPTOP NO2,0,0,14995,2,0,0,0,0.666666667,0.333333333,1.154700538,14995,14995,0,29990,0,9996.666667,4998.333333,11,4,17
2025-12,LAPTOP NO2,0,0,14995,0,2,0,0,0.666666667,0.333333333,1.154700538,14995,14995,0,0,0,9996.666667,4998.333333,12,4,17
2026-01,LAPTOP NO2,0,0,14995,0,0,2,0,0.666666667,0.333333333,1.154700538,14995,14995,0,0,0,9996.666667,4998.333333,1,1,17
2026-02,LAPTOP NO2,0,0,14995,0,0,0,0,0,0.333333333,0,14995,14995,0,0,0,0,4998.333333,2,1,17
2026-03,LAPTOP NO2,0,0,14995,0,0,0,0,0,0.333333333,0,14995,14995,0,0,0,0,4998.333333,3,1,17
2026-04,LAPTOP NO2,0,0,14995,0,0,0,0,0,0.333333333,0,14995,14995,0,0,0,0,4998.333333,4,2,17
2026-05,LAPTOP NO2,0,0,14995,0,0,0,0,0,0,0,14995,14995,0,0,0,0,0,5,2,17
2026-06,LAPTOP NO2,0,0,14995,0,0,0,0,0,0,0,14995,14995,0,0,0,0,0,6,2,17
2026-07,LAPTOP NO2,0,0,14995,0,0,0,0,0,0,0,14995,14995,0,0,0,0,0,7,3,17
2026-08,LAPTOP NO2,0,0,14995,0,0,0,0,0,0,0,14995,14995,0,0,0,0,0,8,3,17
2024-07,LAPTOP PR1,0,0,22495,0,0,0,0,0,0,0,22495,22495,0,0,0,0,0,7,3,18
2024-08,LAPTOP PR1,0,0,22495,0,0,0,0,0,0,0,22495,22495,0,0,0,0,0,8,3,18
2024-09,LAPTOP PR1,0,0,22495,0,0,0,0,0,0,0,22495,22495,0,0,0,0,0,9,3,18
2024-10,LAPTOP PR1,0,0,22495,0,0,0,0,0,0,0,22495,22495,0,0,0,0,0,10,4,18
2024-11,LAPTOP PR1,0,0,22495,0,0,0,0,0,0,0,22495,22495,0,0,0,0,0,11,4,18
2024-12,LAPTOP PR1,0,0,22495,0,0,0,0,0,0,0,22495,22495,0,0,0,0,0,12,4,18
2025-01,LAPTOP PR1,0,0,22495,0,0,0,0,0,0,0,22495,22495,0,0,0,0,0,1,1,18
2025-02,LAPTOP PR1,0,0,22495,0,0,0,0,0,0,0,22495,22495,0,0,0,0,0,2,1,18
2025-03,LAPTOP PR1,0,0,22495,0,0,0,0,0,0,0,22495,22495,0,0,0,0,0,3,1,18
2025-04,LAPTOP PR1,0,0,22495,0,0,0,0,0,0,0,22495,22495,0,0,0,0,0,4,2,18
2025-05,LAPTOP PR1,0,0,22495,0,0,0,0,0,0,0,22495,22495,0,0,0,0,0,5,2,18
2025-06,LAPTOP PR1,0,0,22495,0,0,0,0,0,0,0,22495,22495,0,0,0,0,0,6,2,18
2025-07,LAPTOP PR1,0,0,22495,0,0,0,0,0,0,0,22495,22495,0,0,0,0,0,7,3,18
2025-08,LAPTOP PR1,0,0,22495,0,0,0,0,0,0,0,22495,22495,0,0,0,0,0,8,3,18
2025-09,LAPTOP PR1,0,0,22495,0,0,0,0,0,0,0,22495,22495,0,0,0,0,0,9,3,18
2025-10,LAPTOP PR1,1,22495,22495,0,0,0,0,0,0,0,22495,22495,0,0,0,0,0,10,4,18
2025-11,LAPTOP PR1,1,24524.33,24524.33,1,0,0,0,0.333333333,0.166666667,0.577350269,22495,22495,0,22495,0,7498.333333,3749.166667,11,4,18
2025-12,LAPTOP PR1,5,123813.4,24762.68,1,1,0,0,0.666666667,0.333333333,0.577350269,24524.33,23171.44333,0.090212492,24524.33,0,15673.11,7836.555,12,4,18
2026-01,LAPTOP PR1,0,0,24762.68,5,1,1,0,2.333333333,1.166666667,2.309401077,24762.68,23927.33667,0.10080818,123813.4,0,56944.24333,28472.12167,1,1,18
2026-02,LAPTOP PR1,0,0,24762.68,0,5,1,0,2,1.166666667,2.645751311,24762.68,24683.23,0.10080818,0,0,49445.91,28472.12167,2,1,18
2026-03,LAPTOP PR1,0,0,24762.68,0,0,5,0,1.666666667,1.166666667,2.886751346,24762.68,24762.68,0.00971892,0,0,41271.13333,28472.12167,3,1,18
2026-04,LAPTOP PR1,0,0,24762.68,0,0,0,0,0,1.166666667,0,24762.68,24762.68,0,0,0,0,28472.12167,4,2,18
2026-05,LAPTOP PR1,0,0,24762.68,0,0,0,0,0,1,0,24762.68,24762.68,0,0,0,0,24722.955,5,2,18
2026-06,LAPTOP PR1,0,0,24762.68,0,0,0,0,0,0.833333333,0,24762.68,24762.68,0,0,0,0,20635.56667,6,2,18
2026-07,LAPTOP PR1,0,0,24762.68,0,0,0,0,0,0,0,24762.68,24762.68,0,0,0,0,0,7,3,18
2026-08,LAPTOP PR1,0,0,24762.68,0,0,0,0,0,0,0,24762.68,24762.68,0,0,0,0,0,8,3,18
2024-07,LAPTOP PR2,2,83990,41995,1,2,0,0,1,1.5,1,47795,44561.66667,0.195024378,47795,47795,46528.33333,66525.83333,7,3,19
2024-08,LAPTOP PR2,1,39995,39995,2,1,2,2,1.666666667,1.5,0.577350269,41995,45228.33333,0.050006251,83990,83990,74525,65892.5,8,3,19
2024-09,LAPTOP PR2,3,123985,41328.33333,1,2,1,1,1.333333333,1.166666667,0.577350269,39995,43261.66667,-0.128554309,39995,39995,57260,50594.16667,9,3,19
2024-10,LAPTOP PR2,5,215775,43155,3,1,2,2,2,1.5,1,41328.33333,41106.11111,-0.135300066,123985,123985,82656.66667,64592.5,10,4,19
2024-11,LAPTOP PR2,4,187380,46845,5,3,1,1,3,2.333333333,2,43155,41492.77778,0.027622336,215775,215775,126585,100555,11,4,19
2024-12,LAPTOP PR2,1,39995,39995,4,5,3,3,4,2.666666667,1,46845,43776.11111,0.171271409,187380,187380,175713.3333,116486.6667,12,4,19
2025-01,LAPTOP PR2,4,171980,42995,1,4,5,2,3.333333333,2.666666667,2.081665999,39995,43331.66667,-0.032261967,39995,87790,147716.6667,115186.6667,1,1,19
2025-02,LAPTOP PR2,3,131985,43995,4,1,4,3,3,3,1.732050808,42995,43278.33333,-0.003707566,171980,131785,133118.3333,129851.6667,2,1,19
2025-03,LAPTOP PR2,5,223575,44715,3,4,1,1,2.666666667,3.333333333,1.527525232,43995,42328.33333,-0.060838937,131985,39995,114653.3333,145183.3333,3,1,19
2025-04,LAPTOP PR2,1,47795,47795,5,3,4,0,4,3.666666667,1,44715,43901.66667,0.118014752,223575,0,175846.6667,161781.6667,4,2,19
2025-05,LAPTOP PR2,2,87990,43995,1,5,3,2,3,3,2,47795,45501.66667,0.111640888,47795,91790,134451.6667,133785,5,2,19
2025-06,LAPTOP PR2,1,47795,47795,2,1,5,1,2.666666667,2.666666667,2.081665999,43995,45501.66667,0,87990,47795,119786.6667,117220,6,2,19
2025-07,LAPTOP PR2,2,91790,45895,1,2,1,2,1.333333333,2.666666667,0.577350269,47795,46528.33333,0.068880689,47795,83990,61193.33333,118520,7,3,19
2025-08,LAPTOP PR2,1,39995,39995,2,1,2,1,1.666666667,2.333333333,0.577350269,45895,45895,-0.039753112,91790,39995,75858.33333,105155,8,3,19
2025-09,LAPTOP PR2,2,91790,45895,1,2,1,3,1.333333333,2,0.577350269,39995,44561.66667,-0.090919423,39995,123985,59860,89823.33333,9,3,19
2025-10,LAPTOP PR2,3,75859.83,25286.61,2,1,2,5,1.666666667,1.5,0.577350269,45895,43928.33333,-0.039753112,91790,215775,74525,67859.16667,10,4,19
2025-11,LAPTOP PR2,3,107985,35995,3,2,1,4,2,1.833333333,1,25286.61,37058.87,-0.449033446,75859.83,187380,69214.94333,72536.63833,11,4,19
2025-12,LAPTOP PR2,4,103980,25995,3,3,2,1,2.666666667,2,0.577350269,35995,35725.53667,-0.100012502,107985,39995,91878.27667,75869.13833,12,4,19
2026-01,LAPTOP PR2,2,87790,43895,4,3,3,4,3.333333333,2.5,0.577350269,25995,29092.20333,-0.433598431,103980,171980,95941.61,85233.305,1,1,19
2026-02,LAPTOP PR2,4,175780,43945,2,4,3,3,3,2.5,1,43895,35295,0.73589896,87790,131985,99918.33333,84566.63833,2,1,19
2026-03,LAPTOP PR2,4,175780,43945,4,2,4,5,3.333333333,3,1.154700538,43945,37945,0.220864009,175780,223575,122516.6667,107197.4717,3,1,19
2026-04,LAPTOP PR2,1,47795,47795,4,4,2,1,3.333333333,3.333333333,1.154700538,43945,43928.33333,0.690517407,175780,47795,146450,121195.805,4,2,19
2026-05,LAPTOP PR2,3,127785,42595,1,4,4,2,3,3,1.732050808,47795,45228.33333,0.088848388,47795,87990,133118.3333,116518.3333,5,2,19
2026-06,LAPTOP PR2,1,47795,47795,3,1,4,1,2.666666667,3,1.527525232,42595,44778.33333,-0.030720218,127785,47795,117120,119818.3333,6,2,19
2026-07,LAPTOP PR2,3,131985,43995,1,3,1,2,1.666666667,2.5,1.154700538,47795,46061.66667,0.087609512,47795,91790,74458.33333,110454.1667,7,3,19
2026-08,LAPTOP PR2,4,175780,43945,3,1,3,1,2.333333333,2.666666667,1.154700538,43995,44795,-0.079506225,131985,39995,102521.6667,117820,8,3,19
2024-07,LAPTOP PR3,3,119985,39995,4,5,4,4,4.333333333,6,0.577350269,43745,45628.33333,-0.005682464,174980,174980,198645,270803.3333,7,3,20
2024-08,LAPTOP PR3,3,152985,50995,3,4,5,5,4,4.166666667,1,39995,44045,-0.106157113,119985,119985,178980,184979.1667,8,3,20
2024-09,LAPTOP PR3,5,228975,45795,3,3,4,4,3.333333333,4.166666667,0.577350269,50995,44911.66667,0.053724558,152985,152985,149316.6667,188812.5,9,3,20
2024-10,LAPTOP PR3,4,164980,41245,5,3,3,3,3.666666667,4,1.154700538,45795,45595,0.046862499,228975,228975,167315,182980,10,4,20
2024-11,LAPTOP PR3,11,469945,42722.27273,4,5,3,3,4,4,1,41245,46011.66667,0.031253907,164980,164980,182313.3333,180646.6667,11,4,20
2024-12,LAPTOP PR3,10,507950,50795,11,4,5,5,6.666666667,5,3.785938897,42722.27273,43254.09091,-0.162226243,469945,469945,287966.6667,218641.6667,12,4,20
2025-01,LAPTOP PR3,8,344960,43120,10,11,4,14,8.333333333,6,3.785938897,50795,44920.75758,0.109182225,507950,634930,380958.3333,274136.6667,1,1,20
2025-02,LAPTOP PR3,3,124985,41661.66667,8,10,11,3,9.666666667,6.833333333,1.527525232,43120,45545.75758,0.045460056,344960,129985,440951.6667,311632.5,2,1,20
2025-03,LAPTOP PR3,2,98990,49495,3,8,10,6,7,6.833333333,3.605551275,41661.66667,45192.22222,-0.0248256,124985,263970,325965,306965.8333,3,1,20
2025-04,LAPTOP PR3,6,300970,50161.66667,2,3,8,4,4.333333333,6.333333333,3.214550254,49495,44758.88889,-0.02559307,98990,178980,189645,285301.6667,4,2,20
2025-05,LAPTOP PR3,7,318965,45566.42857,6,2,3,5,3.666666667,6.666666667,2.081665999,50161.66667,47106.11111,0.163303958,300970,241975,174981.6667,307966.6667,5,2,20
2025-06,LAPTOP PR3,6,258970,43161.66667,7,6,2,4,5,6,2.645751311,45566.42857,48407.69841,0.093725533,318965,174980,239641.6667,282803.3333,6,2,20
2025-07,LAPTOP PR3,6,300970,50161.66667,6,7,6,3,6.333333333,5.333333333,0.577350269,43161.66667,46296.5873,-0.127959053,258970,119985,292968.3333,241306.6667,7,3,20
2025-08,LAPTOP PR3,2,98990,49495,6,6,7,3,6.333333333,5,0.577350269,50161.66667,46296.5873,0,300970,152985,292968.3333,233975,8,3,20
2025-09,LAPTOP PR3,6,268970,44828.33333,2,6,6,5,4.666666667,4.833333333,2.309401077,49495,47606.11111,0.086216356,98990,228975,219643.3333,229642.5,9,3,20
2025-10,LAPTOP PR3,4,135658.8,33914.7,6,2,6,4,4.666666667,5.5,2.309401077,44828.33333,48161.66667,0.038614511,268970,164980,222976.6667,257972.5,10,4,20
2025-11,LAPTOP PR3,68,2175660,31995,4,6,2,11,4,5.166666667,2,33914.7,42746.01111,-0.323892082,135658.8,469945,167872.9333,230420.6333,11,4,20
2025-12,LAPTOP PR3,4,129099.83,32274.9575,68,4,6,10,26,15.33333333,36.3868108,31995,36912.67778,-0.353571068,2175660,507950,860096.2667,539869.8,12,4,20
2026-01,LAPTOP PR3,4,206980,51745,4,68,4,8,25.33333333,15,36.95041723,32274.9575,32728.21917,-0.280032178,129099.83,344960,813472.8767,518224.7717,1,1,20
2026-02,LAPTOP PR3,3,119985,39995,4,4,68,3,25.33333333,14.66666667,36.95041723,51745,38671.6525,0.525739576,206980,124985,837246.61,502559.7717,2,1,20
2026-03,LAPTOP PR3,7,335965,47995,3,4,4,2,3.666666667,14.83333333,0.577350269,39995,41338.31917,0.250039069,119985,98990,152021.61,506058.9383,3,1,20
2026-04,LAPTOP PR3,4,197980,49495,7,3,4,6,4.666666667,15,2.081665999,47995,46578.33333,0.487066249,335965,300970,220976.6667,517224.7717,4,2,20
2026-05,LAPTOP PR3,5,228975,45795,4,7,3,7,4.666666667,15,2.081665999,49495,45828.33333,-0.043482462,197980,318965,217976.6667,527611.6383,5,2,20
2026-06,LAPTOP PR3,5,246975,49395,5,4,7,6,5.333333333,4.5,1.527525232,45795,47761.66667,0.145018127,228975,258970,254306.6667,203164.1383,6,2,20
2026-07,LAPTOP PR3,7,284965,40709.28571,5,5,4,6,4.666666667,4.666666667,0.577350269,49395,48228.33333,0.029169705,246975,300970,224643.3333,222810,7,3,20
2026-08,LAPTOP PR3,6,282970,47161.66667,7,5,5,2,5.666666667,5.166666667,1.154700538,40709.28571,45299.7619,-0.177507108,284965,98990,253638.3333,235807.5,8,3,20
2024-07,MEMORY,223,1687345,7566.569507,193,201,202,202,198.6666667,213.6666667,4.932882862,7221.373057,7081.685252,0.082844271,1393725,1393725,1406453.333,1521059.167,7,3,21
2024-08,MEMORY,191,1497630,7840.994764,223,193,201,201,205.6666667,213,15.53490693,7566.569507,7312.282679,0.100627592,1687345,1687345,1506000,1529627.5,8,3,21
2024-09,MEMORY,197,1297735,6587.48731,191,223,193,193,202.3333333,209,17.92577288,7840.994764,7542.979109,0.096810525,1497630,1497630,1526233.333,1505257.5,9,3,21
2024-10,MEMORY,206,1476975,7169.781553,197,191,223,223,203.6666667,201.1666667,17.0098011,6587.48731,7331.68386,-0.087779117,1297735,1297735,1494236.667,1450345,10,4,21
2024-11,MEMORY,177,1276435,7211.497175,206,197,191,191,198,201.8333333,7.549834435,7169.781553,7199.421209,-0.05243961,1476975,1476975,1424113.333,1465056.667,11,4,21
2024-12,MEMORY,234,1748095,7470.491453,177,206,197,197,193.3333333,197.8333333,14.84362939,7211.497175,6989.588679,-0.080282873,1276435,1276435,1350381.667,1438307.5,12,4,21
2025-01,MEMORY,169,1129080,6680.946746,234,177,206,227,205.6666667,204.6666667,28.50146195,7470.491453,7283.923394,0.134042633,1748095,1635935,1500501.667,1497369.167,1,1,21
2025-02,MEMORY,187,1406025,7518.850267,169,234,177,215,193.3333333,195.6666667,35.44479275,6680.946746,7120.978458,-0.068179875,1129080,1643850,1384536.667,1404325,2,1,21
2025-03,MEMORY,226,1639230,7253.230088,187,169,234,244,196.6666667,195,33.56088994,7518.850267,7223.429489,0.042619873,1406025,1627210,1427733.333,1389057.5,3,1,21
2025-04,MEMORY,206,1438315,6982.11165,226,187,169,202,194,199.8333333,29.13760457,7253.230088,7151.009034,-0.029082607,1639230,1388705,1391445,1445973.333,4,2,21
2025-05,MEMORY,210,1498925,7137.738095,206,226,187,201,206.3333333,199.8333333,19.50213664,6982.11165,7251.397335,0.045078178,1438315,1436930,1494523.333,1439530,5,2,21
2025-06,MEMORY,205,1252615,6110.317073,210,206,226,193,214,205.3333333,10.58300524,7137.738095,7124.359945,-0.05068756,1498925,1393725,1525490,1476611.667,6,2,21
2025-07,MEMORY,178,1363065,7657.668539,205,210,206,223,207,200.5,2.645751311,6110.317073,6743.38894,-0.157572971,1252615,1687345,1396618.333,1394031.667,7,3,21
2025-08,MEMORY,264,1877095,7110.208333,178,205,210,191,197.6666667,202,17.21433511,7657.668539,6968.574569,0.096755383,1363065,1497630,1371535,1433029.167,8,3,21
2025-09,MEMORY,238,1734600,7288.235294,264,178,205,197,215.6666667,214.8333333,43.98105653,7110.208333,6959.397982,-0.003856931,1877095,1297735,1497591.667,1511540.833,9,3,21
2025-10,MEMORY,272,615136.49,2261.531213,238,264,178,206,226.6666667,216.8333333,44.10593309,7288.235294,7352.037389,0.192775302,1734600,1476975,1658253.333,1527435.833,10,4,21
2025-11,MEMORY,228,775935.51,3403.225921,272,238,264,177,258,227.8333333,17.77638883,2261.531213,5553.324947,-0.704671049,615136.49,1276435,1408943.83,1390239.415,11,4,21
2025-12,MEMORY,206,731692.52,3551.905437,228,272,238,234,246,230.8333333,23.06512519,3403.225921,4317.664143,-0.52136059,775935.51,1748095,1041890.667,1269741.167,12,4,21
2026-01,MEMORY,216,1568220,7260.277778,206,228,272,169,235.3333333,231,33.6055551,3551.905437,3072.220857,-0.5126522,731692.52,1129080,707588.1733,1182920.753,1,1,21
2026-02,MEMORY,196,1423895,7264.770408,216,206,228,187,216.6666667,237.3333333,11.01514109,7260.277778,4738.469712,2.210337198,1568220,1406025,1025282.677,1217113.253,2,1,21
2026-03,MEMORY,208,1420365,6828.677885,196,216,206,226,206,226,10,7264.770408,6025.651208,1.134671802,1423895,1639230,1241269.173,1141579.92,3,1,21
2026-04,MEMORY,231,1624480,7032.380952,208,196,216,206,206.6666667,221,10.06644591,6828.677885,7117.90869,0.922539326,1420365,1438315,1470826.667,1089207.42,4,2,21
2026-05,MEMORY,214,1420105,6636.004673,231,208,196,210,211.6666667,214.1666667,17.7857621,7032.380952,7041.943082,-0.031389546,1624480,1498925,1489580,1257431.338,5,2,21
2026-06,MEMORY,149,1046820,7025.637584,214,231,208,205,217.6666667,211.8333333,11.93035345,6636.004673,6832.354503,-0.08654998,1420105,1252615,1488316.667,1364792.92,6,2,21
2026-07,MEMORY,246,1782120,7244.390244,149,214,231,178,198,202.3333333,43.27817002,7025.637584,6898.007736,0.028843021,1046820,1363065,1363801.667,1417314.167,7,3,21
2026-08,MEMORY,286,2115820,7397.972028,246,149,214,264,203,207.3333333,49.42671343,7244.390244,6968.6775,0.030147583,1782120,1877095,1416348.333,1452964.167,8,3,21
2024-07,MINI PC,2,33900,16950,2,3,3,3,2.666666667,2.666666667,0.577350269,13450,14338.88889,-0.206489676,26900,26900,38533.33333,40200,7,3,22
2024-08,MINI PC,4,60800,15200,2,2,3,3,2.333333333,2.5,0.577350269,16950,15894.44444,0.379918589,33900,33900,37550,38541.66667,8,3,22
2024-09,MINI PC,4,64800,16200,4,2,2,2,2.666666667,2.666666667,1.154700538,15200,15200,-0.120540019,60800,60800,40533.33333,40700,9,3,22
2024-10,MINI PC,5,96750,19350,4,4,2,2,3.333333333,3,1.154700538,16200,16116.66667,0.204460967,64800,64800,53166.66667,45850,10,4,22
2024-11,MINI PC,1,9950,9950,5,4,4,4,4.333333333,3.333333333,0.577350269,19350,16916.66667,0.14159292,96750,96750,74116.66667,55833.33333,11,4,22
2024-12,MINI PC,6,91700,15283.33333,1,5,4,4,3.333333333,3,2.081665999,9950,15166.66667,-0.345394737,9950,9950,57166.66667,48850,12,4,22
2025-01,MINI PC,3,47850,15950,6,1,5,3,4,3.666666667,2.645751311,15283.33333,14861.11111,-0.056584362,91700,43850,66133.33333,59650,1,1,22
2025-02,MINI PC,5,60750,12150,3,6,1,3,3.333333333,3.833333333,2.516611478,15950,13727.77778,-0.175710594,47850,47850,49833.33333,61975,2,1,22
2025-03,MINI PC,16,278200,17387.5,5,3,6,2,4.666666667,4,1.527525232,12150,14461.11111,0.221105528,60750,33900,66766.66667,61966.66667,3,1,22
2025-04,MINI PC,5,56750,11350,16,5,3,3,8,6,7,17387.5,15162.5,0.137677208,278200,36850,128933.3333,97533.33333,4,2,22
2025-05,MINI PC,2,37900,18950,5,16,5,3,8.666666667,6,6.350852961,11350,13629.16667,-0.288401254,56750,51850,131900,90866.66667,5,2,22
2025-06,MINI PC,2,30900,15450,2,5,16,2,7.666666667,6.166666667,7.371114796,18950,15895.83333,0.559670782,37900,26900,124283.3333,95525,6,2,22
2025-07,MINI PC,2,30900,15450,2,2,5,2,3,5.5,1.732050808,15450,15250,-0.111430625,30900,33900,41850,85391.66667,7,3,22
2025-08,MINI PC,3,51850,17283.33333,2,2,2,4,2,5.333333333,0,15450,16616.66667,0.36123348,30900,60800,33233.33333,82566.66667,8,3,22
2025-09,MINI PC,4,46800,11700,3,2,2,4,2.333333333,5,0.577350269,17283.33333,16061.11111,-0.087950748,51850,64800,37883.33333,81083.33333,9,3,22
2025-10,MINI PC,10,109170,10917,4,3,2,5,3,3,1,11700,14811.11111,-0.242718447,46800,96750,43183.33333,42516.66667,10,4,22
2025-11,MINI PC,6,106200,17700,10,4,3,1,5.666666667,3.833333333,3.785938897,10917,13300.11111,-0.293398058,109170,9950,69273.33333,51253.33333,11,4,22
2025-12,MINI PC,60,1058500,17641.66667,6,10,4,6,6.666666667,4.5,3.055050463,17700,13439,0.024108004,106200,91700,87390,62636.66667,12,4,22
2026-01,MINI PC,8,134600,16825,60,6,10,3,25.33333333,14.16666667,30.08875759,17641.66667,15419.55556,0.507834758,1058500,47850,424623.3333,233903.3333,1,1,22
2026-02,MINI PC,4,46800,11700,8,60,6,5,24.66666667,15.16666667,30.61590001,16825,17388.88889,0.541174315,134600,60750,433100,251186.6667,2,1,22
2026-03,MINI PC,4,57800,14450,4,8,60,16,24,15.33333333,31.2409987,11700,15388.88889,-0.338983051,46800,278200,413300,250345,3,1,22
2026-04,MINI PC,5,74750,14950,4,4,8,5,5.333333333,15.33333333,2.309401077,14450,14325,-0.180916391,57800,56750,79733.33333,252178.3333,4,2,22
2026-05,MINI PC,4,39800,9950,5,4,4,2,4.333333333,14.5,0.577350269,14950,13700,-0.111441308,74750,37900,59783.33333,246441.6667,5,2,22
2026-06,MINI PC,5,71750,14350,4,5,4,2,4.333333333,14.16666667,0.577350269,9950,13116.66667,-0.14957265,39800,30900,57450,235375,6,2,22
2026-07,MINI PC,4,64800,16200,5,4,5,2,4.666666667,5,0.577350269,14350,13083.33333,-0.006920415,71750,30900,62100,70916.66667,7,3,22
2026-08,MINI PC,7,119650,17092.85714,4,5,4,3,4.333333333,4.333333333,0.577350269,16200,13500,0.08361204,64800,51850,58783.33333,59283.33333,8,3,22
2024-07,MOTHERBOARD,211,1589495,7533.151659,177,224,212,212,204.3333333,199,24.41993721,7552.59887,7628.749545,0.093380826,1336810,1336810,1561415,1477634.167,7,3,23
2024-08,MOTHERBOARD,200,1549250,7746.25,211,177,224,224,204,198.5,24.2693222,7533.151659,7714.729343,0.035454552,1589495,1589495,1577131.667,1479878.333,8,3,23
2024-09,MOTHERBOARD,210,1577890,7513.761905,200,211,177,177,196,202.8333333,17.34935157,7746.25,7610.666843,-0.038740451,1549250,1549250,1491851.667,1526025,9,3,23
2024-10,MOTHERBOARD,222,1580895,7121.148649,210,200,211,211,207,205.6666667,6.08276253,7513.761905,7597.721188,-0.005142199,1577890,1577890,1572211.667,1566813.333,10,4,23
2024-11,MOTHERBOARD,194,1332915,6870.695876,222,210,200,200,210.6666667,207.3333333,11.01514109,7121.148649,7460.386851,-0.054691984,1580895,1580895,1569345,1573238.333,11,4,23
2024-12,MOTHERBOARD,208,1486850,7148.317308,194,222,210,210,208.6666667,202.3333333,14.04753834,6870.695876,7168.535477,-0.113029417,1332915,1332915,1497233.333,1494542.5,12,4,23
2025-01,MOTHERBOARD,154,1033380,6710.25974,208,194,222,214,208,207.5,14,7148.317308,7046.720611,-0.048636702,1486850,1576030,1466886.667,1519549.167,1,1,23
2025-02,MOTHERBOARD,188,1428080,7596.170213,154,208,194,174,185.3333333,198,28.02379941,6710.25974,6909.757641,-0.057699808,1033380,1272370,1284381.667,1426863.333,2,1,23
2025-03,MOTHERBOARD,209,1520545,7275.334928,188,154,208,193,183.3333333,196,27.30079364,7596.170213,7151.58242,0.105589645,1428080,1333160,1316103.333,1406668.333,3,1,23
2025-04,MOTHERBOARD,171,1222715,7150.380117,209,188,154,212,183.6666667,195.8333333,27.75487945,7275.334928,7193.921627,0.017768884,1520545,1542345,1327335,1397110.833,4,2,23
2025-05,MOTHERBOARD,216,1516430,7020.509259,171,209,188,224,189.3333333,187.3333333,19.03505538,7150.380117,7340.628419,0.065589171,1222715,1805090,1390446.667,1337414.167,5,2,23
2025-06,MOTHERBOARD,242,1862340,7695.619835,216,171,209,177,198.6666667,191,24.21432083,7020.509259,7148.741435,-0.075783051,1516430,1336810,1419896.667,1368000,6,2,23
2025-07,MOTHERBOARD,182,1416740,7784.285714,242,216,171,211,209.6666667,196.6666667,35.92121008,7695.619835,7288.836404,0.057768462,1862340,1589495,1533828.333,1430581.667,7,3,23
2025-08,MOTHERBOARD,231,1677045,7259.935065,182,242,216,200,213.3333333,201.3333333,30.08875759,7784.285714,7500.138269,0.088653412,1416740,1549250,1598503.333,1494475,8,3,23
2025-09,MOTHERBOARD,188,1506015,8010.718085,231,182,242,210,218.3333333,208.5,31.94265695,7259.935065,7579.946871,0.034103766,1677045,1577890,1652041.667,1535969.167,9,3,23
2025-10,MOTHERBOARD,202,841129.66,4164.008218,188,231,182,222,200.3333333,205,26.72701505,8010.718085,7684.979621,0.040945142,1506015,1580895,1533266.667,1533547.5,10,4,23
2025-11,MOTHERBOARD,208,896877.5,4311.911058,202,188,231,194,207,210.1666667,21.9317122,4164.008218,6478.220456,-0.465075105,841129.66,1332915,1341396.553,1469949.943,11,4,23
2025-12,MOTHERBOARD,182,785664.93,4316.840275,208,202,188,208,199.3333333,208.8333333,10.26320288,4311.911058,5495.545787,-0.406067545,896877.5,1486850,1081340.72,1366691.193,12,4,23
2026-01,MOTHERBOARD,207,1650825,7975,182,208,202,154,197.3333333,198.8333333,13.61371857,4316.840275,4264.253183,-0.46111694,785664.93,1033380,841224.03,1187245.348,1,1,23
2026-02,MOTHERBOARD,189,1521325,8049.338624,207,182,208,188,199,203,14.73091986,7975,5534.583777,0.915221965,1650825,1428080,1111122.477,1226259.515,2,1,23
2026-03,MOTHERBOARD,209,1503680,7194.641148,189,207,182,209,192.6666667,196,12.89702808,8049.338624,6780.392966,0.866768242,1521325,1520545,1319271.643,1200306.182,3,1,23
2026-04,MOTHERBOARD,216,1589520,7358.888889,209,189,207,171,201.6666667,199.5,11.01514109,7194.641148,7739.659924,0.666645206,1503680,1222715,1558610,1199917.015,4,2,23
2026-05,MOTHERBOARD,169,1138340,6735.739645,216,209,189,216,204.6666667,201.8333333,14.0118997,7358.888889,7534.289554,-0.077255312,1589520,1516430,1538175,1324648.738,5,2,23
2026-06,MOTHERBOARD,166,1143845,6890.63253,169,216,209,242,198,195.3333333,25.35744467,6735.739645,7096.423227,-0.163193405,1138340,1862340,1410513.333,1364892.488,6,2,23
2026-07,MOTHERBOARD,207,1469650,7099.758454,166,169,216,182,183.6666667,192.6666667,28.04163571,6890.63253,6995.087021,-0.042254869,1143845,1416740,1290568.333,1424589.167,7,3,23
2026-08,MOTHERBOARD,211,1663115,7882.061611,207,166,169,231,180.6666667,192.6666667,22.85461296,7099.758454,6908.71021,-0.035213256,1469650,1677045,1250611.667,1394393.333,8,3,23
2024-07,MOUSE,45,60315,1340.333333,57,61,61,61,59.66666667,63.33333333,2.309401077,1422.719298,1415.387307,0.098225858,81095,81095,84441.66667,84788.33333,7,3,24
2024-08,MOUSE,73,103670,1420.136986,45,57,61,61,54.33333333,58.83333333,8.326663998,1340.333333,1397.247052,-0.039018179,60315,60315,76186.66667,80015,8,3,24
2024-09,MOUSE,65,78300,1204.615385,73,45,57,57,58.33333333,63.66666667,14.04753834,1420.136986,1394.396539,-0.005985586,103670,103670,81693.33333,87904.16667,9,3,24
2024-10,MOUSE,52,72235,1389.134615,65,73,45,45,61,60.33333333,14.4222051,1204.615385,1321.695235,-0.153300735,78300,78300,80761.66667,82601.66667,10,4,24
2024-11,MOUSE,53,66360,1252.075472,52,65,73,73,63.33333333,58.83333333,10.59874206,1389.134615,1337.962329,0.03640981,72235,72235,84735,80460.83333,11,4,24
2024-12,MOUSE,74,99795,1348.581081,53,52,65,65,56.66666667,57.5,7.234178138,1252.075472,1281.941824,-0.118341763,66360,66360,72298.33333,76995.83333,12,4,24
2025-01,MOUSE,53,62490,1179.056604,74,53,52,72,59.66666667,60.33333333,12.42309677,1348.581081,1329.930389,0.119511753,99795,88955,79463.33333,80112.5,1,1,24
2025-02,MOUSE,62,83810,1351.774194,53,74,53,44,60,61.66666667,12.12435565,1179.056604,1259.904386,-0.151229412,62490,56335,76215,80475,2,1,24
2025-03,MOUSE,75,103125,1375,62,53,74,85,63,59.83333333,10.53565375,1351.774194,1293.137293,0.079626767,83810,110115,82031.66667,77165,3,1,24
2025-04,MOUSE,54,69255,1282.5,75,62,53,61,63.33333333,61.5,11.06044002,1375,1301.943599,0.01959016,103125,85080,83141.66667,81302.5,4,2,24
2025-05,MOUSE,59,72760,1233.220339,54,75,62,61,63.66666667,61.83333333,10.59874206,1282.5,1336.424731,0.087734037,69255,87150,85396.66667,80805.83333,5,2,24
2025-06,MOUSE,61,78855,1292.704918,59,54,75,57,62.66666667,62.83333333,10.96965511,1233.220339,1296.90678,-0.08770241,72760,81095,81713.33333,81872.5,6,2,24
2025-07,MOUSE,61,67530,1107.04918,61,59,54,45,58,60.66666667,3.605551275,1292.704918,1269.475086,-0.059850969,78855,60315,73623.33333,78382.5,7,3,24
2025-08,MOUSE,68,93420,1373.823529,61,61,59,73,60.33333333,62,1.154700538,1107.04918,1210.991479,-0.136803758,67530,103670,73048.33333,79222.5,8,3,24
2025-09,MOUSE,56,75455,1347.410714,68,61,61,65,63.33333333,63,4.041451884,1373.823529,1257.859209,0.114013032,93420,78300,79935,80824.16667,9,3,24
2025-10,MOUSE,60,38979.81,649.6635,56,68,61,52,61.66666667,59.83333333,6.027713773,1347.410714,1276.094475,0.042318858,75455,72235,78801.66667,76212.5,10,4,24
2025-11,MOUSE,47,32934.91,700.742766,60,56,68,53,61.33333333,60.83333333,6.110100927,649.6635,1123.632581,-0.413157508,38979.81,66360,69284.93667,71166.635,11,4,24
2025-12,MOUSE,72,58472.32,812.1155556,47,60,56,74,54.33333333,58.83333333,6.658328118,700.742766,899.2723267,-0.489932476,32934.91,99795,49123.24,64529.12,12,4,24
2026-01,MOUSE,68,83635,1229.926471,72,47,60,53,59.66666667,60.66666667,12.50333289,812.1155556,720.8406072,-0.397276905,58472.32,62490,43462.34667,61132.00667,1,1,24
2026-02,MOUSE,52,59440,1143.076923,68,72,47,62,62.33333333,61.83333333,13.42882472,1229.926471,914.2615974,0.893174652,83635,83810,58347.41,63816.17333,2,1,24
2026-03,MOUSE,63,80635,1279.920635,52,68,72,75,64,59.16666667,10.58300524,1143.076923,1061.706316,0.631236138,59440,103125,67182.44,58152.84,3,1,24
2026-04,MOUSE,68,90330,1328.382353,63,52,68,54,61,60.33333333,8.185352772,1279.920635,1217.641343,0.576032655,80635,69255,74570,59016.17333,4,2,24
2026-05,MOUSE,38,60045,1580.131579,68,63,52,59,61,61.66666667,8.185352772,1328.382353,1250.45997,0.080050218,90330,72760,76801.66667,67574.53833,5,2,24
2026-06,MOUSE,52,68640,1320,38,68,63,61,56.33333333,60.16666667,16.07275127,1580.131579,1396.144856,0.382349295,60045,78855,77003.33333,72092.88667,6,2,24
2026-07,MOUSE,63,71745,1138.809524,52,38,68,61,52.66666667,56.83333333,15.011107,1320,1409.504644,0.031313946,68640,67530,73005,73787.5,7,3,24
2026-08,MOUSE,66,88955,1347.80303,63,52,38,68,51,56,12.52996409,1138.809524,1346.313701,-0.142709536,71745,93420,66810,71805.83333,8,3,24
2024-07,NETWORK DEVICE,14,25761,1840.071429,11,15,20,20,15.33333333,17.83333333,4.509249753,1883.909091,1741.580808,0.05916219,20723,20723,26070.33333,30427.5,7,3,25
2024-08,NETWORK DEVICE,13,22804,1754.153846,14,11,15,15,13.33333333,17.5,2.081665999,1840.071429,1863.237951,0.247421482,25761,25761,24823.33333,29888.66667,8,3,25
2024-09,NETWORK DEVICE,14,17042,1217.285714,13,14,11,11,12.66666667,16.83333333,1.527525232,1754.153846,1826.044789,-0.059804628,22804,22804,23096,29429.83333,9,3,25
2024-10,NETWORK DEVICE,19,29653,1560.684211,14,13,14,14,13.66666667,14.5,0.577350269,1217.285714,1603.836996,-0.353851138,17042,17042,21869,23969.66667,10,4,25
2024-11,NETWORK DEVICE,18,35804,1989.111111,19,14,13,13,15.33333333,14.33333333,3.214550254,1560.684211,1510.707924,-0.151834985,29653,29653,23166.33333,23994.83333,11,4,25
2024-12,NETWORK DEVICE,17,28168,1656.941176,18,19,14,14,17,14.83333333,2.645751311,1989.111111,1589.027012,0.133943363,35804,35804,27499.66667,25297.83333,12,4,25
2025-01,NETWORK DEVICE,18,37390,2077.222222,17,18,19,16,18,15.83333333,1,1656.941176,1735.578833,0.361176885,28168,28994,31208.33333,26538.66667,1,1,25
2025-02,NETWORK DEVICE,18,30209,1678.277778,18,17,18,17,17.66666667,16.5,0.577350269,2077.222222,1907.75817,0.330968948,37390,25557,33787.33333,28476.83333,2,1,25
2025-03,NETWORK DEVICE,13,21145,1626.538462,18,18,17,28,17.66666667,17.33333333,0.577350269,1678.277778,1804.147059,-0.156267456,30209,49803,31922.33333,29711,3,1,25
2025-04,NETWORK DEVICE,8,13483,1685.375,13,18,18,20,16.33333333,17.16666667,2.886751346,1626.538462,1794.012821,-0.018348699,21145,29502,29581.33333,30394.83333,4,2,25
2025-05,NETWORK DEVICE,16,24375,1523.4375,8,13,18,15,13,15.33333333,5,1685.375,1663.39708,-0.188640011,13483,27986,21612.33333,27699.83333,5,2,25
2025-06,NETWORK DEVICE,17,28580,1681.176471,16,8,13,11,12.33333333,15,4.041451884,1523.4375,1611.783654,-0.092261412,24375,20723,19667.66667,25795,6,2,25
2025-07,NETWORK DEVICE,15,32973,2198.2,17,16,8,14,13.66666667,15,4.932882862,1681.176471,1629.996324,0.033591587,28580,25761,22146,25863.66667,7,3,25
2025-08,NETWORK DEVICE,20,31457,1572.85,15,17,16,13,16,14.5,1,2198.2,1800.93799,0.304279463,32973,22804,28642.66667,25127.5,8,3,25
2025-09,NETWORK DEVICE,19,31699,1668.368421,20,15,17,14,17.33333333,14.83333333,2.516611478,1572.85,1817.408824,0.032434872,31457,17042,31003.33333,25335.5,9,3,25
2025-10,NETWORK DEVICE,18,8794.15,488.5638889,19,20,15,19,18,15.83333333,2.645751311,1668.368421,1813.139474,-0.007618504,31699,29653,32043,27094.5,10,4,25
2025-11,NETWORK DEVICE,17,8620,507.0588235,18,19,20,18,19,17.5,1,488.5638889,1243.26077,-0.777743659,8794.15,35804,23983.38333,26313.025,11,4,25
2025-12,NETWORK DEVICE,13,5766.55,443.5807692,17,18,19,17,18,17.66666667,1,507.0588235,887.9970445,-0.677617813,8620,28168,16371.05,23687.19167,12,4,25
2026-01,NETWORK DEVICE,21,35979,1713.285714,13,17,18,18,16,17,2.645751311,443.5807692,479.7344939,-0.734123013,5766.55,37390,7726.9,19884.95,1,1,25
2026-02,NETWORK DEVICE,16,18772,1173.25,21,13,17,18,17,18,4,1713.285714,887.9751023,2.506779263,35979,30209,16788.51667,20385.95,2,1,25
2026-03,NETWORK DEVICE,9,17084,1898.222222,16,21,13,13,16.66666667,17.33333333,4.041451884,1173.25,1110.038828,1.313834107,18772,21145,20172.51667,18271.78333,3,1,25
2026-04,NETWORK DEVICE,19,27575,1451.315789,9,16,21,8,15.33333333,15.66666667,6.027713773,1898.222222,1594.919312,3.279315863,17084,13483,23945,15835.95,4,2,25
2026-05,NETWORK DEVICE,15,27572,1838.133333,19,9,16,16,14.66666667,15.83333333,5.131601439,1451.315789,1507.596004,-0.152904984,27575,24375,21143.66667,18966.09167,5,2,25
2026-06,NETWORK DEVICE,11,19064,1733.090909,15,19,9,17,14.33333333,15.5,5.033222957,1838.133333,1729.223782,0.566702181,27572,28580,24077,22124.75833,6,2,25
2026-07,NETWORK DEVICE,16,21734,1358.375,11,15,19,15,15,15.16666667,4,1733.090909,1674.180011,-0.086992614,19064,32973,24737,24341,7,3,25
2026-08,NETWORK DEVICE,22,36739,1669.954545,16,11,15,20,14,14.33333333,2.645751311,1358.375,1643.199747,-0.064038985,21734,31457,22790,21966.83333,8,3,25
2024-07,PC CASE,176,578270,3285.625,169,188,217,217,191.3333333,190.3333333,24.17298768,2981.656805,2866.248374,-0.00714472,503900,503900,546321.6667,559360.8333,7,3,26
2024-08,PC CASE,164,517275,3154.115854,176,169,188,188,177.6666667,188,9.609023537,3285.625,3052.808474,0.205316087,578270,578270,541901.6667,556567.5,8,3,26
2024-09,PC CASE,176,534000,3034.090909,164,176,169,169,169.6666667,187.6666667,6.027713773,3154.115854,3140.465886,0.09095786,517275,517275,533148.3333,561861.6667,9,3,26
2024-10,PC CASE,194,525110,2706.752577,176,164,176,176,172,181.6666667,6.92820323,3034.090909,3157.943921,0.01758556,534000,534000,543181.6667,544751.6667,10,4,26
2024-11,PC CASE,169,487605,2885.236686,194,176,164,164,178,177.8333333,15.09966887,2706.752577,2964.986447,-0.176183351,525110,525110,525461.6667,533681.6667,11,4,26
2024-12,PC CASE,216,660295,3056.921296,169,194,176,176,179.6666667,174.6666667,12.89702808,2885.236686,2875.360058,-0.08524708,487605,487605,515571.6667,524360,12,4,26
2025-01,PC CASE,164,447985,2731.615854,216,169,194,190,193,182.5,23.51595203,3056.921296,2882.970187,0.007524622,660295,595030,557670,550425.8333,1,1,26
2025-02,PC CASE,163,464820,2851.656442,164,216,169,166,183,180.5,28.68797658,2731.615854,2891.257945,0.009185648,447985,485510,531961.6667,528711.6667,2,1,26
2025-03,PC CASE,217,653940,3013.548387,163,164,216,212,181,180.3333333,30.31501278,2851.656442,2880.064531,-0.011638645,464820,636660,524366.6667,519969.1667,3,1,26
2025-04,PC CASE,177,518935,2931.836158,217,163,164,217,181.3333333,187.1666667,30.89228598,3013.548387,2865.606894,-0.014188428,653940,591530,522248.3333,539959.1667,4,2,26
2025-05,PC CASE,211,597380,2831.184834,177,217,163,188,185.6666667,184.3333333,28.02379941,2931.836158,2932.346996,0.073297387,518935,543535,545898.3333,538930,5,2,26
2025-06,PC CASE,174,514055,2954.33908,211,177,217,169,201.6666667,191.3333333,21.57158625,2831.184834,2925.523126,-0.007178848,597380,503900,590085,557225.8333,6,2,26
2025-07,PC CASE,165,547045,3315.424242,174,211,177,176,187.3333333,184.3333333,20.55075019,2954.33908,2905.786691,-0.019647704,514055,578270,543456.6667,532852.5,7,3,26
2025-08,PC CASE,227,698690,3077.929515,165,174,211,164,183.3333333,184.5,24.37895267,3315.424242,3033.649386,0.130835444,547045,517275,552826.6667,549362.5,8,3,26
2025-09,PC CASE,233,690490,2963.476395,227,165,174,176,188.6666667,195.1666667,33.50124376,3077.929515,3115.897613,0.087152445,698690,534000,586596.6667,588340.8333,9,3,26
2025-10,PC CASE,187,283943.11,1518.412353,233,227,165,194,208.3333333,197.8333333,37.64748774,2963.476395,3118.943384,0.003092846,690490,525110,645408.3333,594432.5,10,4,26
2025-11,PC CASE,195,299572.18,1536.26759,187,233,227,169,215.6666667,199.5,25.00666578,1518.412353,2519.939421,-0.542015669,283943.11,487605,557707.7033,555267.185,11,4,26
2025-12,PC CASE,167,313719.52,1878.56,195,187,233,216,205,196.8333333,24.57641145,1536.26759,2006.052113,-0.500876293,299572.18,660295,424668.43,505632.5483,12,4,26
2026-01,PC CASE,174,529730,3044.425287,167,195,187,164,183,195.6666667,14.4222051,1878.56,1644.413314,-0.366095845,313719.52,447985,299078.27,472243.3017,1,1,26
2026-02,PC CASE,199,625670,3144.070352,174,167,195,163,178.6666667,197.1666667,14.571662,3044.425287,2153.084292,1.005005611,529730,464820,381007.2333,469357.4683,2,1,26
2026-03,PC CASE,189,517720,2739.259259,199,174,167,217,180,192.5,16.82260384,3144.070352,2689.018546,1.046564266,625670,653940,489706.5067,457187.4683,3,1,26
2026-04,PC CASE,221,711480,3219.366516,189,199,174,177,187.3333333,185.1666667,12.58305739,2739.259259,2975.918299,0.458169693,517720,518935,557706.6667,428392.4683,4,2,26
2026-05,PC CASE,169,554690,3282.189349,221,189,199,211,203,190.8333333,16.37070554,3219.366516,3034.232042,0.057462809,711480,597380,618290,499648.6167,5,2,26
2026-06,PC CASE,169,513550,3038.757396,169,221,189,174,193,186.5,26.2297541,3282.189349,3080.271708,0.043929996,554690,514055,594630,542168.2533,6,2,26
2026-07,PC CASE,167,469530,2811.556886,169,169,221,165,186.3333333,186.8333333,30.022214,3038.757396,3180.10442,0.109335448,513550,547045,593240,575473.3333,7,3,26
2026-08,PC CASE,222,629230,2834.369369,167,169,169,227,168.3333333,185.6666667,1.154700538,2811.556886,3044.167877,-0.126673874,469530,698690,512590,565440,8,3,26
2024-07,POWER SUPPLY,183,638641,3489.84153,167,190,204,204,187,187.6666667,18.68154169,3470.610778,3563.572392,-0.067146052,579592,579592,666569,664486,7,3,27
2024-08,POWER SUPPLY,176,671995,3818.153409,183,167,190,190,180,186.3333333,11.78982612,3489.84153,3576.977085,0.011657514,638641,638641,644874.6667,663384.1667,8,3,27
2024-09,POWER SUPPLY,149,529641,3554.637584,176,183,167,167,175.3333333,184.5,8.020806277,3818.153409,3592.868573,0.012644139,671995,671995,630076,667677,9,3,27
2024-10,POWER SUPPLY,197,645819,3278.269036,149,176,183,183,169.3333333,178.1666667,17.95364401,3554.637584,3620.877508,0.024210956,529641,529641,613425.6667,639997.3333,10,4,27
2024-11,POWER SUPPLY,159,542102,3409.446541,197,149,176,176,174,177,24.06241883,3278.269036,3550.353343,-0.060625244,645819,645819,615818.3333,630346.5,11,4,27
2024-12,POWER SUPPLY,213,853629,4007.647887,159,197,149,149,168.3333333,171.8333333,25.32455988,3409.446541,3414.11772,-0.107043071,542102,542102,572520.6667,601298.3333,12,4,27
2025-01,POWER SUPPLY,170,533546,3138.505882,213,159,197,191,189.6666667,179.5,27.73685875,4007.647887,3565.121155,0.127442051,853629,645252,680516.6667,646971.1667,1,1,27
2025-02,POWER SUPPLY,163,567900,3484.04908,170,213,159,187,180.6666667,177.3333333,28.5365263,3138.505882,3518.533437,-0.042633216,533546,646238,643092.3333,629455.3333,2,1,27
2025-03,POWER SUPPLY,182,706459,3881.642857,163,170,213,187,182,175.1666667,27.07397274,3484.04908,3543.40095,0.021881129,567900,695719,651691.6667,612106.1667,3,1,27
2025-04,POWER SUPPLY,180,638747,3548.594444,182,163,170,204,171.6666667,180.6666667,9.609023537,3881.642857,3501.399273,-0.031441143,706459,703724,602635,641575.8333,4,2,27
2025-05,POWER SUPPLY,186,703394,3781.688172,180,182,163,190,175,177.8333333,10.44030651,3548.594444,3638.09546,0.130663627,638747,716391,637702,640397.1667,5,2,27
2025-06,POWER SUPPLY,195,700999,3594.866667,186,180,182,167,182.6666667,182.3333333,3.055050463,3781.688172,3737.308491,0.085429076,703394,579592,682866.6667,667279.1667,6,2,27
2025-07,POWER SUPPLY,170,630616,3709.505882,195,186,180,183,187,179.3333333,7.549834435,3594.866667,3641.716428,-0.073880107,700999,638641,681046.6667,641840.8333,7,3,27
2025-08,POWER SUPPLY,218,829346,3804.33945,170,195,186,176,183.6666667,179.3333333,12.66227994,3709.505882,3695.353574,0.045345119,630616,671995,678336.3333,658019.1667,8,3,27
2025-09,POWER SUPPLY,201,714941,3556.920398,218,170,195,149,194.3333333,188.5,24.00694344,3804.33945,3702.904,0.005989726,829346,529641,720320.3333,701593.5,9,3,27
2025-10,POWER SUPPLY,176,439227.93,2495.613239,201,218,170,197,196.3333333,191.6666667,24.33789912,3556.920398,3690.255243,-0.010555682,714941,645819,724967.6667,703007.1667,10,4,27
2025-11,POWER SUPPLY,208,535215.04,2573.149231,176,201,218,159,198.3333333,191,21.1266025,2495.613239,3285.624362,-0.327238366,439227.93,542102,661171.6433,669753.9883,11,4,27
2025-12,POWER SUPPLY,172,445933.02,2592.633837,208,176,201,213,195,194.6666667,16.82260384,2573.149231,2875.227622,-0.323627856,535215.04,853629,563127.99,641724.1617,12,4,27
2026-01,POWER SUPPLY,195,655537,3361.728205,172,208,176,170,185.3333333,190.8333333,19.73153145,2592.633837,2553.798769,-0.27110153,445933.02,533546,473458.6633,599213.165,1,1,27
2026-02,POWER SUPPLY,191,749420,3923.664921,195,172,208,163,191.6666667,195,18.23001189,3361.728205,2842.503758,0.347054966,655537,567900,545561.6867,603366.665,2,1,27
2026-03,POWER SUPPLY,210,762066,3628.885714,191,195,172,182,186,190.5,12.28820573,3923.664921,3292.675655,0.524849346,749420,706459,616963.34,590045.665,3,1,27
2026-04,POWER SUPPLY,195,706903,3625.14359,210,191,195,180,198.6666667,192,10.0166528,3628.885714,3638.092947,0.399690794,762066,638747,722341,597899.8317,4,2,27
2026-05,POWER SUPPLY,175,608128,3475.017143,195,210,191,186,198.6666667,195.1666667,10.0166528,3625.14359,3725.898075,0.078357133,706903,703394,739463,642512.3433,5,2,27
2026-06,POWER SUPPLY,165,617108,3740.048485,175,195,210,195,193.3333333,189.6666667,17.55942292,3475.017143,3576.348816,-0.11434406,608128,700999,692365.6667,654664.5033,6,2,27
2026-07,POWER SUPPLY,198,641043,3237.590909,165,175,195,170,178.3333333,188.5,15.27525232,3740.048485,3613.403072,0.030632756,617108,630616,644046.3333,683193.6667,7,3,27
2026-08,POWER SUPPLY,241,876094,3635.244813,198,165,175,218,179.3333333,189,16.92138686,3237.590909,3484.218846,-0.10690685,641043,829346,622093,680778,8,3,27
2024-07,PRINTER AND SCANNER,9,55540,6171.111111,6,4,6,6,5.333333333,5.5,1.154700538,7143.333333,5717.222222,0.690507494,42860,42860,31881.66667,30181.66667,7,3,28
2024-08,PRINTER AND SCANNER,4,22180,5545,9,6,4,4,6.333333333,6.333333333,2.516611478,6171.111111,5648.981481,-0.032109092,55540,55540,37643.33333,34605,8,3,28
2024-09,PRINTER AND SCANNER,7,38745,5535,4,9,6,6,6.333333333,6.333333333,2.516611478,5545,6286.481481,0.526496903,22180,22180,40193.33333,35232.5,9,3,28
2024-10,PRINTER AND SCANNER,4,30860,7715,7,4,9,9,6.666666667,6,2.516611478,5535,5750.37037,-0.225151657,38745,38745,38821.66667,35351.66667,10,4,28
2024-11,PRINTER AND SCANNER,7,52030,7432.857143,4,7,4,4,5,5.666666667,1.732050808,7715,6265,0.25018005,30860,30860,30595,34119.16667,11,4,28
2024-12,PRINTER AND SCANNER,9,58230,6470,7,4,7,7,6,6.166666667,1.732050808,7432.857143,6894.285714,0.340461162,52030,52030,40545,40369.16667,12,4,28
2025-01,PRINTER AND SCANNER,4,22180,5545,9,7,4,4,6.666666667,6.666666667,2.516611478,6470,7205.952381,0.168925023,58230,29000,47040,42930.83333,1,1,28
2025-02,PRINTER AND SCANNER,7,42130,6018.571429,4,9,7,4,6.666666667,5.833333333,2.516611478,5545,6482.619048,-0.281270253,22180,18415,44146.66667,37370.83333,2,1,28
2025-03,PRINTER AND SCANNER,6,36515,6085.833333,7,4,9,9,6.666666667,6.333333333,2.516611478,6018.571429,6011.190476,-0.190274841,42130,38030,40846.66667,40695.83333,3,1,28
2025-04,PRINTER AND SCANNER,6,27835,4639.166667,6,7,4,6,5.666666667,6.166666667,1.527525232,6085.833333,5883.134921,-0.05937661,36515,38255,33608.33333,40324.16667,4,2,28
2025-05,PRINTER AND SCANNER,12,91655,7637.916667,6,6,7,4,6.333333333,6.5,0.577350269,4639.166667,5581.190476,-0.163360385,27835,14530,35493.33333,39820,5,2,28
2025-06,PRINTER AND SCANNER,9,46710,5190,12,6,6,6,8,7.333333333,3.464101615,7637.916667,6120.972222,0.269058074,91655,42860,52001.66667,46424.16667,6,2,28
2025-07,PRINTER AND SCANNER,5,21840,4368,9,12,6,9,9,7.333333333,3,5190,5822.361111,-0.147199781,46710,55540,55400,44504.16667,7,3,28
2025-08,PRINTER AND SCANNER,6,42410,7068.333333,5,9,12,4,8.666666667,7.5,3.511884584,4368,5731.972222,-0.05845159,21840,22180,53401.66667,44447.5,8,3,28
2025-09,PRINTER AND SCANNER,7,55060,7865.714286,6,5,9,7,6.666666667,7.333333333,2.081665999,7068.333333,5542.111111,-0.074573127,42410,38745,36986.66667,44494.16667,9,3,28
2025-10,PRINTER AND SCANNER,7,59765,8537.857143,7,6,5,4,6,7.5,1,7865.714286,6434.015873,0.515551885,55060,30860,39770,47585,10,4,28
2025-11,PRINTER AND SCANNER,10,85707.33,8570.733,7,7,6,7,6.666666667,7.666666667,0.577350269,8537.857143,7823.968254,0.954637624,59765,52030,52411.66667,52906.66667,11,4,28
2025-12,PRINTER AND SCANNER,5,40660,8132,10,7,7,9,8,7.333333333,1.732050808,8570.733,8324.768143,0.212553596,85707.33,58230,66844.11,51915.38833,12,4,28
2026-01,PRINTER AND SCANNER,6,32630,5438.333333,5,10,7,4,7.333333333,6.666666667,2.516611478,8132,8413.530048,0.033853977,40660,22180,62044.11,50907.055,1,1,28
2026-02,PRINTER AND SCANNER,6,41215,6869.166667,6,5,10,7,7,6.833333333,2.645751311,5438.333333,7380.355444,-0.36303299,32630,42130,52999.11,52705.38833,2,1,28
2026-03,PRINTER AND SCANNER,6,42955,7159.166667,6,6,5,6,5.666666667,6.833333333,0.577350269,6869.166667,6813.166667,-0.198532183,41215,36515,38168.33333,52506.22167,3,1,28
2026-04,PRINTER AND SCANNER,3,14990,4996.666667,6,6,6,6,6,6.666666667,0,7159.166667,6488.888889,-0.119630267,42955,27835,38933.33333,50488.72167,4,2,28
2026-05,PRINTER AND SCANNER,5,26270,5254,3,6,6,12,5,6,1.732050808,4996.666667,6341.666667,-0.081213607,14990,91655,33053.33333,43026.22167,5,2,28
2026-06,PRINTER AND SCANNER,8,45390,5673.75,5,3,6,9,4.666666667,5.166666667,1.527525232,5254,5803.277778,-0.23513284,26270,46710,28071.66667,33120,6,2,28
2026-07,PRINTER AND SCANNER,8,45390,5673.75,8,5,3,5,5.333333333,5.666666667,2.516611478,5673.75,5308.138889,-0.207484577,45390,21840,28883.33333,33908.33333,7,3,28
2026-08,PRINTER AND SCANNER,5,38440,7688,8,8,5,6,7,6,1.732050808,5673.75,5533.833333,0.135507005,45390,42410,39016.66667,36035,8,3,28
2024-07,PROCESSOR,210,2644755,12594.07143,201,195,183,183,193,196.6666667,9.16515139,12885.29851,12653.46142,0.025787876,2589945,2589945,2441456.667,2485514.167,7,3,29
2024-08,PROCESSOR,177,2394200,13526.55367,210,201,195,195,202,199.8333333,7.549834435,12594.07143,12539.90964,-0.026336493,2644755,2644755,2534023.333,2514810,8,3,29
2024-09,PROCESSOR,210,2806030,13362.04762,177,210,201,201,196,200,17.05872211,13526.55367,13001.97454,0.114180701,2394200,2394200,2542966.667,2550447.5,9,3,29
2024-10,PROCESSOR,207,2669765,12897.41546,210,177,210,210,199,196,19.05255888,13362.04762,13160.89091,0.036999462,2806030,2806030,2614995,2528225.833,10,4,29
2024-11,PROCESSOR,177,2503805,14145.79096,207,210,177,177,198,200,18.24828759,12897.41546,13262.00558,0.024086256,2669765,2669765,2623331.667,2578677.5,11,4,29
2024-12,PROCESSOR,203,2407105,11857.6601,177,207,210,210,198,197,18.24828759,14145.79096,13468.41801,0.045779384,2503805,2503805,2659866.667,2601416.667,12,4,29
2025-01,PROCESSOR,166,2195855,13228.04217,203,177,207,191,195.6666667,197.3333333,16.28905563,11857.6601,12966.95551,-0.112586601,2407105,2468980,2526891.667,2570943.333,1,1,29
2025-02,PROCESSOR,193,2217260,11488.39378,166,203,177,176,182,190,19,13228.04217,13077.16441,0.025635114,2195855,2180375,2368921.667,2496126.667,2,1,29
2025-03,PROCESSOR,243,3113865,12814.25926,193,166,203,234,187.3333333,192.6666667,19.13983629,11488.39378,12191.36535,-0.187857801,2217260,2939360,2273406.667,2466636.667,3,1,29
2025-04,PROCESSOR,183,2244820,12266.77596,243,193,166,183,200.6666667,198.1666667,39.06831623,12814.25926,12510.23174,0.080673518,3113865,2367055,2508993.333,2517942.5,4,2,29
2025-05,PROCESSOR,171,2104160,12305.02924,183,243,193,195,206.3333333,194.1666667,32.14550254,12266.77596,12189.80967,-0.07266882,2244820,2367370,2525315,2447118.333,5,2,29
2025-06,PROCESSOR,180,2406105,13367.25,171,183,243,201,199,193.1666667,38.57460304,12305.02924,12462.02149,0.071083519,2104160,2589945,2487615,2380510.833,6,2,29
2025-07,PROCESSOR,182,2435400,13381.31868,180,171,183,210,178,189.3333333,6.244997998,13367.25,12646.35173,0.043154327,2406105,2644755,2251695,2380344.167,7,3,29
2025-08,PROCESSOR,225,2805270,12467.86667,182,180,171,177,177.6666667,192,5.859465277,13381.31868,13017.86597,0.090858652,2435400,2394200,2315221.667,2420268.333,8,3,29
2025-09,PROCESSOR,202,2726340,13496.73267,225,182,180,210,195.6666667,197.3333333,25.42308662,12467.86667,13072.14512,0.013233404,2805270,2806030,2548925,2518270,9,3,29
2025-10,PROCESSOR,184,1141861.57,6205.769402,202,225,182,207,203,190.5,21.51743479,13496.73267,13115.30601,0.00968656,2726340,2669765,2655670,2453682.5,10,4,29
2025-11,PROCESSOR,197,1335066.32,6776.986396,184,202,225,177,203.6666667,190.6666667,20.55075019,6205.769402,10723.45625,-0.536236334,1141861.57,2503805,2224490.523,2269856.095,11,4,29
2025-12,PROCESSOR,172,1327613.47,7718.682965,197,184,202,203,194.3333333,195,9.291573243,6776.986396,8826.496157,-0.456443786,1335066.32,2407105,1734422.63,2141673.815,12,4,29
2026-01,PROCESSOR,204,2852740,13984.01961,172,197,184,166,184.3333333,193.6666667,12.50333289,7718.682965,6900.479588,-0.428107294,1327613.47,2195855,1268180.453,1961925.227,1,1,29
2026-02,PROCESSOR,188,2365490,12582.39362,204,172,197,193,191,197.3333333,16.82260384,13984.01961,9493.229656,1.253390144,2852740,2217260,1838473.263,2031481.893,2,1,29
2026-03,PROCESSOR,174,2106665,12107.27011,188,204,172,243,188,191.1666667,16,12582.39362,11428.3654,0.856635513,2365490,3113865,2181947.823,1958185.227,3,1,29
2026-04,PROCESSOR,201,2565420,12763.28358,174,188,204,183,188.6666667,186.5,15.011107,12107.27011,12891.22778,0.568566836,2106665,2244820,2441631.667,1854906.06,4,2,29
2026-05,PROCESSOR,180,2591580,14397.66667,201,174,188,171,187.6666667,189.3333333,13.50308607,12763.28358,12484.31577,-0.087295074,2565420,2104160,2345858.333,2092165.798,5,2,29
2026-06,PROCESSOR,162,2356740,14547.77778,180,201,174,180,185,186.5,14.17744688,14397.66667,13089.40679,0.144270884,2591580,2406105,2421221.667,2301584.745,6,2,29
2026-07,PROCESSOR,176,2451385,13928.32386,162,180,201,182,181,184.8333333,19.5192213,14547.77778,13902.90934,0.201573735,2356740,2435400,2504580,2473105.833,7,3,29
2026-08,PROCESSOR,202,2508140,12416.53465,176,162,180,225,172.6666667,180.1666667,9.451631253,13928.32386,14291.2561,0.091280608,2451385,2805270,2466568.333,2406213.333,8,3,29
2024-07,SOLID STATE DRIVE,256,1316835,5143.886719,238,220,234,234,230.6666667,239.8333333,9.451631253,5146.806723,4960.113637,0.106983176,1224940,1224940,1144811.667,1169909.167,7,3,30
2024-08,SOLID STATE DRIVE,193,926720,4801.658031,256,238,220,220,238,237.3333333,18,5143.886719,5052.897814,0.057209038,1316835,1316835,1204245,1169783.333,8,3,30
2024-09,SOLID STATE DRIVE,255,1255040,4921.72549,193,256,238,238,229,233.1666667,32.44996148,4801.658031,5030.783824,-0.013628178,926720,926720,1156165,1146255.833,9,3,30
2024-10,SOLID STATE DRIVE,273,1286895,4713.901099,255,193,256,256,234.6666667,232.6666667,36.08785576,4921.72549,4955.756747,-0.04373221,1255040,1255040,1166198.333,1155505,10,4,30
2024-11,SOLID STATE DRIVE,228,1176380,5159.561404,273,255,193,193,240.3333333,239.1666667,41.96824196,4713.901099,4812.428207,-0.08359158,1286895,1286895,1156218.333,1180231.667,11,4,30
2024-12,SOLID STATE DRIVE,265,1338535,5051.075472,228,273,255,255,252,240.5,22.64950331,5159.561404,4931.729331,0.074537456,1176380,1176380,1239438.333,1197801.667,12,4,30
2025-01,SOLID STATE DRIVE,212,961525,4535.495283,265,228,273,271,255.3333333,245,24.00694344,5051.075472,4974.845991,0.02628143,1338535,1317590,1267270,1216734.167,1,1,30
2025-02,SOLID STATE DRIVE,211,1011960,4796.018957,212,265,228,218,235,237.6666667,27.18455444,4535.495283,4915.377386,-0.037846746,961525,1067885,1158813.333,1157515.833,2,1,30
2025-03,SOLID STATE DRIVE,232,1190465,5131.314655,211,212,265,258,229.3333333,240.6666667,30.89228598,4796.018957,4794.196571,-0.070459951,1011960,1199545,1104006.667,1171722.5,3,1,30
2025-04,SOLID STATE DRIVE,215,1020335,4745.744186,232,211,212,234,218.3333333,236.8333333,11.8462371,5131.314655,4820.942965,0.015885564,1190465,1138535,1054650,1160960,4,2,30
2025-05,SOLID STATE DRIVE,236,1132430,4798.432203,215,232,211,220,219.3333333,227.1666667,11.15048579,4745.744186,4891.025933,0.046356327,1020335,1070960,1074253.333,1116533.333,5,2,30
2025-06,SOLID STATE DRIVE,280,1398315,4993.982143,236,215,232,238,227.6666667,228.5,11.15048579,4798.432203,4891.830348,0.000503177,1132430,1224940,1114410,1109208.333,6,2,30
2025-07,SOLID STATE DRIVE,205,1007435,4914.317073,280,236,215,256,243.6666667,231,33.17127271,4993.982143,4846.052844,-0.026763612,1398315,1316835,1183693.333,1119171.667,7,3,30
2025-08,SOLID STATE DRIVE,274,1361670,4969.59854,205,280,236,193,240.3333333,229.8333333,37.68730998,4914.317073,4902.243806,0.035520854,1007435,926720,1179393.333,1126823.333,8,3,30
2025-09,SOLID STATE DRIVE,210,1032780,4918,274,205,280,255,253,240.3333333,41.67733197,4969.59854,4959.299252,0.035671305,1361670,1255040,1255806.667,1185108.333,9,3,30
2025-10,SOLID STATE DRIVE,270,578119.15,2141.182037,210,274,205,273,229.6666667,236.6666667,38.47510017,4918,4933.971871,-0.015214741,1032780,1286895,1133961.667,1158827.5,10,4,30
2025-11,SOLID STATE DRIVE,263,676559.42,2572.469278,270,210,274,228,251.3333333,245.8333333,35.85154576,2141.182037,4009.593526,-0.564297133,578119.15,1176380,990856.3833,1085124.858,11,4,30
2025-12,SOLID STATE DRIVE,197,607887.43,3085.722995,263,270,210,265,247.6666667,250.3333333,32.80751946,2572.469278,3210.550438,-0.482358734,676559.42,1338535,762486.19,1009146.428,12,4,30
2026-01,SOLID STATE DRIVE,216,1109540,5136.759259,197,263,270,212,243.3333333,236.5,40.27819923,3085.722995,2599.791437,-0.372565475,607887.43,961525,620855.3333,877408.5,1,1,30
2026-02,SOLID STATE DRIVE,235,1163660,4951.744681,216,197,263,211,225.3333333,238.3333333,33.97548136,5136.759259,3598.317177,1.399029681,1109540,1011960,797995.6167,894426,2,1,30
2026-03,SOLID STATE DRIVE,219,1044120,4767.671233,235,216,197,232,216,231.8333333,19,4951.744681,4391.408978,0.924899444,1163660,1190465,960362.4767,861424.3333,3,1,30
2026-04,SOLID STATE DRIVE,255,1167090,4576.823529,219,235,216,215,223.3333333,233.3333333,10.21436896,4767.671233,4952.058391,0.545074279,1044120,1020335,1105773.333,863314.3333,4,2,30
2026-05,SOLID STATE DRIVE,198,954425,4820.328283,255,219,235,236,236.3333333,230.8333333,18.03699901,4576.823529,4765.413148,-0.10900564,1167090,1132430,1124956.667,961476.1417,5,2,30
2026-06,SOLID STATE DRIVE,221,1116060,5050.045249,198,255,219,280,224,220,28.82707061,4820.328283,4721.607682,-0.026539413,954425,1398315,1055211.667,1007787.072,6,2,30
2026-07,SOLID STATE DRIVE,232,1174000,5060.344828,221,198,255,205,224.6666667,224,28.67635495,5050.045249,4815.732354,0.059226822,1116060,1007435,1079191.667,1092482.5,7,3,30
2026-08,SOLID STATE DRIVE,264,1322805,5010.625,232,221,198,274,217,226.6666667,17.34935157,5060.344828,4976.90612,0.105645607,1174000,1361670,1081495,1103225.833,8,3,30
2024-07,SPEAKER,4,10040,2510,7,2,1,1,3.333333333,3,3.214550254,1858.571429,3627.02381,0.230842006,13010,13010,8701.666667,6112.5,7,3,31
2024-08,SPEAKER,3,7585,2528.333333,4,7,2,2,4.333333333,3,2.516611478,2510,2813.690476,-0.492929293,10040,10040,10398.33333,7030.833333,8,3,31
2024-09,SPEAKER,1,950,950,3,4,7,7,4.666666667,2.833333333,2.081665999,2528.333333,2298.968254,-0.379169224,7585,7585,10211.66667,7288.333333,9,3,31
2024-10,SPEAKER,2,2335,1167.5,1,3,4,4,2.666666667,3,1.527525232,950,1996.111111,-0.488854727,950,950,6191.666667,7446.666667,10,4,31
2024-11,SPEAKER,2,4880,2440,2,1,3,3,2,3.166666667,1,1167.5,1548.611111,-0.534860558,2335,2335,3623.333333,7010.833333,11,4,31
2024-12,SPEAKER,4,6025,1506.25,2,2,1,1,1.666666667,3.166666667,0.577350269,2440,1519.166667,-0.034937376,4880,4880,2721.666667,6466.666667,12,4,31
2025-01,SPEAKER,3,9095,3031.666667,4,2,2,4,2.666666667,2.666666667,1.154700538,1506.25,1704.583333,0.585526316,6025,4530,4413.333333,5302.5,1,1,31
2025-02,SPEAKER,7,10105,1443.571429,3,4,2,4,3,2.5,1,3031.666667,2325.972222,1.596716631,9095,6040,6666.666667,5145,2,1,31
2025-03,SPEAKER,5,14465,2893,7,3,4,0,4.666666667,3.166666667,2.081665999,1443.571429,1993.829365,-0.408372365,10105,0,8408.333333,5565,3,1,31
2025-04,SPEAKER,4,10040,2510,5,7,3,1,5,3.833333333,2,2893,2456.079365,0.9206639,14465,4950,11221.66667,7817.5,4,2,31
2025-05,SPEAKER,5,16220,3244,4,5,7,2,5.333333333,4.166666667,1.527525232,2510,2282.190476,-0.172072567,10040,8145,11536.66667,9101.666667,5,2,31
2025-06,SPEAKER,1,650,650,5,4,5,7,4.666666667,4.666666667,0.577350269,3244,2882.333333,1.247204354,16220,13010,13575,10991.66667,6,2,31
2025-07,SPEAKER,1,210,210,1,5,4,4,3.333333333,4.166666667,2.081665999,650,2134.666667,-0.775319737,650,10040,8970,10095.83333,7,3,31
2025-08,SPEAKER,6,8675,1445.833333,1,1,5,3,2.333333333,3.833333333,2.309401077,210,1368,-0.916334661,210,7585,5693.333333,8615,8,3,31
2025-09,SPEAKER,6,9585,1597.5,6,1,1,1,2.666666667,3.666666667,2.886751346,1445.833333,768.6111111,-0.554305384,8675,950,3178.333333,8376.666667,9,3,31
2025-10,SPEAKER,7,9310.85,1330.121429,6,6,1,2,4.333333333,3.833333333,2.886751346,1597.5,1084.444444,1.457692308,9585,2335,6156.666667,7563.333333,10,4,31
2025-11,SPEAKER,1,820,820,7,6,6,2,6.333333333,4.333333333,0.577350269,1330.121429,1457.818254,5.333911565,9310.85,4880,9190.283333,7441.808333,11,4,31
2025-12,SPEAKER,2,1640,820,1,7,6,4,4.666666667,3.666666667,3.214550254,820,1249.207143,-0.432853026,820,6025,6571.95,4875.141667,12,4,31
2026-01,SPEAKER,2,8145,4072.5,2,1,7,3,3.333333333,3.833333333,3.214550254,820,990.0404762,-0.486697966,1640,9095,3923.616667,5040.141667,1,1,31
2026-02,SPEAKER,1,650,650,2,2,1,7,1.666666667,4,0.577350269,4072.5,1904.166667,2.061750538,8145,10105,3535,6362.641667,2,1,31
2026-03,SPEAKER,6,19415,3235.833333,1,2,2,5,1.666666667,3.166666667,0.577350269,650,1847.5,-0.207317073,650,14465,3478.333333,5025.141667,3,1,31
2026-04,SPEAKER,5,4450,890,6,1,2,4,3,3.166666667,2.645751311,3235.833333,2652.777778,2.946138211,19415,10040,9403.333333,6663.475,4,2,31
2026-05,SPEAKER,4,3495,873.75,5,6,1,5,4,2.833333333,2.645751311,890,1591.944444,-0.781461019,4450,16220,8171.666667,5853.333333,5,2,31
2026-06,SPEAKER,0,0,873.75,4,5,6,1,5,3.333333333,1,873.75,1666.527778,0.344230769,3495,650,9120,6299.166667,6,2,31
2026-07,SPEAKER,11,30915,2810.454545,0,4,5,1,3,3,2.645751311,873.75,879.1666667,-0.729976822,0,210,2648.333333,6025.833333,7,3,31
2026-08,SPEAKER,3,6855,2285,11,0,4,6,5,4.5,5.567764363,2810.454545,1519.318182,2.157814096,30915,8675,11470,9820.833333,8,3,31
2024-07,UPS & AVR,28,39250,1401.785714,29,20,30,30,26.33333333,27,5.507570547,1475.862069,1444.454023,-0.033661741,42800,42800,38333.33333,37025,7,3,32
2024-08,UPS & AVR,24,20700,862.5,28,29,20,20,25.66666667,26.83333333,4.932882862,1401.785714,1410.049261,-0.068580921,39250,39250,36366.66667,38483.33333,8,3,32
2024-09,UPS & AVR,32,45350,1417.1875,24,28,29,29,27,27.33333333,2.645751311,862.5,1246.715928,-0.362292052,20700,20700,34250,37558.33333,9,3,32
2024-10,UPS & AVR,32,36350,1135.9375,32,24,28,28,28,27.16666667,4,1417.1875,1227.157738,-0.039756133,45350,45350,35100,36716.66667,10,4,32
2024-11,UPS & AVR,21,30750,1464.285714,32,32,24,24,29.33333333,27.5,4.618802154,1135.9375,1138.541667,-0.189649682,36350,36350,34133.33333,35250,11,4,32
2024-12,UPS & AVR,31,42100,1358.064516,21,32,32,32,28.33333333,27.66666667,6.350852961,1464.285714,1339.136905,0.697722567,30750,30750,37483.33333,35866.66667,12,4,32
2025-01,UPS & AVR,20,24650,1232.5,31,21,32,29,28,28,6.08276253,1358.064516,1319.429243,-0.041718533,42100,30500,36400,35750,1,1,32
2025-02,UPS & AVR,31,46150,1488.709677,20,31,21,21,24,26.66666667,6.08276253,1232.5,1351.616743,0.085006878,24650,26250,32500,33316.66667,2,1,32
2025-03,UPS & AVR,24,35100,1462.5,31,20,31,33,27.33333333,27.83333333,6.350852961,1488.709677,1359.758065,0.01667978,46150,50400,37633.33333,37558.33333,3,1,32
2025-04,UPS & AVR,16,21700,1356.25,24,31,20,30,25,26.5,5.567764363,1462.5,1394.569892,0.076900238,35100,45150,35300,35850,4,2,32
2025-05,UPS & AVR,29,39650,1367.241379,16,24,31,20,23.66666667,23.83333333,7.505553499,1356.25,1435.819892,0.10040568,21700,27050,34316.66667,33408.33333,5,2,32
2025-06,UPS & AVR,27,31800,1177.777778,29,16,24,29,23,25.16666667,6.557438524,1367.241379,1395.33046,-0.081593006,39650,42800,32150,34891.66667,6,2,32
2025-07,UPS & AVR,28,35350,1262.5,27,29,16,28,24,24.5,7,1177.777778,1300.423052,-0.194681861,31800,39250,31050,33175,7,3,32
2025-08,UPS & AVR,22,26350,1197.727273,28,27,29,24,28,25.83333333,1,1262.5,1269.173052,-0.069124424,35350,20700,35600,34958.33333,8,3,32
2025-09,UPS & AVR,17,22400,1317.647059,22,28,27,32,25.66666667,24.33333333,3.214550254,1197.727273,1212.66835,-0.123982575,26350,45350,31166.66667,31658.33333,9,3,32
2025-10,UPS & AVR,57,53673,941.6315789,17,22,28,32,22.33333333,23.16666667,5.507570547,1317.647059,1259.291444,0.118756937,22400,36350,28033.33333,29541.66667,10,4,32
2025-11,UPS & AVR,30,31261,1042.033333,57,17,22,21,32,30,21.79449472,941.6315789,1152.335303,-0.254153205,53673,30750,34141,34870.5,11,4,32
2025-12,UPS & AVR,29,22031.5,759.7068966,30,57,17,31,34.66666667,30.16666667,20.40424792,1042.033333,1100.437324,-0.129991145,31261,42100,35778,33472.33333,12,4,32
2026-01,UPS & AVR,23,34400,1495.652174,29,30,57,20,38.66666667,30.5,15.88500341,759.7068966,914.4572696,-0.42343673,22031.5,24650,35655.16667,31844.25,1,1,32
2026-02,UPS & AVR,32,40700,1271.875,23,29,30,31,27.33333333,29.66666667,3.785938897,1495.652174,1099.130801,0.588362378,34400,46150,29230.83333,31685.91667,2,1,32
2026-03,UPS & AVR,30,47250,1575,32,23,29,24,28,31.33333333,4.582575695,1271.875,1175.74469,0.220570359,40700,35100,32377.16667,34077.58333,3,1,32
2026-04,UPS & AVR,36,51150,1420.833333,30,32,23,16,28.33333333,33.5,4.725815626,1575,1447.509058,1.073167964,47250,21700,40783.33333,38219.25,4,2,32
2026-05,UPS & AVR,23,30200,1313.043478,36,30,32,29,32.66666667,30,3.055050463,1420.833333,1422.569444,-0.050024225,51150,39650,46366.66667,37798.75,5,2,32
2026-06,UPS & AVR,22,31450,1429.545455,23,36,30,27,29.66666667,28.83333333,6.506407099,1313.043478,1436.292271,0.032368337,30200,31800,42866.66667,37621.91667,6,2,32
2026-07,UPS & AVR,15,21000,1400,22,23,36,28,27,27.66666667,7.810249676,1429.545455,1387.807422,-0.092352092,31450,35350,37600,39191.66667,7,3,32
2026-08,UPS & AVR,26,33950,1305.769231,15,22,23,22,20,26.33333333,4.358898944,1400,1380.862978,-0.014662757,21000,26350,27550,36958.33333,8,3,32
